exp_id,dataset,partition,seed,method,alpha,run_id,BA,ASR,ASR_before,asr_reduction,cf0_available,cf0_BA,cf0_ASR,history_rounds,history_every,global_u_norm,global_dm_norm,global_cos_u_negdm,global_rho,global_resid_frac,global_cos_u_dr,global_cos_u_d,global_d_norm,global_rel_dist_cf,conv1_u_norm,conv1_dm_norm,conv1_cos_u_negdm,conv1_rho,conv1_resid_frac,conv1_energy,conv1_cos_u_dr,conv1_cos_u_d,conv1_d_norm,conv1_rel_dist_cf,conv2_u_norm,conv2_dm_norm,conv2_cos_u_negdm,conv2_rho,conv2_resid_frac,conv2_energy,conv2_cos_u_dr,conv2_cos_u_d,conv2_d_norm,conv2_rel_dist_cf,fc1_u_norm,fc1_dm_norm,fc1_cos_u_negdm,fc1_rho,fc1_resid_frac,fc1_energy,fc1_cos_u_dr,fc1_cos_u_d,fc1_d_norm,fc1_rel_dist_cf,fc2_u_norm,fc2_dm_norm,fc2_cos_u_negdm,fc2_rho,fc2_resid_frac,fc2_energy,fc2_cos_u_dr,fc2_cos_u_d,fc2_d_norm,fc2_rel_dist_cf
cifar10_iid,cifar10,iid,0,short_retrain,0.25,cifar10_iid/seed0/short_retrain_alpha0.25,0.6916,0.9125555555555556,0.9093333333333333,-0.0032222222222222374,True,0.6902,0.8803333333333333,20,2,1.8212289810180664,0.9090269804000854,-0.056173209100961685,-0.11253544688224792,0.9984206557273865,0.6057453155517578,-0.030327901244163513,4.090981483459473,1.106882929801941,0.5004099607467651,0.16612116992473602,-0.6228824853897095,-1.876320242881775,0.7823153734207153,0.07549256866700046,0.944208562374115,0.21783612668514252,0.39181673526763916,1.4403817653656006,0.6902651786804199,0.30258744955062866,-0.30111151933670044,-0.686897337436676,0.953588604927063,0.14364291434700313,0.7915140986442566,0.07498805969953537,0.9947196841239929,1.1736541986465454,1.5183436870574951,0.8048210144042969,0.04042458534240723,0.0762593075633049,0.9991804957389832,0.6950330844506316,0.4716013967990875,-0.05043159797787666,3.728188991546631,1.098608374595642,0.5335769653320312,0.24383461475372314,-0.21309594810009003,-0.4663124084472656,0.9770312309265137,0.08583144152004035,0.8029021620750427,-0.04994495213031769,1.3014878034591675,1.0995596647262573
cifar10_iid,cifar10,iid,0,federaser,0.25,cifar10_iid/seed0/federaser_alpha0.25,0.4247,0.4102222222222222,0.9093333333333333,0.4991111111111111,True,0.6902,0.8803333333333333,20,2,9.443808555603027,0.9090269804000854,0.21633842587471008,2.2473793029785156,0.9763227701187134,-0.8001042604446411,0.13971085846424103,4.090981483459473,2.3840956687927246,3.6964850425720215,0.16612116992473602,0.6675010323524475,14.853055000305176,0.7446088790893555,0.1531976675555884,-0.9655446410179138,-0.17363235354423523,0.39181673526763916,9.658191680908203,4.207905292510986,0.30258744955062866,0.3681776523590088,5.120022296905518,0.9297557473182678,0.19852104277568036,-0.8961499333381653,-0.0016518629854544997,0.9947196841239929,4.348439693450928,6.820923328399658,0.8048210144042969,0.12835188210010529,1.0877337455749512,0.9917312264442444,0.5216515998196153,-0.6704924702644348,0.20450547337532043,3.728188991546631,1.897104024887085,3.360706329345703,0.24383461475372314,0.3342675566673279,4.607120037078857,0.9424784183502197,0.12662968984911596,-0.9206346273422241,0.10414797067642212,1.3014878034591675,2.6701900959014893
cifar10_iid,cifar10,iid,0,grad_negation,0.25,cifar10_iid/seed0/grad_negation_alpha0.25,0.6874,0.9114444444444444,0.9093333333333333,-0.0021111111111110636,True,0.6902,0.8803333333333333,20,2,2.3330302238464355,0.9090269804000854,-0.06075447052717209,-0.1559172421693802,0.9981524348258972,0.4762374758720398,-0.020189492031931877,4.090981483459473,1.161144495010376,0.6187351942062378,0.16612116992473602,-0.5403189063072205,-2.012472152709961,0.8414601683616638,0.07033051960497982,0.8511433005332947,0.23379065096378326,0.39181673526763916,1.6599148511886597,1.1032741069793701,0.30258744955062866,-0.2551257014274597,-0.9302209615707397,0.9669076204299927,0.22361521395700135,0.5202040672302246,0.04783978313207626,0.9947196841239929,1.4574114084243774,1.8597753047943115,0.8048210144042969,0.023864930495619774,0.055143944919109344,0.9997128844261169,0.6354309108005436,0.38235148787498474,-0.04032961651682854,3.728188991546631,1.1353793144226074,0.6200215220451355,0.24383461475372314,-0.15782856941223145,-0.4013258218765259,0.9874664545059204,0.07062326256241723,0.5816174745559692,-0.027569016441702843,1.3014878034591675,1.119472861289978
cifar10_iid,cifar10,iid,0,full_retrain,0.25,cifar10_iid/seed0/full_retrain_alpha0.25,0.6858,0.8812222222222222,0.9093333333333333,0.028111111111111087,True,0.6902,0.8803333333333333,20,2,24.371686935424805,0.9090269804000854,0.15648213028907776,4.195134162902832,0.9876822829246521,-0.5976501107215881,0.05774059146642685,4.090981483459473,5.983559608459473,11.205790519714355,0.16612116992473602,0.4685429334640503,31.60580062866211,0.8834406137466431,0.2113941372061051,-0.6667118668556213,-0.06093853712081909,0.39181673526763916,28.677881240844727,11.927753448486328,0.30258744955062866,0.23824124038219452,9.391264915466309,0.9712059497833252,0.23951118038844169,-0.5839838981628418,-0.019162453711032867,0.9947196841239929,12.051779747009277,15.533385276794434,0.8048210144042969,0.09665193408727646,1.865322232246399,0.9953207969665527,0.40621040214873894,-0.5472714900970459,0.09761009365320206,3.728188991546631,4.188823223114014,9.212727546691895,0.24383461475372314,0.23434306681156158,8.85411262512207,0.9721540212631226,0.1428842802567143,-0.6745671629905701,0.04997008666396141,1.3014878034591675,7.099247455596924
cifar10_iid,cifar10,iid,0,fine_pruning,0.25,cifar10_iid/seed0/fine_pruning_alpha0.25,0.6862,0.88,0.9093333333333333,0.029333333333333322,True,0.6902,0.8803333333333333,20,2,4.426515102386475,0.9090269804000854,0.011609049513936043,0.05652677267789841,0.999924898147583,0.1393350511789322,-0.0177536029368639,4.090981483459473,1.4863226413726807,0.5131269097328186,0.16612116992473602,-0.6219021677970886,-1.9209753274917603,0.7830949425697327,0.013436089271276201,0.9458183646202087,0.20396307110786438,0.39181673526763916,1.4767711162567139,4.061312675476074,0.30258744955062866,0.08977498859167099,1.2049534320831299,0.9959620237350464,0.8416986992716782,-0.1329023689031601,0.010842876508831978,0.9947196841239929,4.1930084228515625,1.5943914651870728,0.8048210144042969,0.01740811951458454,0.03448450565338135,0.9998340606689453,0.12972392311707606,0.464225709438324,-0.061966102570295334,3.728188991546631,1.1117042303085327,0.5447174310684204,0.24383461475372314,-0.24799031019210815,-0.5540012121200562,0.9687624573707581,0.015141394796288595,0.8213456273078918,-0.053556930273771286,1.3014878034591675,1.1045368909835815
cifar10_iid,cifar10,iid,0,short_retrain,0.5,cifar10_iid/seed0/short_retrain_alpha0.50,0.693,0.8978888888888888,0.9093333333333333,0.01144444444444448,True,0.6928,0.8057777777777778,20,2,1.8864970207214355,1.4505395889282227,-0.06237013265490532,-0.08110915124416351,0.9980537295341492,0.6052477955818176,-0.0006673116004094481,4.811746597290039,1.0743497610092163,0.5108476281166077,0.3346475660800934,-0.6296743750572205,-0.9612129926681519,0.7768592238426208,0.07332478477543439,0.9422299861907959,0.18949684500694275,0.664482057094574,1.1400318145751953,0.707362711429596,0.5560085773468018,-0.30167344212532043,-0.3837932050228119,0.9534114003181458,0.14058934472265722,0.7873867750167847,0.05850338190793991,1.4706368446350098,1.0840076208114624,1.5804884433746338,1.2222604751586914,0.058886777609586716,0.07614050805568695,0.9982634782791138,0.7018863098740701,0.47672152519226074,-0.016895262524485588,4.270181179046631,1.0721452236175537,0.5474202632904053,0.43482089042663574,-0.24423104524612427,-0.3074759840965271,0.9697169661521912,0.08419954388040889,0.8065096139907837,-0.020672518759965897,1.5212973356246948,1.0697479248046875
cifar10_iid,cifar10,iid,0,federaser,0.5,cifar10_iid/seed0/federaser_alpha0.50,0.4674,0.25533333333333336,0.9093333333333333,0.6539999999999999,True,0.6928,0.8057777777777778,20,2,9.679617881774902,1.4505395889282227,0.30393314361572266,2.0280251502990723,0.9526998400688171,-0.7859669327735901,0.19173069298267365,4.811746597290039,2.0677080154418945,3.712186336517334,0.3346475660800934,0.707719087600708,7.8506011962890625,0.7064938545227051,0.14706599586717206,-0.9574896097183228,-0.10814081132411957,0.664482057094574,5.780849456787109,4.279150009155273,0.5560085773468018,0.4350844919681549,3.3484911918640137,0.9003898501396179,0.19541962680461106,-0.8880024552345276,0.07878943532705307,1.4706368446350098,3.001333236694336,7.035201072692871,1.2222604751586914,0.19696132838726044,1.1336113214492798,0.9804155826568604,0.5282351013865142,-0.6564577221870422,0.26275870203971863,4.270181179046631,1.6877750158309937,3.4804720878601074,0.43482089042663574,0.43573302030563354,3.487771987915039,0.9000760912895203,0.1292793370083514,-0.9052262902259827,0.15246127545833588,1.5212973356246948,2.35299015045166
cifar10_iid,cifar10,iid,0,grad_negation,0.5,cifar10_iid/seed0/grad_negation_alpha0.50,0.6873,0.886,0.9093333333333333,0.023333333333333317,True,0.6928,0.8057777777777778,20,2,2.6794347763061523,1.4505395889282227,-0.06418423354625702,-0.11855192482471466,0.9979407787322998,0.4251379370689392,-0.005491396877914667,4.811746597290039,1.1472580432891846,0.6921299695968628,0.3346475660800934,-0.4940851032733917,-1.0218840837478638,0.8694136142730713,0.06672069640895104,0.7912800908088684,0.17509035766124725,0.664482057094574,1.3115627765655518,1.3333240747451782,0.5560085773468018,-0.2157437801361084,-0.5173590183258057,0.9764499664306641,0.24760367387968665,0.4368433356285095,0.030186422169208527,1.4706368446350098,1.3293770551681519,2.112532377243042,1.2222604751586914,0.026048732921481133,0.045019086450338364,0.9996585845947266,0.6215975117843829,0.34582453966140747,-0.022157011553645134,4.270181179046631,1.1254647970199585,0.6782850623130798,0.43482089042663574,-0.14355964958667755,-0.22394125163555145,0.9896416664123535,0.06407812207781306,0.5410481691360474,-0.010310581885278225,1.5212973356246948,1.0990835428237915
cifar10_iid,cifar10,iid,0,full_retrain,0.5,cifar10_iid/seed0/full_retrain_alpha0.50,0.6849,0.8127777777777778,0.9093333333333333,0.0965555555555555,True,0.6928,0.8057777777777778,20,2,24.472692489624023,1.4505395889282227,0.20356963574886322,3.43424916267395,0.9790605902671814,-0.5864834189414978,0.05829179286956787,4.811746597290039,5.125884056091309,11.227372169494629,0.3346475660800934,0.4777625501155853,16.028854370117188,0.8784891963005066,0.21046225539860058,-0.6606878042221069,-0.049967922270298004,0.664482057094574,16.975799560546875,11.956153869628906,0.5560085773468018,0.26215729117393494,5.637304782867432,0.9650256037712097,0.23867171792211275,-0.5771249532699585,0.005435943603515625,1.4706368446350098,8.185791015625,15.626954078674316,1.2222604751586914,0.13285702466964722,1.6984997987747192,0.9911382794380188,0.40773459223402087,-0.5320121049880981,0.09846726804971695,4.270181179046631,3.6975278854370117,9.258881568908691,0.43482089042663574,0.28590402007102966,6.087910175323486,0.9582585096359253,0.14313142170706916,-0.6670307517051697,0.04051801562309265,1.5212973356246948,6.127668857574463
cifar10_iid,cifar10,iid,0,fine_pruning,0.5,cifar10_iid/seed0/fine_pruning_alpha0.50,0.6874,0.8536666666666667,0.9093333333333333,0.05566666666666664,True,0.6928,0.8057777777777778,20,2,4.713339328765869,1.4505395889282227,0.022479135543107986,0.07303741574287415,0.9997272491455078,0.12368039786815643,0.011927426792681217,4.811746597290039,1.3914352655410767,0.5302695035934448,0.3346475660800934,-0.6338380575180054,-1.0043548345565796,0.7734658122062683,0.012655923737022238,0.9434022903442383,0.18791700899600983,0.664482057094574,1.1562491655349731,4.339102268218994,0.5560085773468018,0.11544039100408554,0.9008982181549072,0.9933144450187683,0.8474240808867558,-0.15912456810474396,0.05288810655474663,1.4706368446350098,3.064852237701416,1.6704577207565308,1.2222604751586914,0.02788105607032776,0.03810231760144234,0.9995775818824768,0.1255961291268571,0.4634973108768463,-0.01520873699337244,4.270181179046631,1.0793172121047974,0.564130961894989,0.43482089042663574,-0.28239649534225464,-0.36637741327285767,0.9592975974082947,0.014323868932117598,0.8122934699058533,-0.028795063495635986,1.5212973356246948,1.0765057802200317
cifar10_iid,cifar10,iid,0,short_retrain,0.75,cifar10_iid/seed0/short_retrain_alpha0.75,0.691,0.8808888888888889,0.9093333333333333,0.028444444444444383,True,0.6849,0.5758888888888889,20,2,1.9670617580413818,1.9523067474365234,-0.06442725658416748,-0.0649089440703392,0.9979243278503418,0.6054900884628296,-0.026995530351996422,6.229884147644043,1.0567619800567627,0.5268634557723999,0.48429417610168457,-0.6632475256919861,-0.7215466499328613,0.7484000325202942,0.07173650290346865,0.9375954866409302,0.1380809098482132,1.0506974458694458,1.05497145652771,0.7344120144844055,0.8009727597236633,-0.32583385705947876,-0.2987569570541382,0.9454267621040344,0.13938752110456887,0.7741889357566833,-0.017148567363619804,2.2595770359039307,1.0567814111709595,1.6531994342803955,1.601833462715149,0.07372438907623291,0.07608397305011749,0.9972795248031616,0.70633444523188,0.486143559217453,-0.0417373925447464,5.38778829574585,1.0581912994384766,0.5651503801345825,0.6080194711685181,-0.23791155219078064,-0.2211374044418335,0.971286952495575,0.08254147684723588,0.8025597929954529,-0.006589436437934637,1.8905885219573975,1.0456088781356812
cifar10_iid,cifar10,iid,0,federaser,0.75,cifar10_iid/seed0/federaser_alpha0.75,0.4103,0.05588888888888889,0.9093333333333333,0.8534444444444444,True,0.6849,0.5758888888888889,20,2,10.010421752929688,1.9523067474365234,0.3758449852466583,1.9269834756851196,0.9266975522041321,-0.7451426982879639,0.2584797143936157,6.229884147644043,1.6587021350860596,3.7550175189971924,0.48429417610168457,0.7420361638069153,5.75344181060791,0.6703599095344543,0.14069776320691818,-0.9351922273635864,-0.012295275926589966,1.0506974458694458,3.7229244709014893,4.434771537780762,0.8009727597236633,0.49216100573539734,2.7249622344970703,0.8705042004585266,0.1962483428497822,-0.8523355722427368,0.21264173090457916,2.2595770359039307,2.004328727722168,7.344116687774658,1.601833462715149,0.2713415026664734,1.243977427482605,0.962486207485199,0.538220008645273,-0.6084103584289551,0.3262949287891388,5.38778829574585,1.4030511379241943,3.536996841430664,0.6080194711685181,0.4908391535282135,2.8553314208984375,0.8712503910064697,0.12483394239519738,-0.8827290534973145,0.16845279932022095,1.8905885219573975,1.9671709537506104
cifar10_iid,cifar10,iid,0,grad_negation,0.75,cifar10_iid/seed0/grad_negation_alpha0.75,0.6801,0.8364444444444444,0.9093333333333333,0.07288888888888889,True,0.6849,0.5758888888888889,20,2,3.1604979038238525,1.9523067474365234,-0.05780712515115738,-0.0935736894607544,0.9983286261558533,0.365867555141449,-0.01222724188119173,6.229884147644043,1.1268428564071655,0.8666163682937622,0.48429417610168457,-0.4055396616458893,-0.7256895899772644,0.9140773415565491,0.0751814748793477,0.678892970085144,0.11539487540721893,1.0506974458694458,1.2206313610076904,1.6674996614456177,0.8009727597236633,-0.18802353739738464,-0.39143532514572144,0.9821641445159912,0.27834846880988223,0.34825289249420166,-0.00940538290888071,2.2595770359039307,1.2483912706375122,2.4235565662384033,1.601833462715149,0.02923382632434368,0.04422782361507416,0.9995713829994202,0.588004194476458,0.30408552289009094,-0.02663816697895527,5.38778829574585,1.1073883771896362,0.7642266750335693,0.6080194711685181,-0.10511338710784912,-0.13211826980113983,0.9944601058959961,0.0584657663664393,0.470836877822876,0.02591785229742527,1.8905885219573975,1.0688529014587402
cifar10_iid,cifar10,iid,0,full_retrain,0.75,cifar10_iid/seed0/full_retrain_alpha0.75,0.6897,0.589,0.9093333333333333,0.32033333333333336,True,0.6849,0.5758888888888889,20,2,24.56307601928711,1.9523067474365234,0.22380611300468445,2.8156039714813232,0.9746366143226624,-0.5724215507507324,0.08004362136125565,6.229884147644043,3.989279270172119,11.256678581237793,0.48429417610168457,0.4809892177581787,11.179858207702637,0.8767264485359192,0.21000807838930716,-0.6566404104232788,-0.04298343509435654,1.0506974458694458,10.802811622619629,11.963726043701172,0.8009727597236633,0.27202603220939636,4.063113689422607,0.9622896313667297,0.2372181693151901,-0.5673611760139465,0.04518205672502518,2.2595770359039307,5.343696594238281,15.72115421295166,1.601833462715149,0.1499411165714264,1.4715056419372559,0.9886960387229919,0.40963154209431585,-0.512891948223114,0.12566205859184265,5.38778829574585,2.963271141052246,9.293435096740723,0.6080194711685181,0.30576860904693604,4.673603057861328,0.9521058797836304,0.14314226077963235,-0.6545774340629578,0.05075681582093239,1.8905885219573975,4.966329097747803
cifar10_iid,cifar10,iid,0,fine_pruning,0.75,cifar10_iid/seed0/fine_pruning_alpha0.75,0.6841,0.7966666666666666,0.9093333333333333,0.11266666666666669,True,0.6849,0.5758888888888889,20,2,4.744448184967041,1.9523067474365234,0.0316363088786602,0.07687556743621826,0.9994634985923767,0.13457362353801727,0.014285917393863201,6.229884147644043,1.248279094696045,0.5447574853897095,0.48429417610168457,-0.6463733315467834,-0.7270718216896057,0.7630211710929871,0.013182434841699923,0.9339554905891418,0.14342047274112701,1.0506974458694458,1.0583451986312866,4.34228515625,0.8009727597236633,0.12635421752929688,0.6849992275238037,0.9919849038124084,0.8375797562570328,-0.1487426608800888,0.07028608024120331,2.2595770359039307,2.103065252304077,1.737955927848816,1.601833462715149,0.0440172478556633,0.04775495082139969,0.998982846736908,0.13417599936421215,0.4620975852012634,-0.034471966326236725,5.38778829574585,1.0612666606903076,0.5822972655296326,0.6080194711685181,-0.27805203199386597,-0.2662891447544098,0.9605657458305359,0.015061865138838395,0.8129768371582031,-0.02423291839659214,1.8905885219573975,1.053465723991394
cifar10_iid,cifar10,iid,0,short_retrain,1.0,cifar10_iid/seed0/short_retrain_alpha1.00,0.6926,0.842,0.9093333333333333,0.06733333333333336,True,0.6854,0.022444444444444444,20,2,2.0451087951660156,2.442732334136963,-0.04661906138062477,-0.03902744501829147,0.9989122152328491,0.6054565906524658,-0.04922262951731682,7.650215148925781,1.0477535724639893,0.5434181690216064,0.6436229348182678,-0.6323800683021545,-0.5339257121086121,0.7746581435203552,0.07060217697429803,0.9292564392089844,0.09841014444828033,1.490855097770691,1.030106544494629,0.7536566853523254,1.0500116348266602,-0.28313374519348145,-0.20322202146053314,0.9590803980827332,0.13579925450520908,0.7768293023109436,-0.06951145827770233,3.1245391368865967,1.0448507070541382,1.7256985902786255,1.9542163610458374,0.0942133292555809,0.08319119364023209,0.9955492615699768,0.7120227679617822,0.4909024238586426,-0.06130923330783844,6.476042747497559,1.0505622625350952,0.584124743938446,0.7946255207061768,-0.22703401744365692,-0.16689138114452362,0.9738872051239014,0.08157579343346226,0.799427330493927,-0.0007822639308869839,2.145451068878174,1.0366061925888062
cifar10_iid,cifar10,iid,0,federaser,1.0,cifar10_iid/seed0/federaser_alpha1.00,0.4616,0.060333333333333336,0.9093333333333333,0.849,True,0.6854,0.022444444444444444,20,2,10.199682235717773,2.442732334136963,0.41867363452911377,1.748044490814209,0.9081538915634155,-0.7069332599639893,0.33459532260894775,7.650215148925781,1.3731038570404053,3.7625014781951904,0.6436229348182678,0.7580958008766174,4.431689262390137,0.6521432399749756,0.13606575060554615,-0.9216098189353943,0.07727397978305817,1.490855097770691,2.6418042182922363,4.5435638427734375,1.0500116348266602,0.524753749370575,2.2706897258758545,0.8512548208236694,0.1984217521287704,-0.8170561194419861,0.3323996961116791,3.1245391368865967,1.4655534029006958,7.496122360229492,1.9542163610458374,0.31994378566741943,1.2271860837936401,0.947438657283783,0.540113331049817,-0.5618043541908264,0.3979801833629608,6.476042747497559,1.1910247802734375,3.61201548576355,0.7946255207061768,0.4895477890968323,2.225266456604004,0.8719766736030579,0.1253992028811905,-0.8567047715187073,0.21111084520816803,2.145451068878174,1.7673614025115967
cifar10_iid,cifar10,iid,0,grad_negation,1.0,cifar10_iid/seed0/grad_negation_alpha1.00,0.6899,0.7164444444444444,0.9093333333333333,0.1928888888888889,True,0.6854,0.022444444444444444,20,2,2.3277859687805176,2.442732334136963,-0.036961279809474945,-0.03521926328539848,0.9993175268173218,0.541976273059845,-0.03479398041963577,7.650215148925781,1.0553505420684814,0.6239418387413025,0.6436229348182678,-0.586951494216919,-0.5690034031867981,0.8096221089363098,0.07184253108330786,0.9012140035629272,0.1254909336566925,1.490855097770691,1.0344630479812622,0.9460170865058899,1.0500116348266602,-0.24464493989944458,-0.22041481733322144,0.9696128368377686,0.16515506939461663,0.6539902687072754,-0.054226964712142944,3.1245391368865967,1.060426950454712,1.9329445362091064,1.9542163610458374,0.0941052958369255,0.09307511150836945,0.9955616593360901,0.689516617978416,0.4389389157295227,-0.04577384144067764,6.476042747497559,1.0566039085388184,0.6310375928878784,0.7946255207061768,-0.17333626747131348,-0.13765184581279755,0.9848625659942627,0.07348587503953226,0.6689739227294922,-0.0022668957244604826,2.145451068878174,1.04299795627594
cifar10_iid,cifar10,iid,0,full_retrain,1.0,cifar10_iid/seed0/full_retrain_alpha1.00,0.6891,0.023444444444444445,0.9093333333333333,0.8858888888888888,True,0.6854,0.022444444444444444,20,2,24.66401481628418,2.442732334136963,0.23897702991962433,2.4127378463745117,0.9710270762443542,-0.5535327792167664,0.10078058391809464,7.650215148925781,3.2778241634368896,11.308614730834961,0.6436229348182678,0.4797576069831848,8.429461479187012,0.8774012327194214,0.2102192314553379,-0.6510933637619019,-0.021623438224196434,1.490855097770691,7.672362804412842,11.984188079833984,1.0500116348266602,0.27309033274650574,3.1168832778930664,0.9619884490966797,0.23608632387168677,-0.5525891184806824,0.08071090281009674,3.1245391368865967,3.884840250015259,15.825742721557617,1.9542163610458374,0.16486786305904388,1.3350580930709839,0.9863169193267822,0.41170994896582197,-0.4906505346298218,0.14895032346248627,6.476042747497559,2.4987823963165283,9.293808937072754,0.7946255207061768,0.3209954500198364,3.7543087005615234,0.9470807909965515,0.14198452078981075,-0.6307345628738403,0.05478958785533905,2.145451068878174,4.392083168029785
cifar10_iid,cifar10,iid,0,fine_pruning,1.0,cifar10_iid/seed0/fine_pruning_alpha1.00,0.6849,0.6874444444444444,0.9093333333333333,0.2218888888888889,True,0.6854,0.022444444444444444,20,2,4.777177333831787,2.442732334136963,0.04068347439169884,0.07955722510814667,0.9991215467453003,0.14922811090946198,0.006723124999552965,7.650215148925781,1.1753851175308228,0.5554662346839905,0.6436229348182678,-0.6281670331954956,-0.5421273708343506,0.7780786752700806,0.013518707057611077,0.9334705471992493,0.09841658920049667,1.490855097770691,1.0322214365005493,4.346742630004883,1.0500116348266602,0.13269256055355072,0.549308180809021,0.9911571145057678,0.8278425128731062,-0.13541902601718903,0.06537008285522461,3.1245391368865967,1.6593531370162964,1.8050955533981323,1.9542163610458374,0.058554522693157196,0.05408299341797829,0.9982274174690247,0.1427668963278721,0.47311675548553467,-0.059186067432165146,6.476042747497559,1.0538880825042725,0.6018756628036499,0.7946255207061768,-0.23596331477165222,-0.17872637510299683,0.97176194190979,0.01587206002165129,0.8063275218009949,-0.024583622813224792,2.145451068878174,1.0452238321304321
cifar10_iid,cifar10,iid,1,short_retrain,0.25,cifar10_iid/seed1/short_retrain_alpha0.25,0.6912,0.9101111111111111,0.9164444444444444,0.006333333333333302,True,0.6858,0.8842222222222222,20,2,1.8133865594863892,0.8918164968490601,-0.05442354828119278,-0.11065665632486343,0.998519241809845,0.5997156500816345,-0.04677973687648773,4.40604305267334,1.099042534828186,0.50775545835495,0.16084767878055573,-0.625292181968689,-1.9738892316818237,0.780390739440918,0.07839800991345788,0.9224454760551453,0.2347801923751831,0.40537700057029724,1.4073864221572876,0.6942533850669861,0.28178930282592773,-0.31044694781303406,-0.7648574709892273,0.9505914449691772,0.1465656750091295,0.7836467623710632,0.02403266169130802,1.1137053966522217,1.1656030416488647,1.5018309354782104,0.787310779094696,0.046774689108133316,0.08922068774700165,0.9989076256752014,0.6858929952935399,0.46418800950050354,-0.06928206235170364,3.9326703548431396,1.0948741436004639,0.5414350032806396,0.26498425006866455,-0.2196865826845169,-0.4488794803619385,0.9755706191062927,0.08914325634667421,0.7910768389701843,-0.036456961184740067,1.59463369846344,1.0677270889282227
cifar10_iid,cifar10,iid,1,federaser,0.25,cifar10_iid/seed1/federaser_alpha0.25,0.3661,0.4816666666666667,0.9164444444444444,0.4347777777777777,True,0.6858,0.8842222222222222,20,2,9.626910209655762,0.8918164968490601,0.22612637281417847,2.4408349990844727,0.9741051197052002,-0.7952783703804016,0.1742977648973465,4.40604305267334,2.2388172149658203,3.6484534740448,0.16084767878055573,0.6450697183609009,14.631897926330566,0.764123797416687,0.14361812027611912,-0.951913595199585,-0.19796894490718842,0.40537700057029724,9.250199317932129,4.304635047912598,0.28178930282592773,0.3946836590766907,6.029212474822998,0.9188172817230225,0.1999238375816364,-0.891707181930542,0.052451737225055695,1.1137053966522217,3.9413061141967773,7.032323360443115,0.787310779094696,0.1356399804353714,1.2114907503128052,0.9907592535018921,0.5335893345450176,-0.6752628087997437,0.23645363748073578,3.9326703548431396,1.8308420181274414,3.374619960784912,0.26498425006866455,0.37250179052352905,4.7438740730285645,0.9280315041542053,0.12286874875497802,-0.9145956039428711,0.16634248197078705,1.59463369846344,2.1850430965423584
cifar10_iid,cifar10,iid,1,grad_negation,0.25,cifar10_iid/seed1/grad_negation_alpha0.25,0.6798,0.8948888888888888,0.9164444444444444,0.02155555555555555,True,0.6858,0.8842222222222222,20,2,3.008523464202881,0.8918164968490601,-0.04217357560992241,-0.14226369559764862,0.999113142490387,0.36844345927238464,-0.021898575127124786,4.40604305267334,1.2231734991073608,1.3961347341537476,0.16084767878055573,-0.26774248480796814,-2.3239660263061523,0.9634904861450195,0.21533196375713462,0.3673757314682007,0.13826394081115723,0.40537700057029724,3.4509477615356445,1.4870764017105103,0.28178930282592773,-0.1967204511165619,-1.038144826889038,0.9804592728614807,0.24429841344225045,0.38671740889549255,0.029659325256943703,1.1137053966522217,1.6442903280258179,2.081623077392578,0.787310779094696,0.02999679185450077,0.07930681109428406,0.9995534420013428,0.4787140276855339,0.34094780683517456,-0.0422147735953331,3.9326703548431396,1.151026964187622,0.7470664978027344,0.26498425006866455,-0.09979414194822311,-0.28134825825691223,0.9950081706047058,0.06165559511508106,0.4955362379550934,-0.06049610674381256,1.59463369846344,1.1296741962432861
cifar10_iid,cifar10,iid,1,full_retrain,0.25,cifar10_iid/seed1/full_retrain_alpha0.25,0.6867,0.8728888888888889,0.9164444444444444,0.04355555555555546,True,0.6858,0.8842222222222222,20,2,23.67038917541504,0.8918164968490601,0.1569240391254425,4.164809703826904,0.9876144528388977,-0.5750563144683838,0.07368889451026917,4.40604305267334,5.391610622406006,10.089669227600098,0.16084767878055573,0.4256840646266937,26.702350616455078,0.9048717617988586,0.18168644296734923,-0.5908922553062439,-0.1409403383731842,0.40537700057029724,25.050106048583984,11.739339828491211,0.28178930282592773,0.24435177445411682,10.179683685302734,0.9696868062019348,0.2459553625310179,-0.5663256049156189,0.010828148573637009,1.1137053966522217,10.577343940734863,15.43618106842041,0.787310779094696,0.10257837921380997,2.0110795497894287,0.9947248101234436,0.42526366585404646,-0.5427752137184143,0.11326216906309128,3.9326703548431396,3.9392168521881104,9.078496932983398,0.26498425006866455,0.23561327159404755,8.072232246398926,0.9718468189239502,0.14709458311274942,-0.6695442795753479,0.08596362918615341,1.59463369846344,5.6950154304504395
cifar10_iid,cifar10,iid,1,fine_pruning,0.25,cifar10_iid/seed1/fine_pruning_alpha0.25,0.6858,0.8834444444444445,0.9164444444444444,0.03299999999999992,True,0.6858,0.8842222222222222,20,2,4.405369281768799,0.8918164968490601,0.013573377393186092,0.06704563647508621,0.9998998641967773,0.1553005874156952,-0.027016354724764824,4.40604305267334,1.4330580234527588,0.5261232852935791,0.16084767878055573,-0.6382642984390259,-2.0877246856689453,0.7698174715042114,0.0142614384104414,0.9283328056335449,0.23588119447231293,0.40537700057029724,1.4395008087158203,4.04350471496582,0.28178930282592773,0.10896465182304382,1.5635749101638794,0.9940458536148071,0.8423731351907822,-0.09448587149381638,-0.012080984190106392,1.1137053966522217,3.7775044441223145,1.571263074874878,0.787310779094696,0.018728595227003098,0.037375558167696,0.9998078346252441,0.12720135733622323,0.46444883942604065,-0.07514354586601257,3.9326703548431396,1.1043832302093506,0.5601227879524231,0.26498425006866455,-0.2693932056427002,-0.5694423913955688,0.963030219078064,0.016164218002108467,0.8020181655883789,-0.0626596137881279,1.59463369846344,1.0804622173309326
cifar10_iid,cifar10,iid,1,short_retrain,0.5,cifar10_iid/seed1/short_retrain_alpha0.50,0.69,0.8992222222222223,0.9164444444444444,0.01722222222222214,True,0.6872,0.7938888888888889,20,2,1.8903999328613281,1.4239740371704102,-0.05966292321681976,-0.079200379550457,0.9982178807258606,0.5992307066917419,-0.028680630028247833,5.16118049621582,1.074788212776184,0.5215938091278076,0.32167038321495056,-0.6109446287155151,-0.9906566739082336,0.7916730046272278,0.0761263621458741,0.9248477816581726,0.16392889618873596,0.7031497359275818,1.143266201019287,0.7126702666282654,0.5197873115539551,-0.2990805506706238,-0.4100632071495056,0.954227864742279,0.1421175864520323,0.7855094075202942,0.027177300304174423,1.5231530666351318,1.0924699306488037,1.5729584693908691,1.1986498832702637,0.06255276501178741,0.08208222687244415,0.9980425834655762,0.6923432965184357,0.469214528799057,-0.04950263723731041,4.552384853363037,1.0740547180175781,0.5652814507484436,0.4662090241909027,-0.2475854605436325,-0.3001989722251892,0.9688658118247986,0.08941279657927799,0.779729962348938,-0.015049582347273827,1.7605533599853516,1.0548734664916992
cifar10_iid,cifar10,iid,1,federaser,0.5,cifar10_iid/seed1/federaser_alpha0.50,0.3577,0.19066666666666668,0.9164444444444444,0.7257777777777777,True,0.6872,0.7938888888888889,20,2,9.783943176269531,1.4239740371704102,0.3009990453720093,2.067988157272339,0.9536318182945251,-0.7756776809692383,0.19758976995944977,5.16118049621582,1.960739016532898,3.61836314201355,0.32167038321495056,0.6786646842956543,7.634072303771973,0.7344483733177185,0.13676204184117224,-0.9392698407173157,-0.07474862784147263,0.7031497359275818,5.31506872177124,4.411317825317383,0.5197873115539551,0.44639888405799866,3.7884838581085205,0.8948341012001038,0.20327228639975414,-0.8761398792266846,0.111073799431324,1.5231530666351318,2.957102060317993,7.17026424407959,1.1986498832702637,0.19681726396083832,1.177290678024292,0.9804447889328003,0.5370703082412962,-0.6536805033683777,0.25939664244651794,4.552384853363037,1.6320971250534058,3.4300243854522705,0.4662090241909027,0.4305458962917328,3.1676414012908936,0.9025687575340271,0.12289539340341822,-0.8996387720108032,0.15803267061710358,1.7605533599853516,2.044494390487671
cifar10_iid,cifar10,iid,1,grad_negation,0.5,cifar10_iid/seed1/grad_negation_alpha0.50,0.681,0.8927777777777778,0.9164444444444444,0.023666666666666614,True,0.6872,0.7938888888888889,20,2,2.4330954551696777,1.4239740371704102,-0.060077909380197525,-0.10264621675014496,0.9981914162635803,0.4788340628147125,-0.0013035399606451392,5.16118049621582,1.1061127185821533,0.9043272137641907,0.32167038321495056,-0.38250046968460083,-1.0753415822982788,0.9239552617073059,0.13813371909932273,0.5893707871437073,0.15804538130760193,0.7031497359275818,1.4991828203201294,1.217590093612671,0.5197873115539551,-0.22268250584602356,-0.5216283798217773,0.9748911261558533,0.25040971360318426,0.4753548502922058,0.06301459670066833,1.5231530666351318,1.2402716875076294,1.7974430322647095,1.1986498832702637,0.042964134365320206,0.0644238293170929,0.9990737438201904,0.5457267604113728,0.41852059960365295,-0.030587907880544662,4.552384853363037,1.0863031148910522,0.6238166093826294,0.4662090241909027,-0.1668182909488678,-0.22321324050426483,0.9859875440597534,0.06572979681845749,0.6719335317611694,0.015076504088938236,1.7605533599853516,1.0558719635009766
cifar10_iid,cifar10,iid,1,full_retrain,0.5,cifar10_iid/seed1/full_retrain_alpha0.50,0.6811,0.8033333333333333,0.9164444444444444,0.11311111111111105,True,0.6872,0.7938888888888889,20,2,23.782848358154297,1.4239740371704102,0.19863389432430267,3.3173112869262695,0.9800765514373779,-0.5639008283615112,0.06516671180725098,5.16118049621582,4.6511616706848145,10.145652770996094,0.32167038321495056,0.43220677971839905,13.632027626037598,0.9017745852470398,0.18197484027196603,-0.5875198245048523,-0.08854030072689056,0.7031497359275818,14.55153751373291,11.774816513061523,0.5197873115539551,0.26779478788375854,6.066389083862305,0.9634761214256287,0.2451093203136768,-0.5585508942604065,0.006914762780070305,1.5231530666351318,7.788104057312012,15.528338432312012,1.1986498832702637,0.13559862971305847,1.756570816040039,0.9907621145248413,0.42629489444332463,-0.527405858039856,0.11109276115894318,4.552384853363037,3.4463400840759277,9.106937408447266,0.4662090241909027,0.27168941497802734,5.307187080383301,0.9623849391937256,0.1466209584588419,-0.6589233875274658,0.04075431823730469,1.7605533599853516,5.228376388549805
cifar10_iid,cifar10,iid,1,fine_pruning,0.5,cifar10_iid/seed1/fine_pruning_alpha0.50,0.6863,0.8506666666666667,0.9164444444444444,0.06577777777777771,True,0.6872,0.7938888888888889,20,2,4.521777153015137,1.4239740371704102,0.02243546023964882,0.07123823463916779,0.9997223615646362,0.15542368590831757,-0.015318229794502258,5.16118049621582,1.3395453691482544,0.5347548127174377,0.32167038321495056,-0.6338085532188416,-1.053662896156311,0.7734899520874023,0.013984635182892658,0.9250399470329285,0.16182507574558258,0.7031497359275818,1.1542272567749023,4.143551349639893,0.5197873115539551,0.13116230070590973,1.0455762147903442,0.9913605451583862,0.8396282785726171,-0.09715491533279419,0.001983601599931717,1.5231530666351318,2.8964905738830566,1.6335549354553223,1.1986498832702637,0.022393887862563133,0.030517475679516792,0.9997257590293884,0.13050120960851516,0.46422648429870605,-0.053920675069093704,4.552384853363037,1.0804883241653442,0.5699487924575806,0.4662090241909027,-0.27419352531433105,-0.33520644903182983,0.9616746306419373,0.015885959710279732,0.8014007806777954,-0.029772767797112465,1.7605533599853516,1.0602264404296875
cifar10_iid,cifar10,iid,1,short_retrain,0.75,cifar10_iid/seed1/short_retrain_alpha0.75,0.689,0.885,0.9164444444444444,0.031444444444444386,True,0.6851,0.6198888888888889,20,2,1.9701207876205444,1.9334022998809814,-0.059544045478105545,-0.06067043915390968,0.9982250332832336,0.599120020866394,-0.013119128532707691,6.13441801071167,1.0543057918548584,0.540985643863678,0.4756206274032593,-0.6176438927650452,-0.7025271058082581,0.7864579558372498,0.07539901141395335,0.9119231700897217,0.16238966584205627,1.082059621810913,1.0428721904754639,0.7446010708808899,0.7596787214279175,-0.28918591141700745,-0.28344592452049255,0.9572727680206299,0.14283725043033277,0.77564936876297,-0.01083720475435257,2.3216311931610107,1.0534777641296387,1.6440467834472656,1.5700701475143433,0.07383709400892258,0.07731209695339203,0.9972702860832214,0.6963673059129173,0.4779471457004547,-0.028539054095745087,5.2205119132995605,1.056956171989441,0.5757351517677307,0.6853787302970886,-0.24048969149589539,-0.20201733708381653,0.9706516265869141,0.08539643992072933,0.776814877986908,0.00894954428076744,1.9537616968154907,1.039981722831726
cifar10_iid,cifar10,iid,1,federaser,0.75,cifar10_iid/seed1/federaser_alpha0.75,0.4005,0.13366666666666666,0.9164444444444444,0.7827777777777778,True,0.6851,0.6198888888888889,20,2,9.83215045928955,1.9334022998809814,0.3563859760761261,1.81223726272583,0.9343556761741638,-0.748772144317627,0.24523691833019257,6.13441801071167,1.6681896448135376,3.635841131210327,0.4756206274032593,0.7122440338134766,5.444687366485596,0.7019320130348206,0.13673452247943363,-0.9351718425750732,-0.029768453910946846,1.082059621810913,3.5341763496398926,4.4615478515625,0.7596787214279175,0.48180174827575684,2.8295891284942627,0.876280665397644,0.20589218943908463,-0.8547576665878296,0.21557104587554932,2.3216311931610107,1.9658352136611938,7.182307720184326,1.5700701475143433,0.24668902158737183,1.1284244060516357,0.9690964818000793,0.5335966351991265,-0.6191983222961426,0.3041961193084717,5.2205119132995605,1.43380868434906,3.459275960922241,0.6853787302970886,0.4758562445640564,2.4017646312713623,0.8795230388641357,0.12377666274670543,-0.8661341667175293,0.18785414099693298,1.9537616968154907,1.8627148866653442
cifar10_iid,cifar10,iid,1,grad_negation,0.75,cifar10_iid/seed1/grad_negation_alpha0.75,0.6803,0.8401111111111111,0.9164444444444444,0.07633333333333325,True,0.6851,0.6198888888888889,20,2,2.8651299476623535,1.9334022998809814,-0.04907728359103203,-0.07272282987833023,0.9987945556640625,0.42252859473228455,0.0077084507793188095,6.13441801071167,1.100428581237793,1.2801545858383179,0.4756206274032593,-0.25458627939224243,-0.6852303743362427,0.9670500755310059,0.19961934827797148,0.43545347452163696,0.14550767838954926,1.082059621810913,1.4336552619934082,1.3772196769714355,0.7596787214279175,-0.21171709895133972,-0.38382089138031006,0.9773305654525757,0.23103833305027627,0.4320206940174103,0.03948397934436798,2.3216311931610107,1.1423912048339844,2.0436649322509766,1.5700701475143433,0.054248686879873276,0.07060860097408295,0.998528778553009,0.5087619130815806,0.3865210711956024,-0.019369445741176605,5.2205119132995605,1.0809320211410522,0.7052245140075684,0.6853787302970886,-0.14360608160495758,-0.14776435494422913,0.9896348714828491,0.06058045641265955,0.6043282151222229,0.010401427745819092,1.9537616968154907,1.059613823890686
cifar10_iid,cifar10,iid,1,full_retrain,0.75,cifar10_iid/seed1/full_retrain_alpha0.75,0.686,0.6017777777777777,0.9164444444444444,0.31466666666666665,True,0.6851,0.6198888888888889,20,2,23.923263549804688,1.9334022998809814,0.22140923142433167,2.7394418716430664,0.9751828908920288,-0.5497315526008606,0.07188732177019119,6.13441801071167,3.9557645320892334,10.223429679870605,0.4756206274032593,0.4501233398914337,9.675365447998047,0.8929663896560669,0.18261360943704114,-0.5811746120452881,-0.030827345326542854,1.082059621810913,9.531499862670898,11.82627010345459,0.7596787214279175,0.27631887793540955,4.301578044891357,0.9610663652420044,0.24436325054018482,-0.5464662909507751,0.04039537534117699,2.3216311931610107,5.151385307312012,15.608789443969727,1.5700701475143433,0.15442252159118652,1.5351066589355469,0.9880024194717407,0.4256830237468043,-0.5095416903495789,0.11967715620994568,5.2205119132995605,3.037079334259033,9.183124542236328,0.6853787302970886,0.28365176916122437,3.8005406856536865,0.95892733335495,0.14734011627596977,-0.6463743448257446,0.0016590297454968095,1.9537616968154907,4.803804874420166
cifar10_iid,cifar10,iid,1,fine_pruning,0.75,cifar10_iid/seed1/fine_pruning_alpha0.75,0.687,0.8123333333333334,0.9164444444444444,0.10411111111111104,True,0.6851,0.6198888888888889,20,2,4.555604934692383,1.9334022998809814,0.027746878564357758,0.06537416577339172,0.9995834231376648,0.16874024271965027,0.005664673168212175,6.13441801071167,1.2422010898590088,0.5566953420639038,0.4756206274032593,-0.6369542479515076,-0.74552983045578,0.7709017992019653,0.014931487473204193,0.9225807785987854,0.15873873233795166,1.082059621810913,1.0494531393051147,4.148083686828613,0.7596787214279175,0.13231444358825684,0.7224773168563843,0.9912078976631165,0.8290165820409117,-0.08361481875181198,0.036156851798295975,2.3216311931610107,2.0157217979431152,1.6971096992492676,1.5700701475143433,0.0399453341960907,0.04317522794008255,0.9991617202758789,0.13876915313807886,0.4660017490386963,-0.032828863710165024,5.2205119132995605,1.0616145133972168,0.5989278554916382,0.6853787302970886,-0.26882052421569824,-0.23491264879703522,0.9631902575492859,0.017282913756349688,0.7937008738517761,0.00456231040880084,1.9537616968154907,1.0445940494537354
cifar10_iid,cifar10,iid,1,short_retrain,1.0,cifar10_iid/seed1/short_retrain_alpha1.00,0.6924,0.8492222222222222,0.9164444444444444,0.06722222222222218,True,0.6929,0.017777777777777778,20,2,2.0523102283477783,2.3985962867736816,-0.05147518590092659,-0.04404046759009361,0.9986763596534729,0.5955529808998108,-0.03466261178255081,7.398934364318848,1.0469818115234375,0.5515033006668091,0.6229283809661865,-0.6223597526550293,-0.5509999394416809,0.7827313542366028,0.0722087658217459,0.9126929640769958,0.07615065574645996,1.5320392847061157,1.0367064476013184,0.7592485547065735,0.9848732948303223,-0.27021104097366333,-0.20830820500850677,0.962801992893219,0.13685561160436835,0.7770182490348816,-0.07763730734586716,3.0613317489624023,1.0488178730010986,1.723389983177185,1.9040344953536987,0.08710940182209015,0.07884065806865692,0.9961990714073181,0.7051435603046107,0.47856229543685913,-0.042034707963466644,6.164833068847656,1.0495985746383667,0.6011414527893066,0.8775684833526611,-0.23386047780513763,-0.16019631922245026,0.9722699522972107,0.08579201981758225,0.7684758901596069,0.02698965184390545,2.2408668994903564,1.0283405780792236
cifar10_iid,cifar10,iid,1,federaser,1.0,cifar10_iid/seed1/federaser_alpha1.00,0.4592,0.04533333333333334,0.9164444444444444,0.8711111111111111,True,0.6929,0.017777777777777778,20,2,10.076290130615234,2.3985962867736816,0.40747013688087463,1.7116204500198364,0.9132357239723206,-0.7127580642700195,0.3252985179424286,7.398934364318848,1.4031013250350952,3.6792197227478027,0.6229283809661865,0.7471516132354736,4.412923812866211,0.664653480052948,0.13331451517527224,-0.9181898832321167,0.0829182043671608,1.5320392847061157,2.523693323135376,4.59149169921875,0.9848732948303223,0.5203240513801575,2.425755262374878,0.8539690375328064,0.20762219555345973,-0.8249385356903076,0.3314909040927887,3.0613317489624023,1.5017129182815552,7.373291492462158,1.9040344953536987,0.3077218532562256,1.1915749311447144,0.9514812231063843,0.5354343399188246,-0.5750956535339355,0.3803950250148773,6.164833068847656,1.233122706413269,3.5430502891540527,0.8775684833526611,0.47043341398239136,1.8993041515350342,0.8824353814125061,0.12362907145069402,-0.8413072824478149,0.2310592234134674,2.2408668994903564,1.6641035079956055
cifar10_iid,cifar10,iid,1,grad_negation,1.0,cifar10_iid/seed1/grad_negation_alpha1.00,0.6809,0.7484444444444445,0.9164444444444444,0.16799999999999993,True,0.6929,0.017777777777777778,20,2,2.935746669769287,2.3985962867736816,-0.04013910889625549,-0.04912440851330757,0.9991940259933472,0.42463064193725586,-0.001775465440005064,7.398934364318848,1.0764976739883423,1.2733491659164429,0.6229283809661865,-0.26034873723983765,-0.5321878790855408,0.9655147194862366,0.18811598688019035,0.44020944833755493,0.11440293490886688,1.5320392847061157,1.2250033617019653,1.3891018629074097,0.9848732948303223,-0.19770433008670807,-0.2788493037223816,0.9802616238594055,0.22387166162716798,0.43433570861816406,0.01459564734250307,3.0613317489624023,1.0920851230621338,2.130786418914795,1.9040344953536987,0.06907737255096436,0.07729961723089218,0.9976135492324829,0.5267792336657396,0.3904774487018585,-0.025855420157313347,6.164833068847656,1.066461443901062,0.7264871597290039,0.8775684833526611,-0.13475555181503296,-0.11155619472265244,0.9908788800239563,0.06123314548808489,0.5964991450309753,0.009718755260109901,2.2408668994903564,1.0482382774353027
cifar10_iid,cifar10,iid,1,full_retrain,1.0,cifar10_iid/seed1/full_retrain_alpha1.00,0.6863,0.022111111111111113,0.9164444444444444,0.8943333333333333,True,0.6929,0.017777777777777778,20,2,24.031156539916992,2.3985962867736816,0.23796026408672333,2.383911609649658,0.9712786674499512,-0.5331199169158936,0.09117546677589417,7.398934364318848,3.310112476348877,10.288565635681152,0.6229283809661865,0.4571877717971802,7.551120758056641,0.8893702030181885,0.1832904449084452,-0.5767933130264282,-0.01841113716363907,1.5320392847061157,6.80783224105835,11.849700927734375,0.9848732948303223,0.2852250039577484,3.431739091873169,0.9584605097770691,0.24313356299927216,-0.5341367125511169,0.07745363563299179,3.0613317489624023,3.9221439361572266,15.715391159057617,1.9040344953536987,0.16825854778289795,1.388685703277588,0.9857398867607117,0.4276500243232272,-0.48968151211738586,0.13848049938678741,6.164833068847656,2.6062211990356445,9.180179595947266,0.8775684833526611,0.3007231056690216,3.1458427906036377,0.9537114500999451,0.1459259413479961,-0.6225332021713257,0.013396220281720161,2.2408668994903564,4.203958034515381
cifar10_iid,cifar10,iid,1,fine_pruning,1.0,cifar10_iid/seed1/fine_pruning_alpha1.00,0.686,0.6937777777777778,0.9164444444444444,0.22266666666666657,True,0.6929,0.017777777777777778,20,2,4.589315891265869,2.3985962867736816,0.035591792315244675,0.06809399276971817,0.999330461025238,0.1830606758594513,0.012422599829733372,7.398934364318848,1.1701767444610596,0.5761715769767761,0.6229283809661865,-0.6568043828010559,-0.6075049638748169,0.7540609836578369,0.015760412158917617,0.9090576171875,0.06692560762166977,1.5320392847061157,1.0445564985275269,4.152276992797852,0.9848732948303223,0.1403822898864746,0.5918585658073425,0.9900971055030823,0.8185339715740043,-0.06681244820356369,0.0637676939368248,3.0613317489624023,1.633014440536499,1.7608896493911743,1.9040344953536987,0.05875391140580177,0.05433386191725731,0.9982225298881531,0.14720849391446522,0.4704169034957886,-0.04183918982744217,6.164833068847656,1.051422119140625,0.6241947412490845,0.8775684833526611,-0.26206275820732117,-0.18639938533306122,0.9650508761405945,0.018497123767474446,0.785531759262085,0.004541462287306786,2.2408668994903564,1.0368512868881226
cifar10_iid,cifar10,iid,2,short_retrain,0.25,cifar10_iid/seed2/short_retrain_alpha0.25,0.6979,0.9102222222222223,0.9155555555555556,0.005333333333333301,True,0.6892,0.8904444444444445,20,2,1.828183889389038,0.9257267713546753,-0.051158640533685684,-0.10102529078722,0.998694658279419,0.61030113697052,0.014688474126160145,3.286635160446167,1.1371394395828247,0.504252016544342,0.16247573494911194,-0.6411540508270264,-1.9898555278778076,0.7674121260643005,0.07607314473603306,0.9426262378692627,0.1706269532442093,0.35901087522506714,1.5790739059448242,0.6835063099861145,0.3090006709098816,-0.28458502888679504,-0.6294981241226196,0.9586512446403503,0.1397724894498395,0.8101963996887207,0.051095377653837204,0.9216025471687317,1.214188814163208,1.5222673416137695,0.8178932666778564,0.048923321068286896,0.0910518541932106,0.9988025426864624,0.6933194133938141,0.4740002155303955,0.004657032899558544,2.9574549198150635,1.122560977935791,0.5510087013244629,0.2572135627269745,-0.2459554821252823,-0.5268914103507996,0.9692811369895935,0.09083498808564072,0.7965772151947021,0.007371044717729092,1.0379540920257568,1.128710150718689
cifar10_iid,cifar10,iid,2,federaser,0.25,cifar10_iid/seed2/federaser_alpha0.25,0.3725,0.5281111111111111,0.9155555555555556,0.3874444444444445,True,0.6892,0.8904444444444445,20,2,9.624239921569824,0.9257267713546753,0.2224304974079132,2.3123416900634766,0.9749528169631958,-0.8033546805381775,0.1136484444141388,3.286635160446167,2.9848504066467285,3.731452226638794,0.16247573494911194,0.6771069169044495,15.550583839416504,0.7358846664428711,0.15031162891907143,-0.9713629484176636,-0.11292076855897903,0.35901087522506714,10.55350112915039,4.330224990844727,0.3090006709098816,0.36597728729248047,5.128666877746582,0.9306241273880005,0.20242213827522806,-0.8980360627174377,0.03662015125155449,0.9216025471687317,4.7678656578063965,6.920731544494629,0.8178932666778564,0.13127687573432922,1.110764980316162,0.9913489818572998,0.5170815459410203,-0.6682093739509583,0.16011779010295868,2.9574549198150635,2.3930504322052,3.4726545810699463,0.2572135627269745,0.3789019286632538,5.11557674407959,0.9254369139671326,0.13018468686468024,-0.9326239824295044,0.08953773975372314,1.0379540920257568,3.4050545692443848
cifar10_iid,cifar10,iid,2,grad_negation,0.25,cifar10_iid/seed2/grad_negation_alpha0.25,0.6931,0.9148888888888889,0.9155555555555556,0.0006666666666667043,True,0.6892,0.8904444444444445,20,2,1.9655201435089111,0.9257267713546753,-0.05206228047609329,-0.11053299903869629,0.9986453056335449,0.5836399793624878,0.024694718420505524,3.286635160446167,1.1524404287338257,0.5767167210578918,0.16247573494911194,-0.6388390064239502,-2.2675952911376953,0.769340455532074,0.08608912515740962,0.9036709666252136,0.17600078880786896,0.35901087522506714,1.7363981008529663,0.8583940863609314,0.3090006709098816,-0.24403133988380432,-0.6779102683067322,0.9697675108909607,0.19072030933557008,0.6786312460899353,0.05503088980913162,0.9216025471687317,1.328540325164795,1.575676679611206,0.8178932666778564,0.045879341661930084,0.08838248997926712,0.9989492893218994,0.6426509043330948,0.4713815450668335,0.014461442828178406,2.9574549198150635,1.126253604888916,0.5578188896179199,0.2572135627269745,-0.20397982001304626,-0.4423709511756897,0.9789749383926392,0.08053963031837132,0.7085726261138916,0.02100384794175625,1.0379540920257568,1.1252758502960205
cifar10_iid,cifar10,iid,2,full_retrain,0.25,cifar10_iid/seed2/full_retrain_alpha0.25,0.6723,0.8762222222222222,0.9155555555555556,0.03933333333333333,True,0.6892,0.8904444444444445,20,2,23.790151596069336,0.9257267713546753,0.15012919902801514,3.8579235076904297,0.9886650443077087,-0.5919579863548279,0.03332536667585373,3.286635160446167,7.274114608764648,10.400335311889648,0.16247573494911194,0.38284769654273987,24.50670623779297,0.9238115549087524,0.19110869455505475,-0.632142961025238,-0.06410691142082214,0.35901087522506714,29.050668716430664,11.741195678710938,0.3090006709098816,0.22580738365650177,8.580060958862305,0.9741721153259277,0.24356259229456445,-0.5891184210777283,-0.005083254538476467,0.9216025471687317,12.784236907958984,15.433713912963867,0.8178932666778564,0.1022224873304367,1.92885160446167,0.9947619438171387,0.42085871175497647,-0.5423778891563416,0.0644020065665245,2.9574549198150635,5.249891757965088,9.042656898498535,0.2572135627269745,0.2363736927509308,8.310006141662598,0.9716622829437256,0.14447006879321683,-0.6890512704849243,-0.0042120409198105335,1.0379540920257568,8.77338981628418
cifar10_iid,cifar10,iid,2,fine_pruning,0.25,cifar10_iid/seed2/fine_pruning_alpha0.25,0.6863,0.8821111111111111,0.9155555555555556,0.0334444444444445,True,0.6892,0.8904444444444445,20,2,4.715178489685059,0.9257267713546753,0.018416762351989746,0.09379996359348297,0.9998112916946411,0.10622157156467438,0.012823575176298618,3.286635160446167,1.7382099628448486,0.5155486464500427,0.16247573494911194,-0.6546012759208679,-2.0771031379699707,0.7559743523597717,0.01195370531131107,0.9307999014854431,0.16586723923683167,0.35901087522506714,1.608039140701294,4.358388900756836,0.3090006709098816,0.09691695123910904,1.3669909238815308,0.9952922463417053,0.8543087492931611,-0.1759577989578247,0.03804568573832512,0.9216025471687317,4.79634428024292,1.6312565803527832,0.8178932666778564,0.03135010600090027,0.0625234916806221,0.9994707107543945,0.11967829222230152,0.45299088954925537,0.0031973777804523706,2.9574549198150635,1.1404814720153809,0.5591133236885071,0.2572135627269745,-0.2581773102283478,-0.5612083077430725,0.9660977125167847,0.014059277299250888,0.8051851391792297,-0.00037152189179323614,1.0379540920257568,1.1360299587249756
cifar10_iid,cifar10,iid,2,short_retrain,0.5,cifar10_iid/seed2/short_retrain_alpha0.50,0.6929,0.8941111111111111,0.9155555555555556,0.021444444444444488,True,0.6897,0.8261111111111111,20,2,1.8882348537445068,1.4713268280029297,-0.0528264045715332,-0.06779112666845322,0.9986045360565186,0.6080914735794067,-0.025514960289001465,4.8824615478515625,1.0813437700271606,0.5160595178604126,0.3141971230506897,-0.6748337149620056,-1.1083943843841553,0.7379697561264038,0.0746905868762591,0.942787230014801,0.10422316193580627,0.6806226968765259,1.1903128623962402,0.6969242691993713,0.546880304813385,-0.29247498512268066,-0.3727193772792816,0.9562732577323914,0.1362189881438275,0.8096300959587097,-0.049093786627054214,1.8317625522613525,1.0872491598129272,1.577413558959961,1.2437466382980347,0.07183225452899933,0.09109870344400406,0.9974161982536316,0.6978676649160215,0.47319746017456055,-0.030672596767544746,4.242773532867432,1.0775096416473389,0.5703197717666626,0.4692007899284363,-0.24962428212165833,-0.30342161655426025,0.9683427810668945,0.09122276842216191,0.7986096143722534,-0.0047915223985910416,1.420995831489563,1.0793192386627197
cifar10_iid,cifar10,iid,2,federaser,0.5,cifar10_iid/seed2/federaser_alpha0.50,0.4279,0.5922222222222222,0.9155555555555556,0.32333333333333336,True,0.6897,0.8261111111111111,20,2,9.7806978225708,1.4713268280029297,0.2979326546192169,1.9804039001464844,0.9545972347259521,-0.7826339602470398,0.19076381623744965,4.8824615478515625,2.0612363815307617,3.7257957458496094,0.3141971230506897,0.7488816976547241,8.880348205566406,0.6627037525177002,0.1450999600064277,-0.957086443901062,-0.015309724025428295,0.6806226968765259,5.579728126525879,4.418644428253174,0.546880304813385,0.44120484590530396,3.564814805984497,0.8974063396453857,0.2040832121497522,-0.8815024495124817,0.18514388799667358,1.8317625522613525,2.4342682361602783,7.0668745040893555,1.2437466382980347,0.18848954141139984,1.0709315538406372,0.98207688331604,0.5220382526756417,-0.6437314748764038,0.23586022853851318,4.242773532867432,1.7287659645080566,3.5100014209747314,0.4692007899284363,0.417692631483078,3.124678611755371,0.9085884690284729,0.12877864494759167,-0.9248813986778259,0.1159186065196991,1.420995831489563,2.55513858795166
cifar10_iid,cifar10,iid,2,grad_negation,0.5,cifar10_iid/seed2/grad_negation_alpha0.50,0.695,0.8906666666666667,0.9155555555555556,0.02488888888888885,True,0.6897,0.8261111111111111,20,2,1.9009605646133423,1.4713268280029297,-0.05341259390115738,-0.0690053179860115,0.9985684752464294,0.6134068965911865,-0.019266517832875252,4.8824615478515625,1.0800892114639282,0.5393092632293701,0.3141971230506897,-0.6967778205871582,-1.195996642112732,0.7172871232032776,0.0804841563385004,0.9427882432937622,0.09104710072278976,0.6806226968765259,1.218019962310791,0.7386889457702637,0.546880304813385,-0.2752854526042938,-0.37183696031570435,0.9613624811172485,0.15099355972105538,0.7842624187469482,-0.026890331879258156,1.8317625522613525,1.0882607698440552,1.5694477558135986,1.2437466382980347,0.06891167908906937,0.08695345371961594,0.9976236820220947,0.6816249970806374,0.48679032921791077,-0.028055313974618912,4.242773532867432,1.0759100914001465,0.5603840351104736,0.4692007899284363,-0.20777161419391632,-0.24814939498901367,0.9781774282455444,0.08689728685980685,0.7626829743385315,0.013764233328402042,1.420995831489563,1.0698895454406738
cifar10_iid,cifar10,iid,2,full_retrain,0.5,cifar10_iid/seed2/full_retrain_alpha0.50,0.6748,0.8184444444444444,0.9155555555555556,0.09711111111111115,True,0.6897,0.8261111111111111,20,2,23.84598159790039,1.4713268280029297,0.19251060485839844,3.119863986968994,0.981299877166748,-0.5803864598274231,0.06664318591356277,4.8824615478515625,4.919627666473389,10.366167068481445,0.3141971230506897,0.42307958006858826,13.958476066589355,0.9060925841331482,0.18896681251654254,-0.6257945895195007,-0.051950644701719284,0.6806226968765259,15.314960479736328,11.772453308105469,0.546880304813385,0.25653770565986633,5.522374153137207,0.9665338397026062,0.2437153089562328,-0.5823380947113037,0.04279263690114021,1.8317625522613525,6.461751461029053,15.505979537963867,1.2437466382980347,0.13232208788394928,1.6495999097824097,0.9912062883377075,0.4228214502141595,-0.5259004235267639,0.10114768892526627,4.242773532867432,3.6901745796203613,9.064709663391113,0.4692007899284363,0.2757427394390106,5.327203273773193,0.9612314105033875,0.14449634781406578,-0.6821020841598511,0.04258015751838684,1.420995831489563,6.414825439453125
cifar10_iid,cifar10,iid,2,fine_pruning,0.5,cifar10_iid/seed2/fine_pruning_alpha0.50,0.6883,0.8681111111111111,0.9155555555555556,0.04744444444444451,True,0.6897,0.8261111111111111,20,2,4.745504856109619,1.4713268280029297,0.02587711624801159,0.08345725387334824,0.9996413588523865,0.11886744946241379,-0.0041580889374017715,4.8824615478515625,1.3973907232284546,0.5321446657180786,0.3141971230506897,-0.6896451711654663,-1.1680278778076172,0.7241474390029907,0.012573363678476699,0.9274736642837524,0.08736789971590042,0.6806226968765259,1.2143604755401611,4.363654613494873,0.546880304813385,0.11375197768211365,0.9076470136642456,0.9935083389282227,0.8454589415347509,-0.16660191118717194,0.01934904232621193,1.8317625522613525,2.5656888484954834,1.692713737487793,1.2437466382980347,0.044259462505578995,0.06023331731557846,0.9989679455757141,0.12722297688693465,0.46173095703125,-0.038934092968702316,4.242773532867432,1.0909757614135742,0.5762665867805481,0.4692007899284363,-0.25390011072158813,-0.31183695793151855,0.9672305583953857,0.014744802587897737,0.8059844970703125,-0.003699132241308689,1.420995831489563,1.0804909467697144
cifar10_iid,cifar10,iid,2,short_retrain,0.75,cifar10_iid/seed2/short_retrain_alpha0.75,0.6934,0.8861111111111111,0.9155555555555556,0.029444444444444495,True,0.6885,0.6006666666666667,20,2,1.976609230041504,1.9641332626342773,-0.05355515331029892,-0.05389166250824928,0.9985668063163757,0.6047171354293823,-0.01110061164945364,5.964938163757324,1.056958556175232,0.5260288715362549,0.4760344624519348,-0.6772380471229553,-0.7483634352684021,0.7357639670372009,0.07082022834127184,0.9399741291999817,0.09307077527046204,1.082525372505188,1.0703617334365845,0.7201704382896423,0.7853010296821594,-0.2859417796134949,-0.262226402759552,0.9582468867301941,0.13274222733088847,0.799477756023407,-0.06262107193470001,2.468691349029541,1.0590734481811523,1.664853572845459,1.600833535194397,0.0824723169207573,0.08576631546020508,0.9965957403182983,0.709429107767046,0.4813291132450104,-0.01499964576214552,5.076574325561523,1.0570706129074097,0.5830577611923218,0.6722953915596008,-0.24597640335559845,-0.213326558470726,0.9692758917808533,0.0870084518160082,0.7881217002868652,0.05831903964281082,1.5947728157043457,1.0445208549499512
cifar10_iid,cifar10,iid,2,federaser,0.75,cifar10_iid/seed2/federaser_alpha0.75,0.4414,0.2061111111111111,0.9155555555555556,0.7094444444444444,True,0.6885,0.6006666666666667,20,2,10.035735130310059,1.9641332626342773,0.3571484386920929,1.8247251510620117,0.9340630173683167,-0.7452616095542908,0.2429637908935547,5.964938163757324,1.7358430624008179,3.703305959701538,0.4760344624519348,0.7691465020179749,5.983569145202637,0.6390721797943115,0.13615971098972565,-0.9416327476501465,0.04603162035346031,1.082525372505188,3.519688606262207,4.549322128295898,0.7853010296821594,0.4809228777885437,2.786029100418091,0.8767634034156799,0.20547708525254693,-0.8520876169204712,0.2642819285392761,2.468691349029541,1.8498380184173584,7.322803497314453,1.600833535194397,0.2443901002407074,1.1178756952285767,0.9696773886680603,0.5324006807442072,-0.6016300916671753,0.2861538529396057,5.076574325561523,1.5017378330230713,3.561934471130371,0.6722953915596008,0.4597648084163666,2.4359116554260254,0.8880407214164734,0.1259625230135202,-0.8908339142799377,0.1327490508556366,1.5947728157043457,2.322833776473999
cifar10_iid,cifar10,iid,2,grad_negation,0.75,cifar10_iid/seed2/grad_negation_alpha0.75,0.6924,0.8595555555555555,0.9155555555555556,0.05600000000000005,True,0.6885,0.6006666666666667,20,2,1.9823240041732788,1.9641332626342773,-0.0495096854865551,-0.049964819103479385,0.9987712502479553,0.6143911480903625,-0.0039565409533679485,5.964938163757324,1.0550198554992676,0.5592538714408875,0.4760344624519348,-0.6905659437179565,-0.811289370059967,0.723269522190094,0.0795884680161236,0.9431894421577454,0.09229197353124619,1.082525372505188,1.0823752880096436,0.7616247534751892,0.7853010296821594,-0.26858681440353394,-0.26048892736434937,0.9632552862167358,0.1476095210244936,0.7795361280441284,-0.051144588738679886,2.468691349029541,1.0614794492721558,1.6439703702926636,1.600833535194397,0.09114877879619598,0.0936003252863884,0.9958361387252808,0.6877596361756705,0.4930575489997864,-0.009379982948303223,5.076574325561523,1.0540180206298828,0.5780983567237854,0.6722953915596008,-0.2268306016921997,-0.19504879415035248,0.9739342927932739,0.08504242028602145,0.7659189701080322,0.07786635309457779,1.5947728157043457,1.0367982387542725
cifar10_iid,cifar10,iid,2,full_retrain,0.75,cifar10_iid/seed2/full_retrain_alpha0.75,0.672,0.5514444444444444,0.9155555555555556,0.36411111111111116,True,0.6885,0.6006666666666667,20,2,23.943904876708984,1.9641332626342773,0.2174675017595291,2.6508727073669434,0.9760676622390747,-0.5668984651565552,0.06860576570034027,5.964938163757324,4.069671630859375,10.343420028686523,0.4760344624519348,0.42997825145721436,9.342697143554688,0.902839183807373,0.18660395486240486,-0.616850733757019,-0.04491650313138962,1.082525372505188,9.651655197143555,11.802989959716797,0.7853010296821594,0.2655571401119232,3.9912924766540527,0.9640949368476868,0.2429834992281897,-0.5729796290397644,0.056144069880247116,2.468691349029541,4.829263210296631,15.608170509338379,1.600833535194397,0.15078763663768768,1.4701114892959595,0.9885652661323547,0.42492140842071646,-0.5090811252593994,0.10800972580909729,5.076574325561523,3.128694534301758,9.133183479309082,0.6722953915596008,0.30636322498321533,4.161967754364014,0.9519146084785461,0.14549121733113324,-0.6715693473815918,0.007366148754954338,1.5947728157043457,5.806338787078857
cifar10_iid,cifar10,iid,2,fine_pruning,0.75,cifar10_iid/seed2/fine_pruning_alpha0.75,0.6864,0.8308888888888889,0.9155555555555556,0.08466666666666667,True,0.6885,0.6006666666666667,20,2,4.781023025512695,1.9641332626342773,0.0302823968231678,0.07370731979608536,0.9995085000991821,0.12897652387619019,0.01357207540422678,5.964938163757324,1.2730498313903809,0.5442025661468506,0.4760344624519348,-0.6762821078300476,-0.7731257677078247,0.7366426587104797,0.012955132456326323,0.928825855255127,0.08519873023033142,1.082525372505188,1.0803062915802002,4.366283893585205,0.7853010296821594,0.11599291115999222,0.6449216604232788,0.993249773979187,0.83395847366138,-0.1583915650844574,0.04482114315032959,2.468691349029541,1.9923901557922363,1.7736448049545288,1.600833535194397,0.059045180678367615,0.06541594862937927,0.9981964230537415,0.13761374445998847,0.46036621928215027,-0.02272663824260235,5.076574325561523,1.0667445659637451,0.594733715057373,0.6722953915596008,-0.26461687684059143,-0.2340884506702423,0.9643536806106567,0.015472692443724229,0.7970457077026367,0.06153909116983414,1.5947728157043457,1.0455502271652222
cifar10_iid,cifar10,iid,2,short_retrain,1.0,cifar10_iid/seed2/short_retrain_alpha1.00,0.6941,0.8441111111111111,0.9155555555555556,0.07144444444444442,True,0.6913,0.021444444444444443,20,2,2.0709311962127686,2.4576330184936523,-0.04589305818080902,-0.03866925835609436,0.9989468455314636,0.6018916368484497,-0.012806535698473454,7.214247703552246,1.0439146757125854,0.5469442009925842,0.6144750118255615,-0.6660231947898865,-0.5928270816802979,0.745931088924408,0.06974864740555575,0.9243287444114685,0.060327235609292984,1.5558346509933472,1.0397921800613403,0.7547338604927063,1.0070531368255615,-0.26486173272132874,-0.1984999179840088,0.9642863869667053,0.13281199448644881,0.7942695617675781,-0.07451476901769638,3.094754219055176,1.04681396484375,1.746280550956726,1.9630482196807861,0.08910272270441055,0.07925977557897568,0.9960222840309143,0.7110389761996299,0.4849911034107208,-0.01507655531167984,6.032421112060547,1.0452395677566528,0.6087415814399719,0.8915672898292542,-0.209816113114357,-0.14325763285160065,0.9777408838272095,0.08640038190836556,0.7739861607551575,0.07746539264917374,1.9127463102340698,1.0256600379943848
cifar10_iid,cifar10,iid,2,federaser,1.0,cifar10_iid/seed2/federaser_alpha1.00,0.4344,0.06011111111111111,0.9155555555555556,0.8554444444444445,True,0.6913,0.021444444444444443,20,2,10.167654037475586,2.4576330184936523,0.40795275568962097,1.6876553297042847,0.9130176901817322,-0.6993745565414429,0.30495718121528625,7.214247703552246,1.458353877067566,3.6912119388580322,0.6144750118255615,0.7862096428871155,4.722837924957275,0.6179597973823547,0.13178540767274782,-0.9248234033584595,0.11573442816734314,1.5558346509933472,2.4656801223754883,4.613649368286133,1.0070531368255615,0.5064903497695923,2.3204009532928467,0.8622456192970276,0.20588210225951986,-0.8202612400054932,0.33125531673431396,3.094754219055176,1.4949268102645874,7.446988582611084,1.9630482196807861,0.31503793597221375,1.1950645446777344,0.9490836262702942,0.5364234803988345,-0.5414822101593018,0.35217517614364624,6.032421112060547,1.2862712144851685,3.6079766750335693,0.8915672898292542,0.4514167904853821,1.8267847299575806,0.8923131823539734,0.12590902811733146,-0.8566815257072449,0.16721311211585999,1.9127463102340698,1.9817249774932861
cifar10_iid,cifar10,iid,2,grad_negation,1.0,cifar10_iid/seed2/grad_negation_alpha1.00,0.6947,0.7984444444444444,0.9155555555555556,0.11711111111111117,True,0.6913,0.021444444444444443,20,2,2.0879411697387695,2.4576330184936523,-0.02836737036705017,-0.024098524823784828,0.99959796667099,0.6097560524940491,0.00085204909555614,7.214247703552246,1.0408031940460205,0.5698397755622864,0.6144750118255615,-0.6817878484725952,-0.6322628855705261,0.7315499782562256,0.07448193463569039,0.9323051571846008,0.06491692364215851,1.5558346509933472,1.0423977375030518,0.7979325652122498,1.0070531368255615,-0.24121174216270447,-0.19112253189086914,0.9704729914665222,0.14604216545935594,0.7664359211921692,-0.038075003772974014,3.094754219055176,1.0421671867370605,1.7448886632919312,1.9630482196807861,0.1104002520442009,0.09812634438276291,0.9938873648643494,0.6983883686922435,0.501150369644165,-0.0038900827057659626,6.032421112060547,1.0420725345611572,0.5945714116096497,0.8915672898292542,-0.17196810245513916,-0.11468268185853958,0.9851025342941284,0.08108740816654654,0.7538141012191772,0.07935687154531479,1.9127463102340698,1.023371934890747
cifar10_iid,cifar10,iid,2,full_retrain,1.0,cifar10_iid/seed2/full_retrain_alpha1.00,0.6705,0.02311111111111111,0.9155555555555556,0.8924444444444445,True,0.6913,0.021444444444444443,20,2,24.10108757019043,2.4576330184936523,0.22405847907066345,2.1971068382263184,0.974574863910675,-0.5492709279060364,0.08340490609407425,7.214247703552246,3.406376838684082,10.409582138061523,0.6144750118255615,0.4283878207206726,7.257149696350098,0.9035948514938354,0.1865410321705902,-0.6123683452606201,-0.0315808542072773,1.5558346509933472,6.796152591705322,11.877869606018066,1.0070531368255615,0.2637792229652405,3.111189365386963,0.9645835757255554,0.24287634030116217,-0.5600075125694275,0.0738706961274147,3.094754219055176,3.89406156539917,15.724584579467773,1.9630482196807861,0.16163142025470734,1.2946512699127197,0.9868529438972473,0.4256734656094441,-0.4863583445549011,0.12458331137895584,6.032421112060547,2.67307186126709,9.174742698669434,0.8915672898292542,0.2917768359184265,3.0025527477264404,0.9564865827560425,0.14490910938269655,-0.6506438851356506,0.027359262108802795,1.9127463102340698,4.872907638549805
cifar10_iid,cifar10,iid,2,fine_pruning,1.0,cifar10_iid/seed2/fine_pruning_alpha1.00,0.6871,0.7907777777777778,0.9155555555555556,0.12477777777777777,True,0.6913,0.021444444444444443,20,2,4.914611339569092,2.4576330184936523,0.04013563692569733,0.08025507628917694,0.9991472363471985,0.13115283846855164,0.01872001774609089,7.214247703552246,1.1993961334228516,0.5591301918029785,0.6144750118255615,-0.6633776426315308,-0.6036280989646912,0.7482849955558777,0.012942352447734557,0.9163557887077332,0.05996258184313774,1.5558346509933472,1.042138695716858,4.47530460357666,1.0070531368255615,0.12840837240219116,0.570641279220581,0.991720974445343,0.829149289465707,-0.16093257069587708,0.05362677201628685,3.094754219055176,1.7135019302368164,1.854786992073059,1.9630482196807861,0.07014542073011398,0.06627369672060013,0.9974753856658936,0.1424239299267242,0.46530935168266296,-0.019463542848825455,6.032421112060547,1.0519036054611206,0.6115821599960327,0.8915672898292542,-0.22270463407039642,-0.15276716649532318,0.9748860001564026,0.015484488615003558,0.7849186062812805,0.0740346610546112,1.9127463102340698,1.0270782709121704
cifar10_iid,cifar10,iid,3,short_retrain,0.25,cifar10_iid/seed3/short_retrain_alpha0.25,0.6897,0.9128888888888889,0.9108888888888889,-0.0020000000000000018,True,0.683,0.8674444444444445,20,2,1.8277761936187744,0.9263116717338562,-0.05261861905455589,-0.103819340467453,0.9986143112182617,0.6040344834327698,-0.04237990453839302,3.6294641494750977,1.1385488510131836,0.5151704549789429,0.17170175909996033,-0.5559329390525818,-1.668009877204895,0.8312271237373352,0.07943864517171385,0.9288405776023865,0.06689828634262085,0.520372211933136,1.35928213596344,0.70203697681427,0.32337650656700134,-0.2845652401447296,-0.6177782416343689,0.9586564302444458,0.14751985197421474,0.7834863662719727,0.003477112390100956,0.9878835678100586,1.2247772216796875,1.5090442895889282,0.8143563866615295,0.046914201229810715,0.08693017810583115,0.9988981485366821,0.6816307385075706,0.4697968363761902,-0.05845136567950249,3.2811567783355713,1.124846339225769,0.5526290535926819,0.246665820479393,-0.2418145090341568,-0.5417600274085999,0.9703221917152405,0.09141074650587841,0.7815331220626831,-0.020275859162211418,1.0772570371627808,1.1331230401992798
cifar10_iid,cifar10,iid,3,federaser,0.25,cifar10_iid/seed3/federaser_alpha0.25,0.4074,0.8736666666666667,0.9108888888888889,0.03722222222222216,True,0.683,0.8674444444444445,20,2,9.447218894958496,0.9263116717338562,0.22187651693820953,2.262721538543701,0.9750801920890808,-0.807235062122345,0.1472184807062149,3.6294641494750977,2.6474194526672363,3.645918846130371,0.17170175909996033,0.6135591864585876,13.028328895568848,0.7896486520767212,0.14892735014169564,-0.9671626091003418,-0.04851324483752251,0.520372211933136,7.125235557556152,4.2600812911987305,0.32337650656700134,0.3948836326599121,5.202089786529541,0.9187318086624146,0.2033279417127147,-0.8935160040855408,0.06685304641723633,0.9878835678100586,4.361149787902832,6.834006309509277,0.8143563866615295,0.13130266964435577,1.1018264293670654,0.9913424849510193,0.52327152586653,-0.6858821511268616,0.2012564092874527,3.2811567783355713,2.121263265609741,3.333172559738159,0.246665820479393,0.3439945876598358,4.648365497589111,0.9389718174934387,0.12447327844097685,-0.9273623824119568,0.09627894312143326,1.0772570371627808,3.158771514892578
cifar10_iid,cifar10,iid,3,grad_negation,0.25,cifar10_iid/seed3/grad_negation_alpha0.25,0.6912,0.899,0.9108888888888889,0.011888888888888838,True,0.683,0.8674444444444445,20,2,1.861378788948059,0.9263116717338562,-0.05149080231785774,-0.1034618467092514,0.9986708760261536,0.6051461100578308,-0.0323641262948513,3.6294641494750977,1.138515591621399,0.5387566089630127,0.17170175909996033,-0.5998424291610718,-1.8821536302566528,0.8001183271408081,0.08377103077368751,0.9343070387840271,0.061266135424375534,0.520372211933136,1.3946489095687866,0.7484732270240784,0.32337650656700134,-0.2773689031600952,-0.6419848799705505,0.9607638716697693,0.1616820008711287,0.7589555382728577,0.013147208839654922,0.9878835678100586,1.2466425895690918,1.5226577520370483,0.8143563866615295,0.04937272146344185,0.09231103956699371,0.9987801313400269,0.6691593608144847,0.48355987668037415,-0.04865439981222153,3.2811567783355713,1.122722864151001,0.5439302325248718,0.246665820479393,-0.20407183468341827,-0.45000478625297546,0.978955864906311,0.08538760754069911,0.7188400626182556,-0.00420152023434639,1.0772570371627808,1.1221356391906738
cifar10_iid,cifar10,iid,3,full_retrain,0.25,cifar10_iid/seed3/full_retrain_alpha0.25,0.6875,0.8814444444444445,0.9108888888888889,0.029444444444444384,True,0.683,0.8674444444444445,20,2,23.834714889526367,0.9263116717338562,0.14734698832035065,3.7911155223846436,0.989085853099823,-0.5751166939735413,0.04462555795907974,3.6294641494750977,6.598439693450928,10.784842491149902,0.17170175909996033,0.35485726594924927,22.289113998413086,0.9349205493927002,0.20473273554471574,-0.6196069717407227,-0.08155010640621185,0.520372211933136,20.83065414428711,11.732388496398926,0.32337650656700134,0.21081580221652985,7.6485724449157715,0.9775257706642151,0.24228826254683564,-0.5687581300735474,0.009062417782843113,0.9878835678100586,11.909280776977539,15.427281379699707,0.8143563866615295,0.09975305944681168,1.8896435499191284,0.9950113892555237,0.4189364857472279,-0.5389036536216736,0.08324159681797028,3.2811567783355713,4.724819660186768,8.726531028747559,0.246665820479393,0.25226372480392456,8.924570083618164,0.9676585793495178,0.13404265045309002,-0.6381195783615112,-6.0102578572696075e-05,1.0772570371627808,8.16224479675293
cifar10_iid,cifar10,iid,3,fine_pruning,0.25,cifar10_iid/seed3/fine_pruning_alpha0.25,0.6827,0.8714444444444445,0.9108888888888889,0.03944444444444439,True,0.683,0.8674444444444445,20,2,5.042935371398926,0.9263116717338562,0.021153748035430908,0.11515599489212036,0.9997529983520508,0.08902303129434586,-0.010318192653357983,3.6294641494750977,1.7201786041259766,0.5273003578186035,0.17170175909996033,-0.5700341463088989,-1.7505890130996704,0.8216211199760437,0.01093253319409684,0.9178611040115356,0.06862261891365051,0.520372211933136,1.3739478588104248,4.7137131690979,0.32337650656700134,0.10287913680076599,1.4996201992034912,0.9946940541267395,0.873637970719989,-0.19608494639396667,0.011831735260784626,0.9878835678100586,4.863598823547363,1.6198077201843262,0.8143563866615295,0.022099142894148827,0.04395448416471481,0.9997277855873108,0.1031658434419657,0.46935001015663147,-0.0481128990650177,3.2811567783355713,1.136312484741211,0.5584800839424133,0.246665820479393,-0.25801756978034973,-0.584181547164917,0.9661402702331543,0.012263659674768872,0.8131837248802185,-0.011748469434678555,1.0772570371627808,1.131790041923523
cifar10_iid,cifar10,iid,3,short_retrain,0.5,cifar10_iid/seed3/short_retrain_alpha0.50,0.6883,0.8848888888888888,0.9108888888888889,0.026000000000000023,True,0.6844,0.7994444444444444,20,2,1.8995457887649536,1.4539848566055298,-0.05897432193160057,-0.07704108953475952,0.998261034488678,0.604202151298523,-0.07086493074893951,5.119109153747559,1.0910050868988037,0.5251812934875488,0.31790924072265625,-0.6305227279663086,-1.0416138172149658,0.7761709690093994,0.07643567752276396,0.9242249131202698,-0.016245121136307716,0.9503808617591858,1.1503573656082153,0.7247329950332642,0.5693177580833435,-0.2817170321941376,-0.35862118005752563,0.9594979286193848,0.14555741239988354,0.7774723768234253,-0.09975513815879822,2.0505106449127197,1.0933585166931152,1.5796594619750977,1.2210866212844849,0.0641317144036293,0.08296001702547073,0.9979432225227356,0.6915486009016057,0.48088544607162476,-0.07625675201416016,4.393414497375488,1.0881718397140503,0.5585534572601318,0.4448665380477905,-0.26189476251602173,-0.3288227319717407,0.9650964736938477,0.08645839176578628,0.7760129570960999,-0.004686843138188124,1.340146780014038,1.0851805210113525
cifar10_iid,cifar10,iid,3,federaser,0.5,cifar10_iid/seed3/federaser_alpha0.50,0.4498,0.4922222222222222,0.9108888888888889,0.41866666666666663,True,0.6844,0.7994444444444444,20,2,9.648083686828613,1.4539848566055298,0.3025244176387787,2.0072948932647705,0.9531514644622803,-0.7791797518730164,0.23502424359321594,5.119109153747559,1.9147648811340332,3.6252894401550293,0.31790924072265625,0.7015407681465149,8.000042915344238,0.712629497051239,0.14117928622574366,-0.9586440920829773,0.08432689309120178,0.9503808617591858,3.8610317707061768,4.355967998504639,0.5693177580833435,0.44822004437446594,3.429420232772827,0.8939235806465149,0.20382413662625382,-0.8702095746994019,0.2450716644525528,2.0505106449127197,2.1146066188812256,7.032526969909668,1.2210866212844849,0.19552300870418549,1.1260087490081787,0.9807034134864807,0.5312855556793077,-0.6522062420845032,0.27786535024642944,4.393414497375488,1.6348508596420288,3.393606662750244,0.4448665380477905,0.42707428336143494,3.2578811645507812,0.904216468334198,0.12371107269059115,-0.9070793390274048,0.11941473186016083,1.340146780014038,2.6091349124908447
cifar10_iid,cifar10,iid,3,grad_negation,0.5,cifar10_iid/seed3/grad_negation_alpha0.50,0.6914,0.8773333333333333,0.9108888888888889,0.03355555555555556,True,0.6844,0.7994444444444444,20,2,1.910800814628601,1.4539848566055298,-0.05843697115778923,-0.0767914354801178,0.9982935190200806,0.6095675230026245,-0.058310315012931824,5.119109153747559,1.08759605884552,0.5555418133735657,0.31790924072265625,-0.6524038314819336,-1.1400659084320068,0.7578715682029724,0.0845238295012381,0.9299972057342529,-0.01552675012499094,0.9503808617591858,1.1661248207092285,0.7574488520622253,0.5693177580833435,-0.25348350405693054,-0.33724677562713623,0.9673401117324829,0.1571278316291001,0.769713819026947,-0.0821227952837944,2.0505106449127197,1.0941308736801147,1.5675266981124878,1.2210866212844849,0.06363342702388763,0.0816832035779953,0.9979772567749023,0.6729677621856306,0.4888807237148285,-0.06378035992383957,4.393414497375488,1.0829640626907349,0.5583502650260925,0.4448665380477905,-0.24003304541110992,-0.30126455426216125,0.9707647562026978,0.08538059300800012,0.7273682951927185,0.006176335737109184,1.340146780014038,1.0809427499771118
cifar10_iid,cifar10,iid,3,full_retrain,0.5,cifar10_iid/seed3/full_retrain_alpha0.50,0.6865,0.8237777777777778,0.9108888888888889,0.08711111111111103,True,0.6844,0.7994444444444444,20,2,23.92500877380371,1.4539848566055298,0.19086092710494995,3.1403558254241943,0.9816216826438904,-0.5652888417243958,0.0739065557718277,5.119109153747559,4.706624507904053,10.820369720458984,0.31790924072265625,0.4098778963088989,13.950613975524902,0.9121403098106384,0.20453098760495803,-0.6186528205871582,-0.033789582550525665,0.9503808617591858,11.462739944458008,11.758709907531738,0.5693177580833435,0.24247711896896362,5.008125305175781,0.9701567888259888,0.24154290283886445,-0.5617706775665283,0.062215495854616165,2.0505106449127197,5.759446620941162,15.507399559020996,1.2210866212844849,0.1322694718837738,1.6796976327896118,0.9912120699882507,0.4201084899373584,-0.5249506235122681,0.10875765979290009,4.393414497375488,3.562439203262329,8.752243995666504,0.4448665380477905,0.2829216718673706,5.566162586212158,0.9591431021690369,0.1338177662268426,-0.6285292506217957,0.04172064736485481,1.340146780014038,6.56555700302124
cifar10_iid,cifar10,iid,3,fine_pruning,0.5,cifar10_iid/seed3/fine_pruning_alpha0.50,0.6779,0.87,0.9108888888888889,0.040888888888888864,True,0.6844,0.7994444444444444,20,2,5.072472095489502,1.4539848566055298,0.024353018030524254,0.0849536657333374,0.9996718168258667,0.1003207266330719,-0.004031927790492773,5.119109153747559,1.4105898141860962,0.5448668599128723,0.31790924072265625,-0.6356790065765381,-1.0894943475723267,0.7719534635543823,0.011537616565468572,0.9192109704017639,-0.016196904703974724,0.9503808617591858,1.1607156991958618,4.717589378356934,0.5693177580833435,0.11476542055606842,0.9509900212287903,0.9933929443359375,0.864920669065257,-0.1871500015258789,0.03822183609008789,2.0505106449127197,2.4733176231384277,1.684644103050232,1.2210866212844849,0.026422034949064255,0.036450788378715515,0.999617338180542,0.11029498316692489,0.4725182056427002,-0.062356773763895035,4.393414497375488,1.0930893421173096,0.5838310718536377,0.4448665380477905,-0.28055837750434875,-0.3681974411010742,0.9598369002342224,0.01324676015747735,0.7997029423713684,-0.005779429338872433,1.340146780014038,1.093079924583435
cifar10_iid,cifar10,iid,3,short_retrain,0.75,cifar10_iid/seed3/short_retrain_alpha0.75,0.692,0.8667777777777778,0.9108888888888889,0.0441111111111111,True,0.6849,0.5786666666666667,20,2,1.984230637550354,1.9505127668380737,-0.05303076282143593,-0.05394313484430313,0.9985941052436829,0.6034391522407532,-0.07767728716135025,6.4869794845581055,1.0682138204574585,0.5468679666519165,0.47446465492248535,-0.6317335963249207,-0.7281361222267151,0.7751856446266174,0.075955439516256,0.920356273651123,-0.006732165347784758,1.3456259965896606,1.0819597244262695,0.7476799488067627,0.8072095513343811,-0.26052772998809814,-0.24131397902965546,0.9654668569564819,0.14197975478548575,0.7787500023841858,-0.13602179288864136,2.960568428039551,1.0641818046569824,1.653680682182312,1.5847514867782593,0.08120259642601013,0.08472934365272522,0.9966999292373657,0.6945687189212887,0.48323366045951843,-0.07943551987409592,5.383965969085693,1.0691769123077393,0.586945116519928,0.6453766822814941,-0.2557958960533142,-0.23263651132583618,0.9667307138442993,0.08749613976064699,0.7690176963806152,0.014439689926803112,1.587371826171875,1.0611518621444702
cifar10_iid,cifar10,iid,3,federaser,0.75,cifar10_iid/seed3/federaser_alpha0.75,0.4529,0.2837777777777778,0.9108888888888889,0.6271111111111111,True,0.6849,0.5786666666666667,20,2,9.937250137329102,1.9505127668380737,0.3555692136287689,1.8113672733306885,0.934662938117981,-0.7532663941383362,0.30345532298088074,6.4869794845581055,1.55466890335083,3.6684365272521973,0.47446465492248535,0.725652813911438,5.610558032989502,0.6880609393119812,0.13626897298803972,-0.9442871809005737,0.11826464533805847,1.3456259965896606,2.790574312210083,4.585338592529297,0.8072095513343811,0.4977143108844757,2.8272507190704346,0.8673418164253235,0.21290154688681998,-0.8389390110969543,0.36063966155052185,2.960568428039551,1.5105218887329102,7.236217021942139,1.5847514867782593,0.2439698874950409,1.1139355897903442,0.9697839617729187,0.5302435254359639,-0.6254573464393616,0.3444867432117462,5.383965969085693,1.3713010549545288,3.450887680053711,0.6453766822814941,0.4440338909626007,2.3742899894714355,0.8960101008415222,0.12058594503233573,-0.8897057175636292,0.12066111713647842,1.587371826171875,2.2806777954101562
cifar10_iid,cifar10,iid,3,grad_negation,0.75,cifar10_iid/seed3/grad_negation_alpha0.75,0.6895,0.8332222222222222,0.9108888888888889,0.07766666666666666,True,0.6849,0.5786666666666667,20,2,2.0057055950164795,1.9505127668380737,-0.05104096978902817,-0.052481021732091904,0.9986938834190369,0.607399582862854,-0.0714193806052208,6.4869794845581055,1.0675978660583496,0.5723705291748047,0.47446465492248535,-0.6540200710296631,-0.7889772653579712,0.7564772963523865,0.08143290932854391,0.9303119778633118,-0.01163069810718298,1.3456259965896606,1.0912483930587769,0.7954218983650208,0.8072095513343811,-0.24308300018310547,-0.23953275382518768,0.9700058698654175,0.157268375842264,0.7588472962379456,-0.11682279407978058,2.960568428039551,1.0653449296951294,1.6541783809661865,1.5847514867782593,0.0842883363366127,0.08797556906938553,0.9964377284049988,0.680182597159418,0.49382108449935913,-0.07438434660434723,5.383965969085693,1.0677556991577148,0.5712563395500183,0.6453766822814941,-0.235844224691391,-0.20875798165798187,0.9717909693717957,0.08111614730139495,0.7256470918655396,0.01907656528055668,1.587371826171875,1.0563048124313354
cifar10_iid,cifar10,iid,3,full_retrain,0.75,cifar10_iid/seed3/full_retrain_alpha0.75,0.6881,0.628,0.9108888888888889,0.28288888888888886,True,0.6849,0.5786666666666667,20,2,24.07559585571289,1.9505127668380737,0.21285226941108704,2.6270692348480225,0.9770891070365906,-0.5510165691375732,0.0904247835278511,6.4869794845581055,3.755425214767456,10.888473510742188,0.47446465492248535,0.41523927450180054,9.529312133789062,0.9097121953964233,0.20453039270893394,-0.6142581105232239,-0.039740901440382004,1.3456259965896606,8.192656517028809,11.812376022338867,0.8072095513343811,0.2577778100967407,3.772207736968994,0.9662038683891296,0.24071235326746418,-0.5500030517578125,0.09292487800121307,2.960568428039551,4.022163391113281,15.615737915039062,1.5847514867782593,0.14834058284759521,1.4616209268569946,0.9889381527900696,0.42068569702350544,-0.5074620842933655,0.1311001479625702,5.383965969085693,2.941422700881958,8.815695762634277,0.6453766822814941,0.30255353450775146,4.132812023162842,0.9531322717666626,0.13407164913239802,-0.6125892400741577,0.030922917649149895,1.587371826171875,5.61244010925293
cifar10_iid,cifar10,iid,3,fine_pruning,0.75,cifar10_iid/seed3/fine_pruning_alpha0.75,0.6847,0.818,0.9108888888888889,0.09288888888888891,True,0.6849,0.5786666666666667,20,2,5.03110933303833,1.9505127668380737,0.03244498744606972,0.0836811289191246,0.9994322657585144,0.11564723402261734,-0.0018206298118457198,6.4869794845581055,1.2666109800338745,0.5597183704376221,0.47446465492248535,-0.6234909296035767,-0.7355223298072815,0.7818305492401123,0.012376113002486654,0.9194483160972595,-0.007281911559402943,1.3456259965896606,1.0858526229858398,4.652929306030273,0.8072095513343811,0.12275087833404541,0.7075609564781189,0.9924378395080566,0.8552612087453206,-0.17250174283981323,0.04492704197764397,2.960568428039551,1.8245055675506592,1.730203628540039,1.5847514867782593,0.04799449443817139,0.05239633470773697,0.9987881779670715,0.1182612258494538,0.476891428232193,-0.0739244669675827,5.383965969085693,1.0727410316467285,0.5974610447883606,0.6453766822814941,-0.28182417154312134,-0.2609003186225891,0.9594659805297852,0.014101466530602158,0.7994704842567444,0.016674302518367767,1.587371826171875,1.0625971555709839
cifar10_iid,cifar10,iid,3,short_retrain,1.0,cifar10_iid/seed3/short_retrain_alpha1.00,0.6903,0.8193333333333334,0.9108888888888889,0.0915555555555555,True,0.6838,0.021111111111111112,20,2,2.07340145111084,2.442943572998047,-0.04291955754160881,-0.036424387246370316,0.9990759491920471,0.5997805595397949,-0.10272634774446487,8.209630966186523,1.0562529563903809,0.5565968751907349,0.630424439907074,-0.623681902885437,-0.5506438612937927,0.7816782593727112,0.07206029044265709,0.9125149846076965,-0.02490559034049511,1.829430103302002,1.052483081817627,0.7741286754608154,1.0351555347442627,-0.26096004247665405,-0.19515548646450043,0.9653497934341431,0.13939316812464375,0.7694047689437866,-0.19292064011096954,3.918611764907837,1.0560545921325684,1.7371363639831543,1.940380334854126,0.09976396709680557,0.08930888026952744,0.9950109124183655,0.7019365838471496,0.48687031865119934,-0.09949613362550735,6.708156585693359,1.0576369762420654,0.6102060079574585,0.8568196892738342,-0.24043351411819458,-0.17123080790042877,0.9706656336784363,0.086609895196678,0.7674156427383423,0.018253518268465996,1.9230901002883911,1.0435988903045654
cifar10_iid,cifar10,iid,3,federaser,1.0,cifar10_iid/seed3/federaser_alpha1.00,0.4047,0.084,0.9108888888888889,0.8268888888888889,True,0.6838,0.021111111111111112,20,2,10.195152282714844,2.442943572998047,0.4015859067440033,1.675813913345337,0.9158390760421753,-0.7035670876502991,0.38897719979286194,8.209630966186523,1.255447506904602,3.6996798515319824,0.630424439907074,0.7370610237121582,4.32548189163208,0.675826370716095,0.13167642631776574,-0.921554684638977,0.1907467097043991,1.829430103302002,2.07804012298584,4.685915470123291,1.0351555347442627,0.5320572853088379,2.408498764038086,0.8467094302177429,0.21123669008376195,-0.8020055890083313,0.4598275125026703,3.918611764907837,1.153356671333313,7.481293678283691,1.940380334854126,0.2946774363517761,1.1360844373703003,0.9556023478507996,0.5384547183210856,-0.5663636922836304,0.43018683791160583,6.708156585693359,1.1332662105560303,3.5116524696350098,0.8568196892738342,0.473385751247406,1.9401582479476929,0.8808550238609314,0.11863220197516236,-0.8457502722740173,0.18258681893348694,1.9230901002883911,1.9151036739349365
cifar10_iid,cifar10,iid,3,grad_negation,1.0,cifar10_iid/seed3/grad_negation_alpha1.00,0.6899,0.7265555555555555,0.9108888888888889,0.18433333333333335,True,0.6838,0.021111111111111112,20,2,2.0823793411254883,2.442943572998047,-0.032169267535209656,-0.02741919457912445,0.9994784593582153,0.6093791723251343,-0.09255003929138184,8.209630966186523,1.0541725158691406,0.5802507400512695,0.630424439907074,-0.6422473788261414,-0.5911327004432678,0.7664973735809326,0.07764153549229316,0.9253672361373901,-0.024840597063302994,1.829430103302002,1.0565786361694336,0.7992791533470154,1.0351555347442627,-0.22859768569469452,-0.17650780081748962,0.973520815372467,0.14731950035275013,0.769740879535675,-0.1679944396018982,3.918611764907837,1.0536293983459473,1.7319823503494263,1.940380334854126,0.1104053482413292,0.09854182600975037,0.99388188123703,0.6917741264376107,0.5002580881118774,-0.09169657528400421,6.708156585693359,1.0554683208465576,0.6008962988853455,0.8568196892738342,-0.21484611928462982,-0.15067371726036072,0.9766479134559631,0.08326487207969514,0.7337175607681274,0.030903292819857597,1.9230901002883911,1.0384224653244019
cifar10_iid,cifar10,iid,3,full_retrain,1.0,cifar10_iid/seed3/full_retrain_alpha1.00,0.6892,0.021111111111111112,0.9108888888888889,0.8897777777777778,True,0.6838,0.021111111111111112,20,2,24.213232040405273,2.442943572998047,0.22785551846027374,2.25821852684021,0.9736987948417664,-0.5328614115715027,0.1187039390206337,8.209630966186523,2.9997715950012207,10.929068565368652,0.630424439907074,0.4168938994407654,7.227292060852051,0.9089551568031311,0.20372306548480357,-0.6104350090026855,-0.010403702035546303,1.829430103302002,6.067399024963379,11.875306129455566,1.0351555347442627,0.2680225968360901,3.0747499465942383,0.9634129405021667,0.24052698521227606,-0.5369483828544617,0.12872245907783508,3.918611764907837,3.066542625427246,15.726641654968262,1.940380334854126,0.16183917224407196,1.3116158246994019,0.9868181347846985,0.4218472246107568,-0.48520132899284363,0.16679924726486206,6.708156585693359,2.390434980392456,8.860489845275879,0.8568196892738342,0.3124742805957794,3.2313385009765625,0.9499262571334839,0.13390272469216358,-0.5873469114303589,0.012754838913679123,1.9230901002883911,4.702213287353516
cifar10_iid,cifar10,iid,3,fine_pruning,1.0,cifar10_iid/seed3/fine_pruning_alpha1.00,0.6831,0.4653333333333333,0.9108888888888889,0.44555555555555554,True,0.6838,0.021111111111111112,20,2,5.282979488372803,2.442943572998047,0.06130967289209366,0.13257497549057007,0.9980303645133972,0.11255111545324326,0.015654435381293297,8.209630966186523,1.1806414127349854,0.5731253623962402,0.630424439907074,-0.6149036884307861,-0.5590152740478516,0.7886022329330444,0.011768472615554174,0.9175815582275391,-0.018995366990566254,1.829430103302002,1.053587555885315,4.883394718170166,1.0351555347442627,0.19063079357147217,0.8993080854415894,0.9816625118255615,0.8544083633705233,-0.1748972088098526,0.09141538292169571,3.918611764907837,1.5248560905456543,1.829262137413025,1.940380334854126,0.05473259091377258,0.051595158874988556,0.9984350800514221,0.11988800580256596,0.47036197781562805,-0.08789944648742676,6.708156585693359,1.0593843460083008,0.623658299446106,0.8568196892738342,-0.2703927457332611,-0.19681230187416077,0.9627500772476196,0.013935238292876235,0.7713037729263306,0.023467235267162323,1.9230901002883911,1.044006586074829
cifar10_iid,cifar10,iid,4,short_retrain,0.25,cifar10_iid/seed4/short_retrain_alpha0.25,0.6855,0.9028888888888889,0.9066666666666666,0.003777777777777769,True,0.6805,0.876,20,2,1.8197331428527832,0.9436084628105164,-0.054145317524671555,-0.1044120118021965,0.9985321760177612,0.6026155352592468,-0.03493918851017952,3.7027010917663574,1.1295483112335205,0.5062079429626465,0.16436243057250977,-0.6073465347290039,-1.8705228567123413,0.794437050819397,0.0773778531927292,0.9306979179382324,0.12346244603395462,0.42110928893089294,1.4656659364700317,0.697693943977356,0.29901811480522156,-0.30859506130218506,-0.720038652420044,0.9511928558349609,0.14699028060975816,0.7671490907669067,0.017269518226385117,1.1682201623916626,1.1558778285980225,1.5100170373916626,0.8405465483665466,0.04280863329768181,0.07690052688121796,0.9990835189819336,0.6885593528450682,0.4730602204799652,-0.05227010324597359,3.2974812984466553,1.1214172840118408,0.5369837880134583,0.2597487270832062,-0.23226071894168854,-0.4801572859287262,0.9726536273956299,0.08707252235174658,0.8001132011413574,-0.025442972779273987,1.137839436531067,1.1165732145309448
cifar10_iid,cifar10,iid,4,federaser,0.25,cifar10_iid/seed4/federaser_alpha0.25,0.4512,0.5721111111111111,0.9066666666666666,0.3345555555555555,True,0.6805,0.876,20,2,9.454507827758789,0.9436084628105164,0.21847406029701233,2.188873291015625,0.9758461117744446,-0.8017715215682983,0.13221919536590576,3.7027010917663574,2.6162312030792236,3.618398427963257,0.16436243057250977,0.6304714679718018,13.879676818847656,0.7762125134468079,0.14646143340125126,-0.9554545283317566,-0.10427571088075638,0.42110928893089294,8.753498077392578,4.259657859802246,0.29901811480522156,0.4052015542984009,5.772284507751465,0.9142275452613831,0.20297391449509358,-0.8951384425163269,0.04838164895772934,1.1682201623916626,3.733970880508423,6.8177595138549805,0.8405465483665466,0.12942449748516083,1.0497218370437622,0.9915902018547058,0.5199892771937586,-0.6779811382293701,0.1865394562482834,3.2974812984466553,2.122145414352417,3.4165313243865967,0.2597487270832062,0.3564499318599701,4.68846321105957,0.9343146085739136,0.1305754069144519,-0.9253683090209961,0.09082603454589844,1.137839436531067,3.077410936355591
cifar10_iid,cifar10,iid,4,grad_negation,0.25,cifar10_iid/seed4/grad_negation_alpha0.25,0.6777,0.8826666666666667,0.9066666666666666,0.02399999999999991,True,0.6805,0.876,20,2,2.838491916656494,0.9436084628105164,-0.050537917762994766,-0.15201514959335327,0.9987244606018066,0.40266361832618713,-0.01148183923214674,3.7027010917663574,1.2669932842254639,1.1695611476898193,0.16436243057250977,-0.33286386728286743,-2.368574619293213,0.942974865436554,0.16976011507980798,0.4671761989593506,0.0825774148106575,0.42110928893089294,2.8731329441070557,1.477003574371338,0.29901811480522156,-0.17247572541236877,-0.8519447445869446,0.9850144386291504,0.27074071737640953,0.405147522687912,0.03461078554391861,1.1682201623916626,1.5846089124679565,2.0135746002197266,0.8405465483665466,0.019077707082033157,0.0456993468105793,0.9998209476470947,0.5032052552859816,0.3584310710430145,-0.03262704983353615,3.2974812984466553,1.188584327697754,0.6734974980354309,0.2597487270832062,-0.15713950991630554,-0.407444030046463,0.9875762462615967,0.056293949244019446,0.5551325082778931,-0.005781598389148712,1.137839436531067,1.1649898290634155
cifar10_iid,cifar10,iid,4,full_retrain,0.25,cifar10_iid/seed4/full_retrain_alpha0.25,0.6902,0.902,0.9066666666666666,0.004666666666666597,True,0.6805,0.876,20,2,24.24285125732422,0.9436084628105164,0.14495377242565155,3.723874568939209,0.9894418716430664,-0.5853378772735596,0.04698469862341881,3.7027010917663574,6.576663017272949,10.944476127624512,0.16436243057250977,0.37788739800453186,25.16256332397461,0.9258514642715454,0.203798316278666,-0.633847713470459,-0.07594727724790573,0.42110928893089294,26.084646224975586,11.988419532775879,0.29901811480522156,0.24534247815608978,9.836408615112305,0.9694362878799438,0.24453132739789787,-0.5809118151664734,0.013919992372393608,1.1682201623916626,10.29686164855957,15.523646354675293,0.8405465483665466,0.09559893608093262,1.765480399131775,0.9954206347465515,0.41002393448050195,-0.5426754355430603,0.07952052354812622,3.2974812984466553,4.73434591293335,9.12425708770752,0.2597487270832062,0.21487636864185333,7.5480146408081055,0.9766414761543274,0.1416464737660523,-0.659952700138092,0.02909291535615921,1.137839436531067,8.052123069763184
cifar10_iid,cifar10,iid,4,fine_pruning,0.25,cifar10_iid/seed4/fine_pruning_alpha0.25,0.6819,0.9011111111111111,0.9066666666666666,0.005555555555555536,True,0.6805,0.876,20,2,4.020313739776611,0.9436084628105164,-0.005959058180451393,-0.025387469679117203,0.9999827742576599,0.20042067766189575,-0.015635650604963303,3.7027010917663574,1.4875394105911255,0.521614670753479,0.16436243057250977,-0.5993553400039673,-1.9020928144454956,0.8004828691482544,0.016832588346193153,0.9250984787940979,0.12243258953094482,0.42110928893089294,1.4936505556106567,3.6218879222869873,0.29901811480522156,0.012172858230769634,0.14744479954242706,0.9999256730079651,0.8115613185633707,-0.03613457456231117,0.0042267064563930035,1.1682201623916626,3.2536044120788574,1.5743070840835571,0.8405465483665466,0.03734373301267624,0.06993962079286575,0.9992738366127014,0.1533334308798765,0.4747559726238251,-0.04957403987646103,3.2974812984466553,1.1292766332626343,0.5434706211090088,0.2597487270832062,-0.23958170413970947,-0.5012753009796143,0.9708762764930725,0.01827273411671861,0.8001798987388611,-0.03263113275170326,1.137839436531067,1.122187852859497
cifar10_iid,cifar10,iid,4,short_retrain,0.5,cifar10_iid/seed4/short_retrain_alpha0.50,0.6867,0.8821111111111111,0.9066666666666666,0.024555555555555553,True,0.6811,0.7988888888888889,20,2,1.8949214220046997,1.4776405096054077,-0.058979835361242294,-0.07563063502311707,0.9982602000236511,0.6033952832221985,-0.032822344452142715,4.756288528442383,1.0885199308395386,0.5264464616775513,0.30824014544487,-0.6152353286743164,-1.0507665872573853,0.7883433103561401,0.0771794767776459,0.9298585653305054,0.11861743032932281,0.7475493550300598,1.1527668237686157,0.7206375598907471,0.5461578369140625,-0.31134259700775146,-0.4108060896396637,0.9502976536750793,0.14461972616688076,0.7664667963981628,-0.07304476201534271,1.8799855709075928,1.09678316116333,1.5787397623062134,1.2542561292648315,0.06306739151477814,0.0793791115283966,0.998004674911499,0.6941174799003229,0.4787600636482239,-0.041004303842782974,4.10678243637085,1.0859575271606445,0.5494885444641113,0.46585530042648315,-0.2642863094806671,-0.3117326498031616,0.9644439816474915,0.08408348314197929,0.7972694039344788,0.03147660195827484,1.2899514436721802,1.074541449546814
cifar10_iid,cifar10,iid,4,federaser,0.5,cifar10_iid/seed4/federaser_alpha0.50,0.4027,0.2238888888888889,0.9066666666666666,0.6827777777777777,True,0.6811,0.7988888888888889,20,2,9.673612594604492,1.4776405096054077,0.3123289942741394,2.04457950592041,0.9499850273132324,-0.776908278465271,0.19121895730495453,4.756288528442383,2.0877695083618164,3.6268513202667236,0.30824014544487,0.6799505352973938,8.00051212310791,0.7332581281661987,0.14055569799396894,-0.9511964917182922,-0.058198727667331696,0.7475493550300598,5.010316848754883,4.369114398956299,0.5461578369140625,0.486293226480484,3.8902106285095215,0.873796284198761,0.20397476543858034,-0.871566116809845,0.1880764663219452,1.8799855709075928,2.350928783416748,7.027857303619385,1.2542561292648315,0.21223649382591248,1.1891423463821411,0.9772180318832397,0.5277814961223689,-0.6479173302650452,0.2425311654806137,4.10678243637085,1.7602369785308838,3.456852674484253,0.46585530042648315,0.4179786145687103,3.10158634185791,0.9084569215774536,0.12768816272925224,-0.909969687461853,0.09219823032617569,1.2899514436721802,2.7726058959960938
cifar10_iid,cifar10,iid,4,grad_negation,0.5,cifar10_iid/seed4/grad_negation_alpha0.50,0.6819,0.857,0.9066666666666666,0.04966666666666664,True,0.6811,0.7988888888888889,20,2,2.678182363510132,1.4776405096054077,-0.05420224741101265,-0.09823369234800339,0.998528003692627,0.44370779395103455,0.0153579730540514,4.756288528442383,1.1400731801986694,1.0228502750396729,0.30824014544487,-0.36278024315834045,-1.2038335800170898,0.9318748712539673,0.145851195619269,0.5467545390129089,0.09202224016189575,0.7475493550300598,1.6187474727630615,1.3625495433807373,0.5461578369140625,-0.18918322026729584,-0.47197210788726807,0.9819416403770447,0.25881566546352025,0.4487749934196472,0.012592644430696964,1.8799855709075928,1.2276126146316528,1.96368408203125,1.2542561292648315,0.039140209555625916,0.06127532199025154,0.9992347359657288,0.5375857173682377,0.3885904550552368,0.004098385572433472,4.10678243637085,1.1066653728485107,0.6436115503311157,0.46585530042648315,-0.1858980357646942,-0.2568310797214508,0.9825690388679504,0.057747537879568454,0.6081851720809937,0.07222342491149902,1.2899514436721802,1.0848379135131836
cifar10_iid,cifar10,iid,4,full_retrain,0.5,cifar10_iid/seed4/full_retrain_alpha0.50,0.6879,0.836,0.9066666666666666,0.07066666666666666,True,0.6811,0.7988888888888889,20,2,24.34886932373047,1.4776405096054077,0.18656647205352783,3.0740816593170166,0.9824426770210266,-0.5757383108139038,0.050079744309186935,4.756288528442383,5.166664123535156,11.022107124328613,0.30824014544487,0.3974211812019348,14.211057662963867,0.9176362156867981,0.20490495440123394,-0.63424152135849,-0.09350519627332687,0.7475493550300598,14.871191024780273,12.025349617004395,0.5461578369140625,0.268588125705719,5.913790702819824,0.9632557034492493,0.24390395933938022,-0.5748173594474792,0.044034019112586975,1.8799855709075928,6.4305572509765625,15.596138000488281,1.2542561292648315,0.12877891957759857,1.6012262105941772,0.9916731119155884,0.4102669053195455,-0.5277904868125916,0.08746520429849625,4.10678243637085,3.841590404510498,9.140735626220703,0.46585530042648315,0.25341305136680603,4.972320079803467,0.9673582911491394,0.14092420667597355,-0.652039647102356,-0.00232793390750885,1.2899514436721802,7.158626556396484
cifar10_iid,cifar10,iid,4,fine_pruning,0.5,cifar10_iid/seed4/fine_pruning_alpha0.50,0.6869,0.8752222222222222,0.9066666666666666,0.031444444444444386,True,0.6811,0.7988888888888889,20,2,3.9604668617248535,1.4776405096054077,-0.005627941805869341,-0.015083390288054943,0.999983549118042,0.217365100979805,-0.030167346820235252,4.756288528442383,1.3204280138015747,0.5271552205085754,0.30824014544487,-0.6015902161598206,-1.028845191001892,0.7988048791885376,0.017715603588212763,0.9252286553382874,0.11920502781867981,0.7475493550300598,1.152889370918274,3.5212185382843018,0.5461578369140625,0.011608676984906197,0.07484403252601624,0.9999319314956665,0.7904328714821592,-0.021077264100313187,-0.04120290279388428,1.8799855709075928,2.1592793464660645,1.6426653861999512,1.2542561292648315,0.05229810252785683,0.06848980486392975,0.9985971450805664,0.17202262543849517,0.473158061504364,-0.05228843539953232,4.10678243637085,1.0962722301483154,0.5577125549316406,0.46585530042648315,-0.25117647647857666,-0.30070340633392334,0.9679412841796875,0.019828948888334964,0.7925191521644592,0.014256332069635391,1.2899514436721802,1.0837898254394531
cifar10_iid,cifar10,iid,4,short_retrain,0.75,cifar10_iid/seed4/short_retrain_alpha0.75,0.6874,0.8637777777777778,0.9066666666666666,0.042888888888888865,True,0.6832,0.6284444444444445,20,2,1.969124436378479,1.9751485586166382,-0.05588129535317421,-0.05570664629340172,0.9984344840049744,0.6047112345695496,-0.06107502803206444,6.3194708824157715,1.0654335021972656,0.5417775511741638,0.45268532633781433,-0.6151814460754395,-0.736254096031189,0.7883856296539307,0.0756961560440201,0.9256798624992371,0.07963316142559052,1.1580698490142822,1.0697447061538696,0.7392331957817078,0.7982544898986816,-0.2911168336868286,-0.2695920467376709,0.9566879272460938,0.14092737554649754,0.7674025893211365,-0.10919622331857681,2.7492706775665283,1.0634950399398804,1.6454575061798096,1.6238957643508911,0.0752217099070549,0.07621609419584274,0.9971652030944824,0.6982720022705325,0.4848582446575165,-0.06837158650159836,5.333553314208984,1.066473364830017,0.574460506439209,0.6497560143470764,-0.256318062543869,-0.22661525011062622,0.9665926694869995,0.08510445076760206,0.7951674461364746,0.012971049174666405,1.6095417737960815,1.0574146509170532
cifar10_iid,cifar10,iid,4,federaser,0.75,cifar10_iid/seed4/federaser_alpha0.75,0.4815,0.36544444444444446,0.9066666666666666,0.5412222222222222,True,0.6832,0.6284444444444445,20,2,9.818779945373535,1.9751485586166382,0.3704250156879425,1.841302752494812,0.9288767576217651,-0.7401933073997498,0.2772597372531891,6.3194708824157715,1.5976744890213013,3.5782244205474854,0.45268532633781433,0.6989724040031433,5.524984836578369,0.7151485085487366,0.1327964996488998,-0.928199052810669,0.03925127163529396,1.1580698490142822,3.2100489139556885,4.46187162399292,0.7982544898986816,0.5128445029258728,2.866560459136963,0.8584817051887512,0.20648383237778475,-0.8384299874305725,0.3115420937538147,2.7492706775665283,1.619469165802002,7.182766437530518,1.6238957643508911,0.2745114266872406,1.214140772819519,0.9615866541862488,0.5351258856832939,-0.6064841747283936,0.32811689376831055,5.333553314208984,1.3892160654067993,3.4798331260681152,0.6497560143470764,0.45250383019447327,2.4234299659729004,0.8917624354362488,0.12559387131137073,-0.8885971903800964,0.11595793068408966,1.6095417737960815,2.274390697479248
cifar10_iid,cifar10,iid,4,grad_negation,0.75,cifar10_iid/seed4/grad_negation_alpha0.75,0.6845,0.816,0.9066666666666666,0.09066666666666667,True,0.6832,0.6284444444444445,20,2,2.465602159500122,1.9751485586166382,-0.059536438435316086,-0.07431444525718689,0.9982264637947083,0.49928802251815796,-0.020276591181755066,6.3194708824157715,1.0807619094848633,0.8840833902359009,0.45268532633781433,-0.40293601155281067,-0.7869240045547485,0.9152283072471619,0.12856057139025195,0.6366569995880127,0.08674843609333038,1.1580698490142822,1.204303503036499,1.2003700733184814,0.7982544898986816,-0.21496255695819855,-0.3232482969760895,0.9766229391098022,0.23700205216410566,0.5125277042388916,-0.03551521152257919,2.7492706775665283,1.1052809953689575,1.869714379310608,1.6238957643508911,0.05402207747101784,0.06219613179564476,0.9985416531562805,0.5750305001076474,0.43117961287498474,-0.03479218855500221,5.333553314208984,1.071111798286438,0.60097736120224,0.6497560143470764,-0.22209198772907257,-0.20541907846927643,0.9750257134437561,0.05940697927953471,0.6996399760246277,0.06141773983836174,1.6095417737960815,1.0457298755645752
cifar10_iid,cifar10,iid,4,full_retrain,0.75,cifar10_iid/seed4/full_retrain_alpha0.75,0.6897,0.6783333333333333,0.9066666666666666,0.22833333333333328,True,0.6832,0.6284444444444445,20,2,24.47734260559082,1.9751485586166382,0.2067287117242813,2.561724901199341,0.9784044027328491,-0.5614200234413147,0.06926513463258743,6.3194708824157715,3.9327054023742676,11.05996036529541,0.45268532633781433,0.39672693610191345,9.692789077758789,0.9179367423057556,0.2041533120311107,-0.6303721070289612,-0.1010909378528595,1.1580698490142822,9.702569961547852,12.074555397033691,0.7982544898986816,0.27300307154655457,4.129495143890381,0.962012767791748,0.24332769912362623,-0.564884603023529,0.0748697891831398,2.7492706775665283,4.430717468261719,15.706811904907227,1.6238957643508911,0.1494991034269333,1.4459173679351807,0.9887639880180359,0.41175298080355177,-0.5079655647277832,0.11671581119298935,5.333553314208984,2.9975149631500244,9.183841705322266,0.6497560143470764,0.2620609998703003,3.704047679901123,0.9650512337684631,0.1407660844412282,-0.6393551230430603,-0.017186569049954414,1.6095417737960815,5.809743881225586
cifar10_iid,cifar10,iid,4,fine_pruning,0.75,cifar10_iid/seed4/fine_pruning_alpha0.75,0.6846,0.8567777777777777,0.9066666666666666,0.04988888888888887,True,0.6832,0.6284444444444445,20,2,3.993699550628662,1.9751485586166382,0.0006962185725569725,0.0014076295774430037,0.9999994039535522,0.22933591902256012,-0.039700884371995926,6.3194708824157715,1.203965425491333,0.5477007031440735,0.45268532633781433,-0.6011794805526733,-0.7273625731468201,0.7991138696670532,0.018806587235349267,0.9189437031745911,0.08665697276592255,1.1580698490142822,1.0685070753097534,3.525601625442505,0.7982544898986816,0.01733608916401863,0.07656718045473099,0.999849259853363,0.779273407805724,-0.014282813295722008,-0.03986189886927605,2.7492706775665283,1.6573251485824585,1.699306607246399,1.6238957643508911,0.07208484411239624,0.07542798668146133,0.9973532557487488,0.18103975195082112,0.48203498125076294,-0.0756043940782547,5.333553314208984,1.0722317695617676,0.5771083831787109,0.6497560143470764,-0.24844378232955933,-0.22066593170166016,0.9686462879180908,0.02088038006042668,0.79498291015625,0.015787804499268532,1.6095417737960815,1.0569956302642822
cifar10_iid,cifar10,iid,4,short_retrain,1.0,cifar10_iid/seed4/short_retrain_alpha1.00,0.6863,0.8322222222222222,0.9066666666666666,0.07444444444444442,True,0.6854,0.023555555555555555,20,2,2.062800645828247,2.4874093532562256,-0.04396243765950203,-0.03645533695816994,0.9990353584289551,0.6004095673561096,-0.05279821157455444,7.662850856781006,1.049231767654419,0.5554562211036682,0.600085437297821,-0.6029657125473022,-0.5581221580505371,0.7977671027183533,0.07250408554132974,0.9155194759368896,0.06706039607524872,1.5488473176956177,1.0394773483276367,0.7671059370040894,1.0590442419052124,-0.2735100984573364,-0.1981135606765747,0.961869478225708,0.13828464860646736,0.7574620842933655,-0.11131653189659119,3.509019136428833,1.0471196174621582,1.7323157787322998,1.9903777837753296,0.09116720408201218,0.07934213429689407,0.9958361387252808,0.7052379418822221,0.4899834990501404,-0.060206927359104156,6.355264663696289,1.0521979331970215,0.5977771878242493,0.8626244068145752,-0.22637726366519928,-0.15687377750873566,0.9740396738052368,0.08397337299423564,0.7799932956695557,0.06173713132739067,1.9023752212524414,1.0295337438583374
cifar10_iid,cifar10,iid,4,federaser,1.0,cifar10_iid/seed4/federaser_alpha1.00,0.4605,0.04022222222222222,0.9066666666666666,0.8664444444444444,True,0.6854,0.023555555555555555,20,2,10.123527526855469,2.4874093532562256,0.41673240065574646,1.695942759513855,0.9090461730957031,-0.6960644125938416,0.33889830112457275,7.662850856781006,1.3601287603378296,3.6614737510681152,0.600085437297821,0.7240898013114929,4.41809606552124,0.6897057890892029,0.13080236563502004,-0.915677011013031,0.09519647061824799,1.5488473176956177,2.4775803089141846,4.646842002868652,1.0590442419052124,0.5392486453056335,2.3660964965820312,0.8421466946601868,0.2106783707786758,-0.7983416318893433,0.39518988132476807,3.509019136428833,1.306518793106079,7.393982410430908,1.9903777837753296,0.3294966518878937,1.2239609956741333,0.9441637396812439,0.5334341718137342,-0.5524756908416748,0.3911677598953247,6.355264663696289,1.2014340162277222,3.5805604457855225,0.8626244068145752,0.45327475666999817,1.8814417123794556,0.8913708329200745,0.12508516621042465,-0.8479381799697876,0.13580363988876343,1.9023752212524414,2.007807970046997
cifar10_iid,cifar10,iid,4,grad_negation,1.0,cifar10_iid/seed4/grad_negation_alpha1.00,0.6805,0.7133333333333334,0.9066666666666666,0.19333333333333325,True,0.6854,0.023555555555555555,20,2,2.676438808441162,2.4874093532562256,-0.038822367787361145,-0.04176970571279526,0.9992489814758301,0.48073726892471313,-0.016999879851937294,7.662850856781006,1.0648329257965088,0.9425613284111023,0.600085437297821,-0.36455416679382324,-0.5726094841957092,0.9311822652816772,0.12401431669863279,0.620404839515686,0.05181388184428215,1.5488473176956177,1.1433627605438232,1.2887203693389893,1.0590442419052124,-0.17862378060817719,-0.21736189723014832,0.983917772769928,0.23183044273669995,0.4846574068069458,-0.03950761258602142,3.509019136428833,1.0788415670394897,2.0463099479675293,1.9903777837753296,0.070526123046875,0.07250361144542694,0.9975121021270752,0.5845397093861272,0.4225228428840637,-0.02703830786049366,6.355264663696289,1.0588113069534302,0.6535117626190186,0.8626244068145752,-0.1697922945022583,-0.12863217294216156,0.985480010509491,0.05961553949871919,0.6551317572593689,0.08525608479976654,1.9023752212524414,1.0292879343032837
cifar10_iid,cifar10,iid,4,full_retrain,1.0,cifar10_iid/seed4/full_retrain_alpha1.00,0.694,0.025,0.9066666666666666,0.8816666666666666,True,0.6854,0.023555555555555555,20,2,24.638412475585938,2.4874093532562256,0.21756845712661743,2.1549179553985596,0.9760469794273376,-0.5435661673545837,0.0850609689950943,7.662850856781006,3.284992218017578,11.14264965057373,0.600085437297821,0.40059658885002136,7.438451766967773,0.9162546992301941,0.20451763727698602,-0.6262021660804749,-0.08851116895675659,1.5488473176956177,7.350470066070557,12.135564804077148,1.0590442419052124,0.270820677280426,3.103325128555298,0.9626299738883972,0.24259063953257484,-0.5492121577262878,0.09726680815219879,3.509019136428833,3.505383253097534,15.824591636657715,1.9903777837753296,0.16147609055042267,1.283745527267456,0.9868786931037903,0.4125048698499609,-0.48537227511405945,0.13659819960594177,6.355264663696289,2.553403377532959,9.231796264648438,0.8626244068145752,0.26227447390556335,2.8068583011627197,0.9649932980537415,0.14038677793634988,-0.6227450370788574,-0.01665561832487583,1.9023752212524414,4.971022605895996
cifar10_iid,cifar10,iid,4,fine_pruning,1.0,cifar10_iid/seed4/fine_pruning_alpha1.00,0.6826,0.8281111111111111,0.9066666666666666,0.07855555555555549,True,0.6854,0.023555555555555555,20,2,4.039673328399658,2.4874093532562256,0.006983875297009945,0.011341351084411144,0.9999746084213257,0.24213513731956482,-0.03209301829338074,7.662850856781006,1.1453053951263428,0.5716624855995178,0.600085437297821,-0.5969682931900024,-0.5686929225921631,0.8022648692131042,0.02002447372960621,0.9161747694015503,0.06827715784311295,1.5488473176956177,1.0420299768447876,3.5322606563568115,1.0590442419052124,0.023056626319885254,0.07690135389566422,0.9997338652610779,0.7645172125521382,-0.004043587017804384,-0.03032851219177246,3.509019136428833,1.4402600526809692,1.7751299142837524,1.9903777837753296,0.0855853408575058,0.07632516324520111,0.9962847828865051,0.19308505982053314,0.48288413882255554,-0.06654400378465652,6.355264663696289,1.0560246706008911,0.604261040687561,0.8626244068145752,-0.21808145940303802,-0.1527641862630844,0.9759306311607361,0.022373348856514985,0.7969493865966797,0.06326007843017578,1.9023752212524414,1.0299053192138672
mnist_iid,mnist,iid,0,short_retrain,0.25,mnist_iid/seed0/short_retrain_alpha0.25,0.9869,0.9945676274944567,0.9922394678492239,-0.002328159645232808,True,0.9855,0.9870288248337029,10,2,0.607015073299408,0.2876408100128174,-0.18826861679553986,-0.3972688615322113,0.9821187853813171,0.5014312863349915,0.014148901216685772,0.9733985066413879,1.1710032224655151,0.13670659065246582,0.057959843426942825,-0.7064778804779053,-1.6663291454315186,0.7077352404594421,0.05071486040742147,0.7869367003440857,0.3768584132194519,0.028119701892137527,4.579392433166504,0.22844137251377106,0.09050366282463074,-0.4117092490196228,-1.0391982793807983,0.9113163352012634,0.14161417434911358,0.6282830834388733,0.1092330813407898,0.12042582035064697,2.045480728149414,0.50203937292099,0.24525950849056244,-0.09849592298269272,-0.20160230994224548,0.9951356649398804,0.6840104281574485,0.4044795632362366,0.005910119507461786,0.8738413453102112,1.1503397226333618,0.21347035467624664,0.10506193339824677,-0.2958213984966278,-0.601065456867218,0.9552433490753174,0.12366064323253471,0.6585859060287476,0.014985715039074421,0.41063162684440613,1.1201213598251343
mnist_iid,mnist,iid,0,federaser,0.25,mnist_iid/seed0/federaser_alpha0.25,0.9667,0.5562084257206208,0.9922394678492239,0.4360310421286031,True,0.9855,0.9870288248337029,10,2,2.9744656085968018,0.2876408100128174,0.3873458802700043,4.005115509033203,0.9219456911087036,-0.6657878160476685,0.08246053010225296,0.9733985066413879,3.135871648788452,0.7762792706489563,0.057959843426942825,0.8525144457817078,11.41806411743164,0.522704005241394,0.06810400129680438,-0.9112617373466492,-0.36330437660217285,0.028119701892137527,27.985061645507812,1.258357286453247,0.09050366282463074,0.42722994089126587,5.9401679039001465,0.9041433334350586,0.17895546082685074,-0.6879929304122925,-0.1001986712217331,0.12042582035064697,10.596243858337402,2.291597366333008,0.24525950849056244,0.33308640122413635,3.1119649410247803,0.9429041147232056,0.5935422547841217,-0.581237256526947,0.1117885634303093,0.8738413453102112,2.700180768966675,1.1876095533370972,0.10506193339824677,0.45831596851348877,5.180757999420166,0.8887891173362732,0.1593983504544851,-0.8102608323097229,0.07794208824634552,0.41063162684440613,2.9855830669403076
mnist_iid,mnist,iid,0,grad_negation,0.25,mnist_iid/seed0/grad_negation_alpha0.25,0.9865,0.9801552106430155,0.9922394678492239,0.012084257206208426,True,0.9855,0.9870288248337029,10,2,1.4079642295837402,0.2876408100128174,-0.14904442429542542,-0.7294818758964539,0.988830029964447,0.3253578841686249,0.04261166602373123,0.9733985066413879,1.7230479717254639,0.2140135020017624,0.057959843426942825,-0.1874038428068161,-0.6919782757759094,0.9822829961776733,0.023102296699551536,0.2721022665500641,0.25457102060317993,0.028119701892137527,7.419524192810059,0.3828151524066925,0.09050366282463074,-0.5047467947006226,-2.1349895000457764,0.8632680177688599,0.07391823540829172,0.6074367165565491,0.10924940556287766,0.12042582035064697,3.2265288829803467,1.2142504453659058,0.24525950849056244,-0.12888218462467194,-0.6380293369293213,0.9916574358940125,0.7437724551186246,0.3156897723674774,0.038018666207790375,0.8738413453102112,1.6808370351791382,0.5618167519569397,0.10506193339824677,-0.03671485185623169,-0.19633200764656067,0.9993258714675903,0.15920700149937297,0.2745712101459503,0.04980958625674248,0.41063162684440613,1.6539684534072876
mnist_iid,mnist,iid,0,full_retrain,0.25,mnist_iid/seed0/full_retrain_alpha0.25,0.9866,0.9873614190687361,0.9922394678492239,0.004878048780487809,True,0.9855,0.9870288248337029,10,2,16.744213104248047,0.2876408100128174,0.2300008237361908,13.387555122375488,0.9731959700584412,-0.4454396963119507,0.0023092019837349653,0.9733985066413879,17.22856903076172,6.378092288970947,0.057959843426942825,0.3525013029575348,38.7904052734375,0.9358114004135132,0.1450890558792445,-0.39587920904159546,-0.20995809137821198,0.028119701892137527,227.0314178466797,8.12437915802002,0.09050366282463074,0.2699117064476013,24.22952651977539,0.9628849625587463,0.23541456915871473,-0.40825381875038147,-0.03743360564112663,0.12042582035064697,67.50861358642578,11.73776626586914,0.24525950849056244,0.18396037817001343,8.803374290466309,0.9829328060150146,0.49139732396987645,-0.41732409596443176,0.010734389536082745,0.8738413453102112,13.458836555480957,5.993032932281494,0.10506193339824677,0.3960995674133301,22.59465217590332,0.918207585811615,0.12809917344127722,-0.6498650908470154,0.0007377801812253892,0.41063162684440613,14.628150939941406
mnist_iid,mnist,iid,0,short_retrain,0.5,mnist_iid/seed0/short_retrain_alpha0.50,0.9876,0.9921286031042129,0.9922394678492239,0.00011086474501098564,True,0.9862,0.9679600886917961,10,2,0.6272988319396973,0.5369597673416138,-0.17189444601535797,-0.200792133808136,0.9851171374320984,0.5038623213768005,0.06842279434204102,1.0443902015686035,1.1307405233383179,0.14154647290706635,0.12199050188064575,-0.674936056137085,-0.7831332683563232,0.7378760576248169,0.0509102330267733,0.7838462591171265,0.4148343801498413,0.042373429983854294,3.063847064971924,0.23601706326007843,0.18989315629005432,-0.34391579031944275,-0.42745018005371094,0.939001202583313,0.14154499367102266,0.6343610286712646,0.19183513522148132,0.16204267740249634,1.6008152961730957,0.5183648467063904,0.4439464509487152,-0.07631828635931015,-0.08910320699214935,0.9970821142196655,0.682826945729824,0.408406525850296,0.060811836272478104,0.9375326633453369,1.1128579378128052,0.2215445190668106,0.20077276229858398,-0.2983158826828003,-0.3291793763637543,0.9544670581817627,0.12471796009658363,0.6530801653862,0.05737428739666939,0.4286426901817322,1.0990118980407715
mnist_iid,mnist,iid,0,federaser,0.5,mnist_iid/seed0/federaser_alpha0.50,0.9677,0.1638580931263858,0.9922394678492239,0.8283813747228381,True,0.9862,0.9679600886917961,10,2,2.9642951488494873,0.5369597673416138,0.4534088671207428,2.502775192260742,0.8913276791572571,-0.6369072198867798,0.0872565358877182,1.0443902015686035,2.9258663654327393,0.7593037486076355,0.12199050188064575,0.8403794169425964,5.230761528015137,0.5419986248016357,0.06560532811542315,-0.9113997220993042,-0.37707099318504333,0.042373429983854294,18.319835662841797,1.2228361368179321,0.18989315629005432,0.3555086553096771,2.289330244064331,0.9346732497215271,0.17015519546110397,-0.6919940114021301,-0.13949108123779297,0.16204267740249634,7.749402046203613,2.312147855758667,0.4439464509487152,0.42679688334465027,2.222623825073242,0.9043688178062439,0.608387282027597,-0.5355363488197327,0.12607137858867645,0.9375326633453369,2.541738748550415,1.1703141927719116,0.20077276229858398,0.5243518352508545,3.0564730167388916,0.8515016436576843,0.15585220796082183,-0.7988134622573853,0.07300253212451935,0.4286426901817322,2.8382720947265625
mnist_iid,mnist,iid,0,grad_negation,0.5,mnist_iid/seed0/grad_negation_alpha0.50,0.9866,0.9445676274944568,0.9922394678492239,0.047671840354767125,True,0.9862,0.9679600886917961,10,2,1.4027403593063354,0.5369597673416138,-0.08554816991090775,-0.22345928847789764,0.996333122253418,0.33377793431282043,0.06691312789916992,1.0443902015686035,1.6199417114257812,0.2188253402709961,0.12199050188064575,-0.14707016944885254,-0.26381298899650574,0.9891261458396912,0.02433316051501293,0.2896728217601776,0.2998380661010742,0.042373429983854294,4.957037925720215,0.3755618631839752,0.18989315629005432,-0.401889443397522,-0.7948369979858398,0.9156888127326965,0.07167486879760732,0.6114264130592346,0.18995565176010132,0.16204267740249634,2.3433096408843994,1.2053271532058716,0.4439464509487152,-0.06433811783790588,-0.17466360330581665,0.9979268312454224,0.738349529207639,0.3232535421848297,0.053299032151699066,0.9375326633453369,1.58613920211792,0.5709317326545715,0.20077276229858398,0.022495225071907043,0.06396903097629547,0.9997470378875732,0.16564246798252114,0.2892262041568756,0.09585519134998322,0.4286426901817322,1.5870566368103027
mnist_iid,mnist,iid,0,full_retrain,0.5,mnist_iid/seed0/full_retrain_alpha0.50,0.9866,0.9747228381374723,0.9922394678492239,0.017516629711751608,True,0.9862,0.9679600886917961,10,2,16.764589309692383,0.5369597673416138,0.24261541664600372,7.573937892913818,0.9701249599456787,-0.44288134574890137,-0.0058507430367171764,1.0443902015686035,16.088973999023438,6.382985591888428,0.12199050188064575,0.35149314999580383,18.39139747619629,0.9361904859542847,0.1449592831833722,-0.39767974615097046,-0.21448007225990295,0.042373429983854294,150.85414123535156,8.129884719848633,0.18989315629005432,0.25077855587005615,10.736549377441406,0.9680445194244385,0.23516194271100088,-0.41002532839775085,-0.07292439043521881,0.16204267740249634,50.254085540771484,11.753422737121582,0.4439464509487152,0.19879867136478424,5.262680530548096,0.980044960975647,0.49151618525899116,-0.4124368131160736,0.0027722122613340616,0.9375326633453369,12.573626518249512,6.0064826011657715,0.20077276229858398,0.4028756618499756,12.052760124206543,0.9152547717094421,0.12836267028135478,-0.6450418829917908,0.008192628622055054,0.4286426901817322,14.040261268615723
mnist_iid,mnist,iid,0,short_retrain,0.75,mnist_iid/seed0/short_retrain_alpha0.75,0.9875,0.9830376940133038,0.9922394678492239,0.009201773835920135,True,0.9859,0.8433481152993348,10,2,0.658746063709259,0.783456027507782,-0.1512356549501419,-0.1271476447582245,0.98850017786026,0.5064387917518616,0.10284324735403061,1.3189281225204468,1.070854902267456,0.14480581879615784,0.18204587697982788,-0.6643790006637573,-0.5284709334373474,0.7473958134651184,0.048316231709057286,0.7719860672950745,0.41969630122184753,0.07226774096488953,1.82566499710083,0.24483118951320648,0.28278014063835144,-0.3307178020477295,-0.2863353490829468,0.9437296390533447,0.1381194418834107,0.62056964635849,0.25014761090278625,0.22990897297859192,1.265406847000122,0.5473273396492004,0.6419392228126526,-0.057042114436626434,-0.048630133271217346,0.9983697533607483,0.6903213250798537,0.42185014486312866,0.08986125886440277,1.1847862005233765,1.0631965398788452,0.23127074539661407,0.29772549867630005,-0.25561028718948364,-0.19855591654777527,0.9667800068855286,0.12324307858215983,0.6534234285354614,0.10344939678907394,0.5270540714263916,1.0496464967727661
mnist_iid,mnist,iid,0,federaser,0.75,mnist_iid/seed0/federaser_alpha0.75,0.9695,0.01729490022172949,0.9922394678492239,0.9749445676274944,True,0.9859,0.8433481152993348,10,2,3.0050199031829834,0.783456027507782,0.5328571796417236,2.0435922145843506,0.8462440371513367,-0.5921818614006042,0.15765395760536194,1.3189281225204468,2.3393874168395996,0.727851390838623,0.18204587697982788,0.8468648791313171,3.3859150409698486,0.5318079590797424,0.058659794867690095,-0.9066162705421448,-0.2507544755935669,0.07226774096488953,10.367642402648926,1.1930919885635376,0.28278014063835144,0.3926648199558258,1.6567102670669556,0.9196819067001343,0.1576170964218373,-0.6860134601593018,-0.13423314690589905,0.22990897297859192,5.4150848388671875,2.3906466960906982,0.6419392228126526,0.5292924642562866,1.9709419012069702,0.8484706282615662,0.6328824585887394,-0.4768461287021637,0.2165948450565338,1.1847862005233765,2.0487687587738037,1.1671638488769531,0.29772549867630005,0.5684624910354614,2.228524923324585,0.8227092623710632,0.15084080191867105,-0.7718600630760193,0.0997667908668518,0.5270540714263916,2.337127685546875
mnist_iid,mnist,iid,0,grad_negation,0.75,mnist_iid/seed0/grad_negation_alpha0.75,0.9863,0.8645232815964523,0.9922394678492239,0.1277161862527716,True,0.9859,0.8433481152993348,10,2,1.3548892736434937,0.783456027507782,-0.049194976687431335,-0.08506690710783005,0.9987901449203491,0.3595243990421295,0.11008824408054352,1.3189281225204468,1.3524476289749146,0.2199326753616333,0.18204587697982788,-0.1655994951725006,-0.200063556432724,0.9861932396888733,0.02634669096842665,0.3117949068546295,0.4793848991394043,0.07226774096488953,2.7099578380584717,0.37594208121299744,0.28278014063835144,-0.3667055070400238,-0.4875161647796631,0.9303370118141174,0.07698190938720412,0.6176978945732117,0.258059024810791,0.22990897297859192,1.682220220565796,1.1621571779251099,0.6419392228126526,-0.021800225600600243,-0.039462860673666,0.9997618198394775,0.7357412161247415,0.3488997519016266,0.08500819653272629,1.1847862005233765,1.3399296998977661,0.5435574650764465,0.29772549867630005,0.0596780851483345,0.10895424336194992,0.998217761516571,0.16093017540316887,0.32162123918533325,0.1736757755279541,0.5270540714263916,1.305901050567627
mnist_iid,mnist,iid,0,full_retrain,0.75,mnist_iid/seed0/full_retrain_alpha0.75,0.987,0.8537694013303769,0.9922394678492239,0.13847006651884697,True,0.9859,0.8433481152993348,10,2,16.79529571533203,0.783456027507782,0.24873533844947815,5.3316450119018555,0.9685748815536499,-0.43908166885375977,-0.008993599563837051,1.3189281225204468,12.782211303710938,6.386300086975098,0.18204587697982788,0.35524290800094604,12.462177276611328,0.9347740411758423,0.1445794077883548,-0.39797458052635193,-0.1923629641532898,0.07226774096488953,88.56780242919922,8.143270492553711,0.28278014063835144,0.25135061144828796,7.238181114196777,0.9678962230682373,0.23507440969291146,-0.4102606177330017,-0.08800355345010757,0.22990897297859192,35.52149963378906,11.773528099060059,0.6419392228126526,0.2061941921710968,3.7813401222229004,0.9785129427909851,0.4913961206328126,-0.4065186679363251,0.005368705838918686,1.1847862005233765,9.98210620880127,6.031242370605469,0.29772549867630005,0.40250274538993835,8.153788566589355,0.9154189229011536,0.12894998074888617,-0.6386725306510925,-0.0064715673215687275,0.5270540714263916,11.493363380432129
mnist_iid,mnist,iid,0,short_retrain,1.0,mnist_iid/seed0/short_retrain_alpha1.00,0.9869,0.9708425720620842,0.9922394678492239,0.021396895787139658,True,0.9856,0.0016629711751662971,10,2,0.6861315965652466,1.0364118814468384,-0.11034595221281052,-0.07304327934980392,0.9938960671424866,0.5070964694023132,0.09682220220565796,2.036426305770874,1.0238568782806396,0.14958441257476807,0.24050167202949524,-0.6779984831809998,-0.4216935336589813,0.7350633144378662,0.0475244472080639,0.775915801525116,0.34442007541656494,0.12441110610961914,1.271770715713501,0.2522597312927246,0.37689197063446045,-0.3081786334514618,-0.2062685787677765,0.9513287544250488,0.13515763866378303,0.6224024295806885,0.06841326504945755,0.3845473825931549,1.1578290462493896,0.5720946788787842,0.8496481776237488,-0.008539607748389244,-0.005749409552663565,0.9999642372131348,0.695212905988895,0.4243484139442444,0.0983186587691307,1.8703391551971436,1.0165725946426392,0.23976995050907135,0.3904014825820923,-0.2203538566827774,-0.13533306121826172,0.9754201769828796,0.12210517825440402,0.6516215205192566,0.1019744947552681,0.6968079209327698,1.0238285064697266
mnist_iid,mnist,iid,0,federaser,1.0,mnist_iid/seed0/federaser_alpha1.00,0.9688,0.003436807095343681,0.9922394678492239,0.9888026607538802,True,0.9856,0.0016629711751662971,10,2,3.066370964050293,1.0364118814468384,0.6001800298690796,1.7755080461502075,0.7999176979064941,-0.5224144458770752,0.41248995065689087,2.036426305770874,1.4231005907058716,0.6818825006484985,0.24050167202949524,0.8519397377967834,2.4154624938964844,0.5236398577690125,0.04944482556735056,-0.8949143290519714,-0.21647527813911438,0.12441110610961914,5.780398368835449,1.1700743436813354,0.37689197063446045,0.43074893951416016,1.3372735977172852,0.9024713039398193,0.14558904169187672,-0.6742749214172363,0.1064155325293541,0.3845473825931549,3.100099563598633,2.489943265914917,0.8496481776237488,0.613512396812439,1.797753930091858,0.7897324562072754,0.6593532648809662,-0.3881649672985077,0.503397524356842,1.8703391551971436,1.196699857711792,1.1701703071594238,0.3904014825820923,0.6124393343925476,1.8356953859329224,0.7905175685882568,0.14561292490569933,-0.7262816429138184,0.24762536585330963,0.6968079209327698,1.7287158966064453
mnist_iid,mnist,iid,0,grad_negation,1.0,mnist_iid/seed0/grad_negation_alpha1.00,0.9856,0.5057649667405765,0.9922394678492239,0.48647450110864743,True,0.9856,0.0016629711751662971,10,2,1.204994797706604,1.0364118814468384,0.059263162314891815,0.06889479607343674,0.9982414245605469,0.41902366280555725,0.18523749709129333,2.036426305770874,1.0634554624557495,0.20867373049259186,0.24050167202949524,-0.24790050089359283,-0.21509340405464172,0.9687855839729309,0.029986077206498336,0.3858673870563507,0.3308604657649994,0.12441110610961914,1.6442046165466309,0.35194534063339233,0.37689197063446045,-0.2780693471431732,-0.25966352224349976,0.9605610966682434,0.08529721729655022,0.6108601093292236,0.10163980722427368,0.3845473825931549,1.285138487815857,1.0330277681350708,0.8496481776237488,0.11897338181734085,0.14463694393634796,0.992898166179657,0.7349346882025684,0.41481080651283264,0.19284385442733765,1.8703391551971436,1.0450159311294556,0.46637773513793945,0.3904014825820923,0.10387907922267914,0.12409503757953644,0.9945899844169617,0.14978200190237065,0.39328551292419434,0.183428093791008,0.6968079209327698,1.0965542793273926
mnist_iid,mnist,iid,0,full_retrain,1.0,mnist_iid/seed0/full_retrain_alpha1.00,0.9867,0.0014412416851441242,0.9922394678492239,0.9907982261640798,True,0.9856,0.0016629711751662971,10,2,16.770557403564453,1.0364118814468384,0.2534853518009186,4.101255416870117,0.9673418402671814,-0.4330570697784424,0.036059457808732986,2.036426305770874,8.259917259216309,6.391914367675781,0.24050167202949524,0.3607116639614105,9.586786270141602,0.9326775074005127,0.1452612022889582,-0.39609235525131226,-0.14037001132965088,0.12441110610961914,51.52724838256836,8.140628814697266,0.37689197063446045,0.2525232136249542,5.454336166381836,0.9675910472869873,0.2356155643948518,-0.41065162420272827,-0.04668579623103142,0.3845473825931549,21.23956871032715,11.749371528625488,0.8496481776237488,0.21200212836265564,2.9313809871673584,0.9772737622261047,0.49082534216105606,-0.39739876985549927,0.06276936084032059,1.8703391551971436,6.298753261566162,6.007113456726074,0.3904014825820923,0.40944012999534607,6.300060272216797,0.9123373031616211,0.128297891155134,-0.6325515508651733,0.026255464181303978,0.6968079209327698,8.652588844299316
mnist_iid,mnist,iid,1,short_retrain,0.25,mnist_iid/seed1/short_retrain_alpha0.25,0.9866,0.9943458980044346,0.9939024390243902,-0.00044345898004438666,True,0.9851,0.9873614190687361,10,2,0.6051428914070129,0.3028392195701599,-0.16844956576824188,-0.33655935525894165,0.9857116341590881,0.49864551424980164,-0.0175345279276371,1.018255352973938,1.1721887588500977,0.13136187195777893,0.056410666555166245,-0.7276709079742432,-1.6945061683654785,0.6859263777732849,0.04711622995907166,0.7687516808509827,0.2708068788051605,0.02668951265513897,4.74962043762207,0.2279578298330307,0.08811436593532562,-0.4110155403614044,-1.0633231401443481,0.9116287231445312,0.1418867862653866,0.6268946528434753,0.0001964834809768945,0.12956905364990234,2.023519992828369,0.5043748021125793,0.2599427103996277,-0.07271850854158401,-0.14108046889305115,0.9973535537719727,0.6946733589176501,0.4114324450492859,-0.012384804897010326,0.9067904353141785,1.150284767150879,0.20640411972999573,0.11488308757543564,-0.3242287039756775,-0.5825238823890686,0.9459786415100098,0.11632384354871037,0.6470842957496643,-0.06652283668518066,0.44393616914749146,1.1304993629455566
mnist_iid,mnist,iid,1,federaser,0.25,mnist_iid/seed1/federaser_alpha0.25,0.9665,0.6861419068736142,0.9939024390243902,0.30776053215077603,True,0.9851,0.9873614190687361,10,2,2.9108877182006836,0.3028392195701599,0.3746667206287384,3.600844383239746,0.9271771311759949,-0.6627063751220703,0.12582150101661682,1.018255352973938,2.907386541366577,0.7393926978111267,0.056410666555166245,0.8946316838264465,11.726225852966309,0.4468044340610504,0.06451258526061812,-0.9340102672576904,-0.34214842319488525,0.02668951265513897,28.061378479003906,1.235040307044983,0.08811436593532562,0.4211348593235016,5.902756214141846,0.9069982767105103,0.17999359103487625,-0.6965824365615845,0.039286550134420395,0.12956905364990234,9.545063972473145,2.2469329833984375,0.2599427103996277,0.3174331784248352,2.7435381412506104,0.9482950568199158,0.5958327096924485,-0.5775974988937378,0.14916762709617615,0.9067904353141785,2.529982089996338,1.1631953716278076,0.11488308757543564,0.46195104718208313,4.677270889282227,0.8869053721427917,0.1596612195152144,-0.7917535901069641,0.13454104959964752,0.44393616914749146,2.6758790016174316
mnist_iid,mnist,iid,1,grad_negation,0.25,mnist_iid/seed1/grad_negation_alpha0.25,0.9839,0.9717294900221729,0.9939024390243902,0.022172949002217335,True,0.9851,0.9873614190687361,10,2,1.3046042919158936,0.3028392195701599,-0.17094860970973969,-0.7363395690917969,0.9852818250656128,0.3602888584136963,0.003720242064446211,1.018255352973938,1.622340440750122,0.21532097458839417,0.056410666555166245,-0.19627438485622406,-0.7491844296455383,0.9805489778518677,0.027237039102854917,0.19550061225891113,0.026538940146565437,0.02668951265513897,8.102984428405762,0.404767781496048,0.08811436593532562,-0.4841354787349701,-2.223951816558838,0.8749931454658508,0.09624983594975671,0.6207844614982605,0.013655031099915504,0.12956905364990234,3.267075538635254,1.1129592657089233,0.2599427103996277,-0.15213868021965027,-0.651309609413147,0.9883594512939453,0.7277794033011181,0.35739490389823914,0.004185958299785852,0.9067904353141785,1.579919457435608,0.5031659007072449,0.11488308757543564,-0.06701073795557022,-0.29349419474601746,0.9977521300315857,0.14873374571981185,0.28423869609832764,-0.0006767481099814177,0.44393616914749146,1.512009859085083
mnist_iid,mnist,iid,1,full_retrain,0.25,mnist_iid/seed1/full_retrain_alpha0.25,0.9859,0.9882483370288249,0.9939024390243902,0.005654101995565375,True,0.9851,0.9873614190687361,10,2,16.47393798828125,0.3028392195701599,0.22645793855190277,12.317392349243164,0.9740254878997803,-0.44092172384262085,0.01717335917055607,1.018255352973938,16.192310333251953,5.71748161315918,0.056410666555166245,0.3350473940372467,33.9586067199707,0.9422013163566589,0.12044766307345943,-0.3419594466686249,-0.1224595233798027,0.02668951265513897,214.34678649902344,8.063794136047363,0.08811436593532562,0.27442070841789246,25.11359214782715,0.9616094827651978,0.2395894217442374,-0.38714540004730225,-0.019887950271368027,0.12956905364990234,62.263389587402344,11.750965118408203,0.2599427103996277,0.18930687010288239,8.556742668151855,0.9819223284721375,0.5087990211015936,-0.4269329905509949,0.026219772174954414,0.9067904353141785,12.97121524810791,5.966404438018799,0.11488308757543564,0.36252403259277344,18.827531814575195,0.9319745302200317,0.13116388002512464,-0.6509996652603149,0.018180472776293755,0.44393616914749146,13.458789825439453
mnist_iid,mnist,iid,1,short_retrain,0.5,mnist_iid/seed1/short_retrain_alpha0.50,0.9867,0.9916851441241685,0.9939024390243902,0.0022172949002217113,True,0.9844,0.9699556541019956,10,2,0.6200898885726929,0.5398224592208862,-0.17244207859039307,-0.1980554610490799,0.9850226640701294,0.49773263931274414,0.08691366761922836,1.1178127527236938,1.1005990505218506,0.13325583934783936,0.11638788878917694,-0.7111143469810486,-0.8141752481460571,0.7030763626098633,0.04617539287019013,0.779135525226593,0.4481668472290039,0.05181656777858734,2.3040120601654053,0.2299262434244156,0.18077553808689117,-0.3900117874145508,-0.4960506856441498,0.9208102226257324,0.13747267628494503,0.6421287059783936,0.2821897864341736,0.184450164437294,1.36027991771698,0.5192258954048157,0.4516769051551819,-0.07223216444253922,-0.08302295207977295,0.9973875880241394,0.7011233896580698,0.4084971249103546,0.08315268158912659,0.9891209006309509,1.0900784730911255,0.210504412651062,0.20293359458446503,-0.31703317165374756,-0.32886067032814026,0.9484144449234009,0.11522866712038926,0.6419140696525574,0.02429436333477497,0.4841986298561096,1.0806858539581299
mnist_iid,mnist,iid,1,federaser,0.5,mnist_iid/seed1/federaser_alpha0.50,0.966,0.1752771618625277,0.9939024390243902,0.8186252771618625,True,0.9844,0.9699556541019956,10,2,2.9184718132019043,0.5398224592208862,0.4786388874053955,2.5873334407806396,0.8780425786972046,-0.6348497271537781,0.10952198505401611,1.1178127527236938,2.6916260719299316,0.7297229766845703,0.11638788878917694,0.8832329511642456,5.537650108337402,0.46893447637557983,0.06250982379855784,-0.9341399669647217,-0.29055172204971313,0.05181656777858734,14.405179977416992,1.2046335935592651,0.18077553808689117,0.4160369038581848,2.7723405361175537,0.9093478322029114,0.17035020862277622,-0.7110615968704224,-0.1884073168039322,0.184450164437294,6.790740489959717,2.2772457599639893,0.4516769051551819,0.44548824429512024,2.2457289695739746,0.8953176736831665,0.608838787827222,-0.5320824980735779,0.15303704142570496,0.9891209006309509,2.3655714988708496,1.161251187324524,0.20293359458446503,0.5526739954948425,3.1625778675079346,0.8333975076675415,0.15830130569757925,-0.7762537002563477,0.11636977642774582,0.4841986298561096,2.4887025356292725
mnist_iid,mnist,iid,1,grad_negation,0.5,mnist_iid/seed1/grad_negation_alpha0.50,0.9855,0.9337028824833703,0.9939024390243902,0.06019955654101994,True,0.9844,0.9699556541019956,10,2,1.154842495918274,0.5398224592208862,-0.17188960313796997,-0.3676725924015045,0.9851170182228088,0.3814821243286133,0.07580696791410446,1.1178127527236938,1.382293701171875,0.19402454793453217,0.11638788878917694,-0.21194416284561157,-0.35332173109054565,0.9772816896438599,0.028224011746006552,0.26529645919799805,0.545136570930481,0.05181656777858734,3.3073298931121826,0.3576063811779022,0.18077553808689117,-0.4496205151081085,-0.8894287347793579,0.8932202458381653,0.09587755826707078,0.6256235837936401,0.26258647441864014,0.184450164437294,1.9340736865997314,0.985031247138977,0.4516769051551819,-0.1467152088880539,-0.3199162781238556,0.9891787767410278,0.7275360216587552,0.3731846511363983,0.06688088178634644,0.9891209006309509,1.3632893562316895,0.4448455274105072,0.20293359458446503,-0.0889427438378334,-0.19496910274028778,0.9960367679595947,0.1483624641874785,0.3250672519207001,0.045939236879348755,0.4841986298561096,1.3265161514282227
mnist_iid,mnist,iid,1,full_retrain,0.5,mnist_iid/seed1/full_retrain_alpha0.50,0.9855,0.9717294900221729,0.9939024390243902,0.022172949002217335,True,0.9844,0.9699556541019956,10,2,16.499778747558594,0.5398224592208862,0.25471168756484985,7.784233570098877,0.9670254588127136,-0.43818023800849915,-0.0054018450900912285,1.1178127527236938,14.800013542175293,5.71818208694458,0.11638788878917694,0.332119882106781,16.31717872619629,0.9432371854782104,0.12009963323401956,-0.3417191803455353,-0.1914932280778885,0.05181656777858734,110.55016326904297,8.06810474395752,0.18077553808689117,0.26442477107048035,11.801397323608398,0.9644058346748352,0.23909386832742607,-0.38770729303359985,-0.08253173530101776,0.184450164437294,43.8352165222168,11.773784637451172,0.4516769051551819,0.2197231650352478,5.726682662963867,0.9755665063858032,0.5091755948177491,-0.42231419682502747,0.011961218900978565,0.9891209006309509,11.933272361755371,5.986406326293945,0.20293359458446503,0.40624678134918213,11.984009742736816,0.9137634634971619,0.13163095966695137,-0.6472254395484924,-0.020481213927268982,0.4841986298561096,12.424306869506836
mnist_iid,mnist,iid,1,short_retrain,0.75,mnist_iid/seed1/short_retrain_alpha0.75,0.9858,0.980709534368071,0.9939024390243902,0.013192904656319282,True,0.985,0.8582039911308204,10,2,0.6473872661590576,0.8038856983184814,-0.1531236469745636,-0.12329752743244171,0.9882122278213501,0.4985731840133667,0.08758712559938431,1.4109262228012085,1.0630940198898315,0.13796307146549225,0.17359356582164764,-0.6790510416030884,-0.5396741032600403,0.7340911030769348,0.04540940053381947,0.7603819966316223,0.28899651765823364,0.07269610464572906,1.872097134590149,0.24042421579360962,0.26619163155555725,-0.35578787326812744,-0.32134711742401123,0.9345672726631165,0.13790415068099665,0.6234234571456909,0.25485023856163025,0.2480958104133606,1.2021535634994507,0.5412225127220154,0.6717061996459961,-0.057905614376068115,-0.04665042832493782,0.9983232617378235,0.6989027834262849,0.41861066222190857,0.08324641734361649,1.2513329982757568,1.0559691190719604,0.22219417989253998,0.30671194195747375,-0.2876802682876587,-0.20840688049793243,0.9577265977859497,0.11778374979025474,0.6330166459083557,0.04155499488115311,0.5983811020851135,1.052150845527649
mnist_iid,mnist,iid,1,federaser,0.75,mnist_iid/seed1/federaser_alpha0.75,0.9681,0.022838137472283814,0.9939024390243902,0.9710643015521064,True,0.985,0.8582039911308204,10,2,2.968287467956543,0.8038856983184814,0.5549007058143616,2.048656702041626,0.8319619297981262,-0.5841522812843323,0.20582164824008942,1.4109262228012085,2.1354172229766846,0.7105748653411865,0.17359356582164764,0.8823829293251038,3.611879587173462,0.47053226828575134,0.05729964440125979,-0.9277237057685852,-0.09055477380752563,0.07269610464572906,9.915289878845215,1.1792211532592773,0.26619163155555725,0.44189634919166565,1.9575854539871216,0.8970661759376526,0.15780589668145,-0.7066160440444946,-0.1175781637430191,0.2480958104133606,4.970870494842529,2.3577494621276855,0.6717061996459961,0.5453569293022156,1.9139807224273682,0.8382508754730225,0.6309235837712255,-0.4648459553718567,0.25943857431411743,1.2513329982757568,1.8901382684707642,1.1648051738739014,0.30671194195747375,0.5957581996917725,2.262521266937256,0.8031638860702515,0.15397098337223883,-0.7418684959411621,0.19459933042526245,0.5983811020851135,2.0078887939453125
mnist_iid,mnist,iid,1,grad_negation,0.75,mnist_iid/seed1/grad_negation_alpha0.75,0.9855,0.7871396895787139,0.9939024390243902,0.2067627494456763,True,0.985,0.8582039911308204,10,2,1.0566468238830566,0.8038856983184814,-0.12271731346845627,-0.16128116846084595,0.9924419522285461,0.4137877821922302,0.09230983257293701,1.4109262228012085,1.1927303075790405,0.191989466547966,0.17359356582164764,-0.22754324972629547,-0.2516562044620514,0.9737679362297058,0.03301011712793627,0.3098101019859314,0.4189106523990631,0.07269610464572906,2.4004452228546143,0.3445182740688324,0.26619163155555725,-0.4260683059692383,-0.5514377951622009,0.9046915769577026,0.10629619372907066,0.6329939365386963,0.22278547286987305,0.2480958104133606,1.5197399854660034,0.89449542760849,0.6717061996459961,-0.08583858609199524,-0.11429303139448166,0.9963085651397705,0.7166383738889244,0.40157943964004517,0.07626982778310776,1.2513329982757568,1.184044599533081,0.4010685980319977,0.30671194195747375,-0.04882782697677612,-0.06384918838739395,0.9988073706626892,0.1440554286849586,0.37333279848098755,0.11401022225618362,0.5983811020851135,1.138600468635559
mnist_iid,mnist,iid,1,full_retrain,0.75,mnist_iid/seed1/full_retrain_alpha0.75,0.9854,0.8511086474501108,0.9939024390243902,0.1427937915742794,True,0.985,0.8582039911308204,10,2,16.516435623168945,0.8038856983184814,0.2567596733570099,5.274619102478027,0.9664802551269531,-0.43373823165893555,-7.870732952142134e-05,1.4109262228012085,11.748797416687012,5.719091415405273,0.17359356582164764,0.33246323466300964,10.953099250793457,0.9431161284446716,0.11989594558449582,-0.3426613509654999,-0.09534862637519836,0.07269610464572906,78.77285766601562,8.082195281982422,0.26619163155555725,0.26345399022102356,7.999063968658447,0.9646720290184021,0.23944692247654353,-0.389335036277771,-0.07112188637256622,0.2480958104133606,32.66328811645508,11.786652565002441,0.6717061996459961,0.2236209213733673,3.9233946800231934,0.9746841192245483,0.5092644579497287,-0.41519895195961,0.01773717999458313,1.2513329982757568,9.454570770263672,5.987016201019287,0.30671194195747375,0.40395087003707886,7.885119915008545,0.9147807359695435,0.1313927159392148,-0.6399425864219666,-0.022662250325083733,0.5983811020851135,10.077730178833008
mnist_iid,mnist,iid,1,short_retrain,1.0,mnist_iid/seed1/short_retrain_alpha1.00,0.9861,0.9559866962305986,0.9939024390243902,0.03791574279379162,True,0.9849,0.0013303769401330377,10,2,0.6710704565048218,1.0462920665740967,-0.1272648423910141,-0.08161293715238571,0.9918683171272278,0.5039876699447632,0.09191304445266724,2.061878204345703,1.022792100906372,0.1401808112859726,0.23389755189418793,-0.6559988856315613,-0.3931569755077362,0.7547619342803955,0.04363069853001995,0.7416912913322449,0.20625890791416168,0.11269353330135345,1.4262471199035645,0.25105753540992737,0.35593852400779724,-0.31969547271728516,-0.2254934310913086,0.9475206136703491,0.13994660031960404,0.6136355400085449,0.14351396262645721,0.35780203342437744,1.1361947059631348,0.5622209906578064,0.8677064776420593,-0.03419366851449013,-0.022152159363031387,0.9994157552719116,0.7019002213406826,0.43114396929740906,0.09384115040302277,1.8941333293914795,1.0160691738128662,0.22711093723773956,0.40057992935180664,-0.24840448796749115,-0.1408342868089676,0.9686563014984131,0.11452256252295293,0.6448984742164612,0.06754755228757858,0.72312992811203,1.0277204513549805
mnist_iid,mnist,iid,1,federaser,1.0,mnist_iid/seed1/federaser_alpha1.00,0.9707,0.0026607538802660754,0.9939024390243902,0.9912416851441241,True,0.9849,0.0013303769401330377,10,2,3.0625927448272705,1.0462920665740967,0.6149927377700806,1.7998722791671753,0.7886027097702026,-0.5148702263832092,0.4315018653869629,2.061878204345703,1.3872849941253662,0.6760269403457642,0.23389755189418793,0.8840699791908264,2.5552003383636475,0.4673543870449066,0.04871814174725914,-0.91755610704422,-0.1084391325712204,0.11269353330135345,6.187625885009766,1.154125690460205,0.35593852400779724,0.47135427594184875,1.528356671333313,0.8819440007209778,0.14199385538828496,-0.7027512192726135,0.0694575160741806,0.35780203342437744,3.310045003890991,2.4939372539520264,0.8677064776420593,0.6202899217605591,1.782557487487793,0.7844440937042236,0.6631103603413558,-0.37913432717323303,0.5174000263214111,1.8941333293914795,1.1710237264633179,1.1710065603256226,0.40057992935180664,0.6287387013435364,1.837978482246399,0.7776167392730713,0.14617779501755873,-0.6934794187545776,0.3073502779006958,0.72312992811203,1.620771884918213
mnist_iid,mnist,iid,1,grad_negation,1.0,mnist_iid/seed1/grad_negation_alpha1.00,0.9863,0.35210643015521065,0.9939024390243902,0.6417960088691796,True,0.9849,0.0013303769401330377,10,2,1.1692843437194824,1.0462920665740967,0.010344518348574638,0.011558803729712963,0.999946653842926,0.4137488901615143,0.16092170774936676,2.061878204345703,1.0672906637191772,0.2031668871641159,0.23389755189418793,-0.2165376991033554,-0.18808786571025848,0.9762742519378662,0.03018661235157111,0.3170899748802185,0.19690711796283722,0.11269353330135345,1.8815432786941528,0.35228708386421204,0.35593852400779724,-0.33967071771621704,-0.336185485124588,0.940544605255127,0.09076170313245936,0.6462109684944153,0.14396153390407562,0.35780203342437744,1.2984321117401123,1.0037223100662231,0.8677064776420593,0.06797613948583603,0.0786200612783432,0.9976893663406372,0.7368612252882967,0.40380844473838806,0.16772711277008057,1.8941333293914795,1.0502722263336182,0.44094157218933105,0.40057992935180664,0.03586437553167343,0.039478007704019547,0.9993566870689392,0.1421905137153855,0.3740208148956299,0.14562927186489105,0.72312992811203,1.09280264377594
mnist_iid,mnist,iid,1,full_retrain,1.0,mnist_iid/seed1/full_retrain_alpha1.00,0.9866,0.0011086474501108647,0.9939024390243902,0.9927937915742794,True,0.9849,0.0013303769401330377,10,2,16.491254806518555,1.0462920665740967,0.26106682419776917,4.114223480224609,0.965326726436615,-0.42886102199554443,0.03877246752381325,2.061878204345703,8.021885871887207,5.722109317779541,0.23389755189418793,0.3315598964691162,8.111336708068848,0.9434341192245483,0.12038966249384535,-0.34205037355422974,-0.08515824377536774,0.11269353330135345,50.87076187133789,8.073629379272461,0.35593852400779724,0.26300907135009766,5.965730667114258,0.9647930264472961,0.23967030918913873,-0.3904862105846405,-0.029755081981420517,0.35780203342437744,22.61635971069336,11.761934280395508,0.8677064776420593,0.22673040628433228,3.0729241371154785,0.9739610552787781,0.5086784539780044,-0.40764808654785156,0.061490610241889954,1.8941333293914795,6.228672027587891,5.974897384643555,0.40057992935180664,0.41407743096351624,6.176222801208496,0.9102416634559631,0.13126164446951938,-0.6337358951568604,0.020672615617513657,0.72312992811203,8.302295684814453
mnist_iid,mnist,iid,2,short_retrain,0.25,mnist_iid/seed2/short_retrain_alpha0.25,0.9878,0.9981152993348116,0.9970066518847006,-0.0011086474501109667,True,0.9855,0.9952328159645233,10,2,0.5941242575645447,0.28071531653404236,-0.20794685184955597,-0.4400689899921417,0.9781414270401001,0.5193913578987122,-0.0009880566503852606,0.9540233612060547,1.1785813570022583,0.14080414175987244,0.06522028893232346,-0.7207273840904236,-1.5559791326522827,0.6932184100151062,0.056160473716219385,0.8135784268379211,0.07025747001171112,0.028011925518512726,5.0557074546813965,0.22710704803466797,0.09208940714597702,-0.4016728401184082,-0.9905882477760315,0.9157828092575073,0.14610387075020825,0.6853020191192627,0.1491701602935791,0.15008105337619781,1.6847566366195679,0.48792678117752075,0.23328068852424622,-0.11047873646020889,-0.23105841875076294,0.9938778877258301,0.6744436491993012,0.40084734559059143,-0.007742833346128464,0.8533827662467957,1.1557542085647583,0.20862558484077454,0.1079384982585907,-0.3147120475769043,-0.6082813143730164,0.9491873383522034,0.12329208020258321,0.6916446089744568,-0.03246789425611496,0.3982362747192383,1.1438803672790527
mnist_iid,mnist,iid,2,federaser,0.25,mnist_iid/seed2/federaser_alpha0.25,0.9669,0.6700665188470066,0.9970066518847006,0.326940133037694,True,0.9855,0.9952328159645233,10,2,3.0078423023223877,0.28071531653404236,0.39571669697761536,4.239655017852783,0.9183887243270874,-0.6912133693695068,0.07423398643732071,0.9540233612060547,3.236060857772827,0.8238847255706787,0.06522028893232346,0.838394284248352,10.59088134765625,0.5450640320777893,0.07501894027426402,-0.9126933813095093,-0.04403216019272804,0.028011925518512726,29.47289276123047,1.324233055114746,0.09208940714597702,0.4278116822242737,6.151869297027588,0.9038677215576172,0.19380600068362058,-0.6985060572624207,-0.0886029377579689,0.15008105337619781,8.967545509338379,2.265275716781616,0.23328068852424622,0.33141738176345825,3.2179906368255615,0.9434925317764282,0.5671810052553201,-0.6084234118461609,0.10310202091932297,0.8533827662467957,2.7384161949157715,1.2181341648101807,0.1079384982585907,0.46975836157798767,5.301432132720947,0.8827950358390808,0.16399415918620694,-0.8372290730476379,0.0666499212384224,0.3982362747192383,3.154148578643799
mnist_iid,mnist,iid,2,grad_negation,0.25,mnist_iid/seed2/grad_negation_alpha0.25,0.9862,0.9847006651884701,0.9970066518847006,0.012305986696230509,True,0.9855,0.9952328159645233,10,2,1.2823572158813477,0.28071531653404236,-0.14539599418640137,-0.6641291975975037,0.9893741607666016,0.370846688747406,0.01593838632106781,0.9540233612060547,1.6625027656555176,0.21757297217845917,0.06522028893232346,-0.23133255541324615,-0.7717187404632568,0.9728747606277466,0.02878370279917408,0.3143651783466339,0.09998059272766113,0.028011925518512726,7.731466293334961,0.41818663477897644,0.09208940714597702,-0.39908233284950256,-1.8122692108154297,0.916915237903595,0.10633529375692864,0.6491932272911072,0.10183637589216232,0.15008105337619781,2.8629605770111084,1.0848726034164429,0.23328068852424622,-0.13718904554843903,-0.6379499435424805,0.9905450940132141,0.7157092948259343,0.3385634422302246,0.0007628751918673515,0.8533827662467957,1.6168466806411743,0.49530765414237976,0.1079384982585907,0.019304059445858,0.0885823667049408,0.9998137950897217,0.14917184679209144,0.3613811433315277,0.05978182330727577,0.3982362747192383,1.5486167669296265
mnist_iid,mnist,iid,2,full_retrain,0.25,mnist_iid/seed2/full_retrain_alpha0.25,0.9864,0.9932372505543238,0.9970066518847006,0.0037694013303768426,True,0.9855,0.9952328159645233,10,2,16.7103328704834,0.28071531653404236,0.2345152497291565,13.95877456665039,0.9721168279647827,-0.44631674885749817,0.014494424685835838,0.9540233612060547,17.529691696166992,6.059403419494629,0.06522028893232346,0.2808048129081726,26.088661193847656,0.9597648978233337,0.13148378487545717,-0.3359273672103882,0.01753109320998192,0.028011925518512726,216.29991149902344,8.276740074157715,0.09208940714597702,0.29575562477111816,26.581676483154297,0.9552635550498962,0.24531902946620815,-0.43339651823043823,-0.023759040981531143,0.15008105337619781,55.18128204345703,11.753117561340332,0.23328068852424622,0.1976611614227295,9.957786560058594,0.9802743792533875,0.4946853922245126,-0.42269420623779297,0.022092128172516823,0.8533827662467957,13.786622047424316,5.990531921386719,0.1079384982585907,0.34291914105415344,19.031837463378906,0.9393649101257324,0.12851186173725015,-0.6613679528236389,0.015101216733455658,0.3982362747192383,15.060786247253418
mnist_iid,mnist,iid,2,short_retrain,0.5,mnist_iid/seed2/short_retrain_alpha0.50,0.988,0.9950110864745011,0.9970066518847006,0.001995565410199518,True,0.9859,0.9777161862527716,10,2,0.6097209453582764,0.5477886199951172,-0.19935786724090576,-0.22187556326389313,0.9799298644065857,0.5164070725440979,0.04182842746376991,1.083099365234375,1.1268599033355713,0.1418333202600479,0.1288161277770996,-0.7108197212219238,-0.7826497554779053,0.7033743262290955,0.05410617032614519,0.8074762225151062,0.2326546013355255,0.049951840192079544,2.7822651863098145,0.23293626308441162,0.18176637589931488,-0.40347832441329956,-0.5170624852180481,0.914989709854126,0.14593689591831957,0.6673306822776794,0.18902546167373657,0.2247883677482605,1.2969409227371216,0.5016306042671204,0.45456722378730774,-0.10571673512458801,-0.11665210127830505,0.9943956732749939,0.6768510689871098,0.40344342589378357,0.028165901079773903,0.9626285433769226,1.1145412921905518,0.213941290974617,0.2093316912651062,-0.2770789563655853,-0.28318047523498535,0.9608468413352966,0.12310604512122433,0.6930133104324341,0.026316126808524132,0.4398130476474762,1.1004629135131836
mnist_iid,mnist,iid,2,federaser,0.5,mnist_iid/seed2/federaser_alpha0.50,0.9695,0.16363636363636364,0.9970066518847006,0.8333702882483369,True,0.9859,0.9777161862527716,10,2,3.0162453651428223,0.5477886199951172,0.49569663405418396,2.7291512489318848,0.8685237169265747,-0.665077805519104,0.10159691423177719,1.083099365234375,2.861724615097046,0.8006673455238342,0.1288161277770996,0.8362692594528198,5.19789981842041,0.5483191609382629,0.07045617398571986,-0.9062254428863525,-0.13994386792182922,0.049951840192079544,16.199018478393555,1.3000295162200928,0.18176637589931488,0.482342392206192,3.4498038291931152,0.8759831786155701,0.18574696414537722,-0.6933239102363586,-0.08163242042064667,0.2247883677482605,5.949064254760742,2.3043134212493896,0.45456722378730774,0.461202472448349,2.337749481201172,0.8873171210289001,0.5836332381142642,-0.5727729797363281,0.14513903856277466,0.9626285433769226,2.45670747756958,1.2071871757507324,0.2093316912651062,0.5369887351989746,3.0967414379119873,0.8435894846916199,0.16016369581354029,-0.8211340308189392,0.07423073053359985,0.4398130476474762,2.8506641387939453
mnist_iid,mnist,iid,2,grad_negation,0.5,mnist_iid/seed2/grad_negation_alpha0.50,0.9865,0.9620842572062084,0.9970066518847006,0.03492239467849223,True,0.9859,0.9777161862527716,10,2,1.3873683214187622,0.5477886199951172,-0.13324148952960968,-0.3374241888523102,0.9910829067230225,0.3559708595275879,0.05444870889186859,1.083099365234375,1.5815426111221313,0.23324140906333923,0.1288161277770996,-0.20211108028888702,-0.36595314741134644,0.9793626666069031,0.02826081120530555,0.2848479747772217,0.31303372979164124,0.049951840192079544,4.458620071411133,0.44555383920669556,0.18176637589931488,-0.4066784083843231,-0.9968665838241577,0.9135712385177612,0.10312731724862184,0.6397998929023743,0.1585981547832489,0.2247883677482605,2.07364821434021,1.1765295267105103,0.45456722378730774,-0.12089204788208008,-0.3128710091114044,0.9926637411117554,0.7191546999050404,0.3215853273868561,0.02145151048898697,0.9626285433769226,1.5624828338623047,0.5363791584968567,0.2093316912651062,0.021384092047810555,0.054793354123830795,0.9997712969779968,0.14945724905037316,0.3575083017349243,0.16104283928871155,0.4398130476474762,1.447248101234436
mnist_iid,mnist,iid,2,full_retrain,0.5,mnist_iid/seed2/full_retrain_alpha0.50,0.9861,0.9729490022172949,0.9970066518847006,0.024057649667405756,True,0.9859,0.9777161862527716,10,2,16.721370697021484,0.5477886199951172,0.24147622287273407,7.370403289794922,0.9704080820083618,-0.4439884424209595,-0.00017630940419621766,1.083099365234375,15.470993995666504,6.06239128112793,0.1288161277770996,0.28850308060646057,13.577634811401367,0.957478940486908,0.13144007057524873,-0.3372359275817871,-0.09061811864376068,0.049951840192079544,121.45944213867188,8.281027793884277,0.18176637589931488,0.2950076758861542,13.44012451171875,0.955494225025177,0.24524937137234173,-0.4327582120895386,-0.04169813543558121,0.2247883677482605,36.8944206237793,11.764581680297852,0.45456722378730774,0.20871706306934357,5.40131139755249,0.9779782891273499,0.49499646327023467,-0.4182995855808258,0.01764053851366043,0.9626285433769226,12.244539260864258,5.989869117736816,0.2093316912651062,0.3400208353996277,9.72944450378418,0.9404178261756897,0.12831413571023112,-0.6594190001487732,-0.03716525062918663,0.4398130476474762,13.692805290222168
mnist_iid,mnist,iid,2,short_retrain,0.75,mnist_iid/seed2/short_retrain_alpha0.75,0.9874,0.9907982261640799,0.9970066518847006,0.006208425720620747,True,0.9867,0.8502217294900222,10,2,0.6360016465187073,0.8015738129615784,-0.17922565340995789,-0.14219039678573608,0.9838102459907532,0.507466733455658,0.08265116810798645,1.280455470085144,1.0791711807250977,0.14427141845226288,0.19398733973503113,-0.6758422255516052,-0.5026344060897827,0.7370464205741882,0.0514514585658217,0.778998613357544,0.17167285084724426,0.07874254137277603,1.9307644367218018,0.24123737215995789,0.2729305326938629,-0.37206363677978516,-0.3288584351539612,0.9282074570655823,0.1438555829916792,0.6485447287559509,0.20098958909511566,0.32118964195251465,1.123475432395935,0.5262041687965393,0.6594178676605225,-0.08563950657844543,-0.06833307445049286,0.9963255524635315,0.6845171073619605,0.4042215347290039,0.06921671330928802,1.1243194341659546,1.074365258216858,0.22049058973789215,0.3091854751110077,-0.2675856947898865,-0.19082437455654144,0.9635340571403503,0.12017583266318731,0.6842265129089355,0.07767326384782791,0.5158843994140625,1.056540608406067
mnist_iid,mnist,iid,2,federaser,0.75,mnist_iid/seed2/federaser_alpha0.75,0.9704,0.014190687361419069,0.9970066518847006,0.9828159645232816,True,0.9867,0.8502217294900222,10,2,3.051015615463257,0.8015738129615784,0.5768921971321106,2.1955885887145996,0.8168668150901794,-0.6137043237686157,0.17270657420158386,1.280455470085144,2.419623374938965,0.7676163911819458,0.19398733973503113,0.8440328240394592,3.339874267578125,0.5362915992736816,0.06329163505623907,-0.898901104927063,-0.008920806460082531,0.07874254137277603,9.808459281921387,1.273404598236084,0.2729305326938629,0.502106249332428,2.3426597118377686,0.864806056022644,0.17417706268155722,-0.6809720396995544,-0.04284815117716789,0.32118964195251465,4.1301589012146,2.3805525302886963,0.6594178676605225,0.5665140748023987,2.0449891090393066,0.8240856528282166,0.6087683314017083,-0.50345379114151,0.22608548402786255,1.1243194341659546,2.1273787021636963,1.1964571475982666,0.3091854751110077,0.5983968377113342,2.3156204223632812,0.8011997938156128,0.1537630732977439,-0.7884637117385864,0.14201606810092926,0.5158843994140625,2.3916754722595215
mnist_iid,mnist,iid,2,grad_negation,0.75,mnist_iid/seed2/grad_negation_alpha0.75,0.9868,0.8658536585365854,0.9970066518847006,0.13115299334811525,True,0.9867,0.8502217294900222,10,2,1.116869568824768,0.8015738129615784,-0.09451811015605927,-0.131682887673378,0.9955256581306458,0.41664451360702515,0.1221465915441513,1.280455470085144,1.2440831661224365,0.20172438025474548,0.19398733973503113,-0.27133747935295105,-0.2821595370769501,0.9624843597412109,0.03261874947682772,0.37015995383262634,0.2664342522621155,0.07874254137277603,2.48954176902771,0.3649473488330841,0.2729305326938629,-0.40652135014533997,-0.5435765981674194,0.9136414527893066,0.1067606854235316,0.6730635166168213,0.20431484282016754,0.32118964195251465,1.3515671491622925,0.9410847425460815,0.6594178676605225,-0.0625094547867775,-0.08920248597860336,0.9980435967445374,0.7099792795110255,0.38213813304901123,0.08748748153448105,1.1243194341659546,1.2466599941253662,0.4335078299045563,0.3091854751110077,0.03941793367266655,0.05526774376630783,0.9992228150367737,0.15064140204819798,0.4322570860385895,0.24115529656410217,0.5158843994140625,1.1405446529388428
mnist_iid,mnist,iid,2,full_retrain,0.75,mnist_iid/seed2/full_retrain_alpha0.75,0.9863,0.8216186252771619,0.9970066518847006,0.17538802660753872,True,0.9867,0.8502217294900222,10,2,16.742399215698242,0.8015738129615784,0.24984249472618103,5.217901229858398,0.9682928919792175,-0.43971818685531616,-0.001956466119736433,1.280455470085144,13.115486145019531,6.060365676879883,0.19398733973503113,0.2944783568382263,9.199809074401855,0.9556581377983093,0.13102159687709194,-0.3390315771102905,-0.03052463009953499,0.07874254137277603,77.00132751464844,8.283935546875,0.2729305326938629,0.29160499572753906,8.850725173950195,0.9565395712852478,0.24480414381689658,-0.4318256974220276,-0.034235879778862,0.32118964195251465,25.844987869262695,11.789957046508789,0.6594178676605225,0.2163400650024414,3.867690324783325,0.9763219952583313,0.4958845646652712,-0.4110337197780609,0.011395707726478577,1.1243194341659546,10.522551536560059,5.996851921081543,0.3091854751110077,0.35893523693084717,6.961781024932861,0.9333625435829163,0.12828972185742787,-0.653564453125,-0.028232330456376076,0.5158843994140625,11.695440292358398
mnist_iid,mnist,iid,2,short_retrain,1.0,mnist_iid/seed2/short_retrain_alpha1.00,0.988,0.9823725055432373,0.9970066518847006,0.014634146341463317,True,0.9857,0.0013303769401330377,10,2,0.6521300673484802,1.0574005842208862,-0.1477920264005661,-0.09113822132349014,0.9890213012695312,0.5305607318878174,0.07704105973243713,2.0243542194366455,1.0267159938812256,0.1517770141363144,0.25312960147857666,-0.7084989547729492,-0.42481744289398193,0.705711841583252,0.05416243585818734,0.8151471018791199,0.1643587350845337,0.14577576518058777,1.3197650909423828,0.24529238045215607,0.35924315452575684,-0.3985286355018616,-0.27211639285087585,0.9171568751335144,0.14146693081439563,0.6921687126159668,0.05715244263410568,0.4886288344860077,1.0929890871047974,0.5375975966453552,0.8728946447372437,-0.044777851551771164,-0.027575097978115082,0.998996913433075,0.6795758089991337,0.4197939932346344,0.0712594985961914,1.8447015285491943,1.0214697122573853,0.23038561642169952,0.4038116931915283,-0.19951072335243225,-0.11382630467414856,0.9798956513404846,0.12479491191661703,0.6974038481712341,0.13522304594516754,0.6596376895904541,1.0136698484420776
mnist_iid,mnist,iid,2,federaser,1.0,mnist_iid/seed2/federaser_alpha1.00,0.9708,0.0033259423503325942,0.9970066518847006,0.993680709534368,True,0.9857,0.0013303769401330377,10,2,3.150866985321045,1.0574005842208862,0.6434178948402405,1.9170725345611572,0.7655771374702454,-0.536047637462616,0.43847090005874634,2.0243542194366455,1.4345042705535889,0.728684663772583,0.25312960147857666,0.8458930850028992,2.4350743293762207,0.5333523750305176,0.053477115339361954,-0.8825740218162537,-0.009278178215026855,0.14577576518058777,5.106802940368652,1.255374550819397,0.35924315452575684,0.5464770793914795,1.9096612930297852,0.8374745845794678,0.15872155175311797,-0.6499258875846863,0.18846207857131958,0.4886288344860077,2.575324058532715,2.52140212059021,0.8728946447372437,0.6513311266899109,1.8812237977981567,0.7588503360748291,0.6403461573556037,-0.4069417417049408,0.5306155681610107,1.8447015285491943,1.1907302141189575,1.2100017070770264,0.4038116931915283,0.6297174096107483,1.8869165182113647,0.7768242359161377,0.1474553736511245,-0.7370871901512146,0.2682877779006958,0.6596376895904541,1.8386269807815552
mnist_iid,mnist,iid,2,grad_negation,1.0,mnist_iid/seed2/grad_negation_alpha1.00,0.9872,0.5188470066518847,0.9970066518847006,0.47815964523281596,True,0.9857,0.0013303769401330377,10,2,1.204696774482727,1.0574005842208862,0.039408233016729355,0.04489314556121826,0.9992206692695618,0.421349436044693,0.1708514541387558,2.0243542194366455,1.0727580785751343,0.21496792137622833,0.25312960147857666,-0.2434578835964203,-0.20675434172153473,0.9699113965034485,0.031838212792410885,0.36241573095321655,0.1455174684524536,0.14577576518058777,1.6569284200668335,0.3784893751144409,0.35924315452575684,-0.32640740275382996,-0.3438941240310669,0.9452292919158936,0.0986981837448453,0.6945696473121643,0.11908037215471268,0.4886288344860077,1.189755916595459,1.0272846221923828,0.8728946447372437,0.09011974185705185,0.10604915767908096,0.995930016040802,0.7271433472352412,0.39023733139038086,0.1687658131122589,1.8447015285491943,1.0593256950378418,0.45449888706207275,0.4038116931915283,0.1472107321023941,0.1656888723373413,0.989105224609375,0.14232041279131033,0.43341195583343506,0.23435699939727783,0.6596376895904541,1.0732141733169556
mnist_iid,mnist,iid,2,full_retrain,1.0,mnist_iid/seed2/full_retrain_alpha1.00,0.986,0.0013303769401330377,0.9970066518847006,0.9956762749445676,True,0.9857,0.0013303769401330377,10,2,16.729015350341797,1.0574005842208862,0.2525593042373657,3.9952969551086426,0.9675837755203247,-0.4328959882259369,0.04811840131878853,2.0243542194366455,8.276263236999512,6.065605640411377,0.25312960147857666,0.29599395394325256,7.0927414894104,0.9551897048950195,0.13145912349916425,-0.33480656147003174,-0.0331939272582531,0.14577576518058777,41.654335021972656,8.28048038482666,0.35924315452575684,0.288937509059906,6.659943103790283,0.9573476910591125,0.2449927525462045,-0.42988768219947815,0.001077001797966659,0.4886288344860077,16.974761962890625,11.767809867858887,0.8728946447372437,0.21926061809062958,2.95564866065979,0.9756675958633423,0.4948140877896569,-0.40180516242980957,0.06946763396263123,1.8447015285491943,6.388152122497559,6.002411842346191,0.4038116931915283,0.3718734383583069,5.527668476104736,0.9282833337783813,0.1287341724670468,-0.6441205739974976,0.03700907155871391,0.6596376895904541,9.117478370666504
mnist_iid,mnist,iid,3,short_retrain,0.25,mnist_iid/seed3/short_retrain_alpha0.25,0.9875,0.9953436807095344,0.9952328159645233,-0.00011086474501109667,True,0.9863,0.9863636363636363,10,2,0.5961371660232544,0.30848363041877747,-0.1759587824344635,-0.339995414018631,0.9843991994857788,0.5023386478424072,0.05668964609503746,0.8369892239570618,1.1943846940994263,0.12588000297546387,0.05991027504205704,-0.6896611452102661,-1.4490764141082764,0.7241321206092834,0.044583438706568966,0.7929095029830933,0.3984197676181793,0.028849126771092415,4.069674491882324,0.22535742819309235,0.10566166043281555,-0.33325132727622986,-0.7107650637626648,0.9428378343582153,0.142890824160132,0.6097463965415955,0.23430486023426056,0.12366250902414322,1.8619931936264038,0.4952240288257599,0.2565845251083374,-0.10098899900913239,-0.19489510357379913,0.9948893785476685,0.6900853791533057,0.42046937346458435,0.04937473684549332,0.7468976378440857,1.1722451448440552,0.2086087465286255,0.12073756754398346,-0.25369811058044434,-0.4383360743522644,0.9672836065292358,0.12244054140488964,0.6365333199501038,0.027574721723794937,0.3557751476764679,1.145194172859192
mnist_iid,mnist,iid,3,federaser,0.25,mnist_iid/seed3/federaser_alpha0.25,0.9695,0.6008869179600886,0.9952328159645233,0.39434589800443465,True,0.9863,0.9863636363636363,10,2,2.810694456100464,0.30848363041877747,0.3750580847263336,3.416867256164551,0.9270161390304565,-0.6622630953788757,0.048926375806331635,0.8369892239570618,3.4566283226013184,0.7476596832275391,0.05991027504205704,0.86143559217453,10.750422477722168,0.5078666806221008,0.07074999233535004,-0.9304392337799072,-0.21568168699741364,0.028849126771092415,26.150115966796875,1.1987475156784058,0.10566166043281555,0.35162803530693054,3.9892709255218506,0.9361401796340942,0.1818755953682822,-0.6942288875579834,-0.18810461461544037,0.12366250902414322,9.930490493774414,2.156464099884033,0.2565845251083374,0.3323730230331421,2.7931430339813232,0.9431594610214233,0.5886381763782006,-0.5712659358978271,0.08003439754247665,0.7468976378440857,2.9789178371429443,1.1198989152908325,0.12073756754398346,0.4301673471927643,3.9900074005126953,0.9027493596076965,0.1587362887257948,-0.7963611483573914,0.04700687900185585,0.3557751476764679,3.2576887607574463
mnist_iid,mnist,iid,3,grad_negation,0.25,mnist_iid/seed3/grad_negation_alpha0.25,0.9865,0.9701773835920178,0.9952328159645233,0.025055432372505515,True,0.9863,0.9863636363636363,10,2,1.378065824508667,0.30848363041877747,-0.12925677001476288,-0.5773500204086304,0.9916132688522339,0.3364814817905426,0.056109338998794556,0.8369892239570618,1.877782940864563,0.20735090970993042,0.05991027504205704,-0.1450178623199463,-0.501910388469696,0.9894289374351501,0.022637699055710114,0.26409268379211426,0.5099418759346008,0.028849126771092415,6.732661247253418,0.4233967661857605,0.10566166043281555,-0.3603474795818329,-1.4439473152160645,0.9328179359436035,0.09438775061869303,0.5699475407600403,0.22232823073863983,0.12366250902414322,3.346647262573242,1.1894428730010986,0.2565845251083374,-0.12284568697214127,-0.5694147348403931,0.9924250841140747,0.7449757632011906,0.32222527265548706,0.041127268224954605,0.7468976378440857,1.8452942371368408,0.5119499564170837,0.12073756754398346,0.007529880851507187,0.03192809969186783,0.9999715685844421,0.1379988145849114,0.30434173345565796,0.07406264543533325,0.3557751476764679,1.6904109716415405
mnist_iid,mnist,iid,3,full_retrain,0.25,mnist_iid/seed3/full_retrain_alpha0.25,0.9855,0.9892461197339246,0.9952328159645233,0.005986696230598665,True,0.9863,0.9863636363636363,10,2,16.661741256713867,0.30848363041877747,0.22355884313583374,12.07336139678955,0.9746938943862915,-0.4432590901851654,0.0012293377658352256,0.8369892239570618,19.93058204650879,6.290445804595947,0.05991027504205704,0.3950170874595642,41.47592544555664,0.9186736941337585,0.14252934634068268,-0.41131913661956787,-0.08000685274600983,0.028849126771092415,218.12860107421875,8.132609367370605,0.10566166043281555,0.22635598480701447,17.42224884033203,0.9740442633628845,0.2382324988216175,-0.395255446434021,-0.06699509918689728,0.12366250902414322,65.83909606933594,11.696402549743652,0.2565845251083374,0.18369317054748535,8.372795104980469,0.9829873442649841,0.49278378132386874,-0.41208547353744507,0.01231915969401598,0.7468976378440857,15.679560661315918,5.925106048583984,0.12073756754398346,0.3556193709373474,17.451749801635742,0.9346309304237366,0.1264543322924288,-0.6581459045410156,-0.004070370923727751,0.3557751476764679,16.688135147094727
mnist_iid,mnist,iid,3,short_retrain,0.5,mnist_iid/seed3/short_retrain_alpha0.50,0.988,0.992350332594235,0.9952328159645233,0.0028824833702882913,True,0.9871,0.9686252771618625,10,2,0.605035126209259,0.5506623983383179,-0.17976534366607666,-0.1974915862083435,0.9837133288383484,0.503645658493042,0.07510878890752792,1.0700081586837769,1.1112130880355835,0.1288326233625412,0.11431016027927399,-0.7123068571090698,-0.8028014302253723,0.7018682360649109,0.04533593697087983,0.8087365627288818,0.4037545621395111,0.04886743053793907,2.4127895832061768,0.22743800282478333,0.19154471158981323,-0.3550218641757965,-0.42154890298843384,0.9348580837249756,0.14129190509635522,0.6229884624481201,0.2495080530643463,0.1896221935749054,1.3565000295639038,0.5023234486579895,0.45642998814582825,-0.09366734325885773,-0.10307413339614868,0.995603621006012,0.6892838675981786,0.41544127464294434,0.06863918900489807,0.9467158317565918,1.0994056463241577,0.21314245462417603,0.21250486373901367,-0.2751013934612274,-0.2759268283843994,0.9614152908325195,0.12408828524689236,0.6398462057113647,0.0274224691092968,0.4585968554019928,1.0911102294921875
mnist_iid,mnist,iid,3,federaser,0.5,mnist_iid/seed3/federaser_alpha0.50,0.9714,0.2073170731707317,0.9952328159645233,0.7879157427937916,True,0.9871,0.9686252771618625,10,2,2.819981098175049,0.5506623983383179,0.4875139594078064,2.4962916374206543,0.8731461763381958,-0.6357198357582092,0.10484203696250916,1.0700081586837769,2.719027280807495,0.7254534959793091,0.11431016027927399,0.8746077418327332,5.5505757331848145,0.484831303358078,0.06617193782149317,-0.9302834272384644,-0.21504321694374084,0.04886743053793907,15.092012405395508,1.1667112112045288,0.19154471158981323,0.42397570610046387,2.582463264465332,0.9056742191314697,0.17115211253486678,-0.6889927387237549,-0.1649676412343979,0.1896221935749054,6.394315719604492,2.19675350189209,0.45642998814582825,0.4600476026535034,2.213921070098877,0.8879193067550659,0.6068227236743432,-0.5338151454925537,0.14392444491386414,0.9467158317565918,2.390885591506958,1.1133475303649902,0.21250486373901367,0.5430838465690613,2.8453049659729004,0.8396784067153931,0.15585331590164614,-0.7874594330787659,0.11976783722639084,0.4585968554019928,2.512434482574463
mnist_iid,mnist,iid,3,grad_negation,0.5,mnist_iid/seed3/grad_negation_alpha0.50,0.987,0.9480044345898004,0.9952328159645233,0.04722838137472285,True,0.9871,0.9686252771618625,10,2,1.1958255767822266,0.5506623983383179,-0.1387420892715454,-0.3012576997280121,0.9903270602226257,0.3743472397327423,0.08541323989629745,1.0700081586837769,1.4346110820770264,0.19346292316913605,0.11431016027927399,-0.18515044450759888,-0.3133557438850403,0.9827102422714233,0.02617092523714812,0.30423206090927124,0.5567264556884766,0.04886743053793907,3.502152681350708,0.38209104537963867,0.19154471158981323,-0.37978264689445496,-0.7575857639312744,0.9250765442848206,0.1020840343867591,0.5892810821533203,0.25127777457237244,0.1896221935749054,2.011870861053467,1.0227967500686646,0.45642998814582825,-0.1298544555902481,-0.29095396399497986,0.9915333986282349,0.7315441824742492,0.3608282804489136,0.05941572040319443,0.9467158317565918,1.427874207496643,0.4477789103984833,0.21250486373901367,0.012079007923603058,0.02545224316418171,0.9999269843101501,0.1402008839503979,0.34557148814201355,0.13775838911533356,0.4585968554019928,1.2978291511535645
mnist_iid,mnist,iid,3,full_retrain,0.5,mnist_iid/seed3/full_retrain_alpha0.50,0.9865,0.9717294900221729,0.9952328159645233,0.023503325942350384,True,0.9871,0.9686252771618625,10,2,16.686586380004883,0.5506623983383179,0.24282990396022797,7.357524871826172,0.9700737595558167,-0.4407288134098053,0.0019983879756182432,1.0700081586837769,15.62486457824707,6.293638706207275,0.11431016027927399,0.3920699954032898,21.58641815185547,0.919935405254364,0.14224960142423093,-0.4124327003955841,-0.05479031056165695,0.04886743053793907,128.84872436523438,8.139721870422363,0.19154471158981323,0.23882298171520233,10.148818969726562,0.9710634350776672,0.2379394320458316,-0.3956936299800873,-0.07767000049352646,0.1896221935749054,43.01522445678711,11.7166109085083,0.45642998814582825,0.20346590876579285,5.222419261932373,0.9790855646133423,0.4930169919807005,-0.40749868750572205,0.012737038545310497,0.9467158317565918,12.403705596923828,5.9419026374816895,0.21250486373901367,0.3870869278907776,10.823437690734863,0.9220433235168457,0.12679394715006406,-0.6549031138420105,0.011424180120229721,0.4585968554019928,12.983840942382812
mnist_iid,mnist,iid,3,short_retrain,0.75,mnist_iid/seed3/short_retrain_alpha0.75,0.9872,0.9882483370288249,0.9952328159645233,0.006984478935698424,True,0.9869,0.8464523281596452,10,2,0.6337523460388184,0.7961737513542175,-0.15269698202610016,-0.12153113633394241,0.9882752299308777,0.5059998631477356,0.11356570571660995,1.2772166728973389,1.064674735069275,0.13335871696472168,0.16871939599514008,-0.6929576992988586,-0.5477256774902344,0.720978319644928,0.04427465890549425,0.7912764549255371,0.26933160424232483,0.06833672523498535,1.9383323192596436,0.2389162927865982,0.280843585729599,-0.3398404121398926,-0.2891051173210144,0.9404834508895874,0.14210337729115138,0.6100415587425232,0.31592580676078796,0.240913525223732,1.1648503541946411,0.526969313621521,0.6556348204612732,-0.06428796797990799,-0.05166621878743172,0.9979314804077148,0.6913913812762013,0.42565879225730896,0.10246488451957703,1.1253550052642822,1.0598704814910889,0.22158172726631165,0.31101465225219727,-0.23857726156711578,-0.16997382044792175,0.9711235761642456,0.12223065672006776,0.6436082720756531,0.08638042211532593,0.5496982932090759,1.0453933477401733
mnist_iid,mnist,iid,3,federaser,0.75,mnist_iid/seed3/federaser_alpha0.75,0.9703,0.02727272727272727,0.9952328159645233,0.9679600886917961,True,0.9869,0.8464523281596452,10,2,2.862609624862671,0.7961737513542175,0.5652872323989868,2.0322113037109375,0.8249430656433105,-0.5800426602363586,0.18970662355422974,1.2772166728973389,2.2744362354278564,0.6969873309135437,0.16871939599514008,0.8817985653877258,3.642749071121216,0.47162604331970215,0.059275057394115725,-0.9258898496627808,-0.007174531929194927,0.06833672523498535,10.255351066589355,1.1409658193588257,0.280843585729599,0.46896204352378845,1.9052207469940186,0.8832188248634338,0.15884302259889307,-0.6719698905944824,-0.15338867902755737,0.240913525223732,4.98824405670166,2.2727110385894775,0.6556348204612732,0.5592420101165771,1.9383655786514282,0.8290425539016724,0.6303082938788183,-0.4597744941711426,0.24642126262187958,1.1253550052642822,2.0207231044769287,1.114553451538086,0.31101465225219727,0.5801098942756653,2.0788838863372803,0.814538300037384,0.15157376067517753,-0.7574192881584167,0.17277835309505463,0.5496982932090759,2.10009765625
mnist_iid,mnist,iid,3,grad_negation,0.75,mnist_iid/seed3/grad_negation_alpha0.75,0.9866,0.792350332594235,0.9952328159645233,0.20288248337028825,True,0.9869,0.8464523281596452,10,2,1.266844391822815,0.7961737513542175,-0.07185688614845276,-0.11432182788848877,0.9974150061607361,0.3764345049858093,0.12843169271945953,1.2772166728973389,1.3149423599243164,0.20718912780284882,0.16871939599514008,-0.17756208777427673,-0.21804802119731903,0.9841095805168152,0.026745170056265047,0.30907943844795227,0.5030980706214905,0.06833672523498535,2.6723875999450684,0.3843896985054016,0.280843585729599,-0.35603955388069153,-0.48730963468551636,0.9344712495803833,0.09205673265829539,0.5912426114082336,0.3307977318763733,0.240913525223732,1.5780292749404907,1.0898914337158203,0.6556348204612732,-0.050676967948675156,-0.08423363417387009,0.9987143874168396,0.740149754919218,0.3639451265335083,0.09530001878738403,1.1253550052642822,1.3241567611694336,0.4758041799068451,0.31101465225219727,0.05661545693874359,0.08661285042762756,0.998396098613739,0.14104836093407283,0.35709071159362793,0.20326414704322815,0.5496982932090759,1.182090163230896
mnist_iid,mnist,iid,3,full_retrain,0.75,mnist_iid/seed3/full_retrain_alpha0.75,0.9857,0.8385809312638581,0.9952328159645233,0.15665188470066516,True,0.9869,0.8464523281596452,10,2,16.70704460144043,0.7961737513542175,0.24663901329040527,5.174863338470459,0.9691095352172852,-0.436043381690979,0.004405746702104807,1.2772166728973389,13.114587783813477,6.294755935668945,0.16871939599514008,0.39662909507751465,14.797842025756836,0.9179790019989014,0.14195190660195584,-0.41295039653778076,0.06528687477111816,0.06833672523498535,92.0539321899414,8.146533012390137,0.280843585729599,0.24119852483272552,6.996526718139648,0.9704757928848267,0.23775460426136338,-0.39480093121528625,-0.07062339037656784,0.240913525223732,33.90047073364258,11.73531436920166,0.6556348204612732,0.20658040046691895,3.6972219944000244,0.9784321784973145,0.493381251295543,-0.40037640929222107,0.013829139992594719,1.1253550052642822,10.462165832519531,5.951961994171143,0.31101465225219727,0.3879739046096802,7.424747943878174,0.9216703176498413,0.12691229250539865,-0.6490927338600159,0.006693959701806307,0.5496982932090759,10.86709976196289
mnist_iid,mnist,iid,3,short_retrain,1.0,mnist_iid/seed3/short_retrain_alpha1.00,0.9874,0.9677383592017739,0.9952328159645233,0.02749445676274942,True,0.9869,0.0017738359201773836,10,2,0.6519306302070618,1.0534764528274536,-0.12469615787267685,-0.07715702801942825,0.9921989440917969,0.5040451884269714,0.1101762056350708,1.9805312156677246,1.0177569389343262,0.1340719312429428,0.22752094268798828,-0.701787531375885,-0.4135444164276123,0.7123862504959106,0.042288737707160504,0.798146665096283,0.316215842962265,0.102740079164505,1.370265245437622,0.24089063704013824,0.36958789825439453,-0.34746578335762024,-0.2264716476202011,0.9376931190490723,0.13651781822383505,0.600147008895874,0.14967283606529236,0.36624711751937866,1.1116288900375366,0.5434883236885071,0.8666114211082458,-0.03419748693704605,-0.02144426852464676,0.9994142651557922,0.6949780731844585,0.42961597442626953,0.10875214636325836,1.81034255027771,1.0123436450958252,0.23162302374839783,0.41290467977523804,-0.1797536015510559,-0.10083456337451935,0.9837116003036499,0.1262154190872917,0.6299393773078918,0.1079801693558693,0.7074640989303589,1.0180788040161133
mnist_iid,mnist,iid,3,federaser,1.0,mnist_iid/seed3/federaser_alpha1.00,0.9723,0.0031042128603104213,0.9952328159645233,0.9921286031042129,True,0.9869,0.0017738359201773836,10,2,2.9408912658691406,1.0534764528274536,0.640049159526825,1.7865424156188965,0.768398642539978,-0.5061588287353516,0.43866515159606934,1.9805312156677246,1.379237413406372,0.6516067981719971,0.22752094268798828,0.881270170211792,2.523906707763672,0.47261279821395874,0.04908646253535264,-0.9136280417442322,-0.13493786752223969,0.102740079164505,6.552571773529053,1.1163907051086426,0.36958789825439453,0.5255352854728699,1.587449550628662,0.8507720232009888,0.14408656672448336,-0.6497789025306702,0.0948648601770401,0.36624711751937866,3.1165883541107178,2.3925018310546875,0.8666114211082458,0.6492347121238708,1.7921767234802246,0.7606499195098877,0.6618199426595945,-0.37016260623931885,0.5274127125740051,1.81034255027771,1.1630438566207886,1.1199522018432617,0.41290467977523804,0.6257785558700562,1.6973453760147095,0.7800007462501526,0.14500715211524884,-0.7093545198440552,0.30405130982398987,0.7074640989303589,1.5948021411895752
mnist_iid,mnist,iid,3,grad_negation,1.0,mnist_iid/seed3/grad_negation_alpha1.00,0.9865,0.47350332594235034,0.9952328159645233,0.521729490022173,True,0.9869,0.0017738359201773836,10,2,1.18110990524292,1.0534764528274536,0.03275095671415329,0.036714307963848114,0.9994624257087708,0.4175961911678314,0.17859163880348206,1.9805312156677246,1.0689512491226196,0.2067308872938156,0.22752094268798828,-0.1736004501581192,-0.15773746371269226,0.9848161935806274,0.030632906989004574,0.3177139163017273,0.3895628750324249,0.102740079164505,1.8657726049423218,0.36603814363479614,0.36958789825439453,-0.30048197507858276,-0.29759567975997925,0.9537877440452576,0.09603523100784626,0.6121833324432373,0.2168617695569992,0.36624711751937866,1.2511531114578247,1.0132269859313965,0.8666114211082458,0.08372662216424942,0.09788070619106293,0.9964908957481384,0.7359206016160074,0.4126734733581543,0.18032950162887573,1.81034255027771,1.0542389154434204,0.4378472864627838,0.41290467977523804,0.0887690931558609,0.09413140267133713,0.996052086353302,0.13741135918311687,0.3935013711452484,0.16026237607002258,0.7074640989303589,1.0884212255477905
mnist_iid,mnist,iid,3,full_retrain,1.0,mnist_iid/seed3/full_retrain_alpha1.00,0.9866,0.0009977827050997783,0.9952328159645233,0.9942350332594235,True,0.9869,0.0017738359201773836,10,2,16.69255256652832,1.0534764528274536,0.25339752435684204,4.0146355628967285,0.9673663377761841,-0.43027979135513306,0.04244695603847504,1.9805312156677246,8.445178031921387,6.3036580085754395,0.22752094268798828,0.3979070484638214,11.024348258972168,0.9174257516860962,0.14260087380319703,-0.41154471039772034,-0.00050406000809744,0.102740079164505,61.36404800415039,8.141605377197266,0.36958789825439453,0.2494892030954361,5.4959611892700195,0.9683775901794434,0.23787943868335273,-0.3945072889328003,-0.03504076227545738,0.36624711751937866,22.287267684936523,11.713815689086914,0.8666114211082458,0.2121756225824356,2.8676137924194336,0.9772334694862366,0.49242768146672244,-0.39139440655708313,0.0678541511297226,1.81034255027771,6.479896545410156,5.951009750366211,0.41290467977523804,0.39914461970329285,5.75269079208374,0.9168881773948669,0.12709200604672777,-0.6439003944396973,0.01643596775829792,0.7074640989303589,8.454644203186035
mnist_iid,mnist,iid,4,short_retrain,0.25,mnist_iid/seed4/short_retrain_alpha0.25,0.9861,0.9977827050997783,0.9953436807095344,-0.0024390243902439046,True,0.9845,0.9941241685144124,10,2,0.5869128108024597,0.298671692609787,-0.19540368020534515,-0.3839426040649414,0.9807256460189819,0.48162633180618286,-1.882514334283769e-05,0.9827225804328918,1.1647815704345703,0.12993542850017548,0.055824898183345795,-0.7645642161369324,-1.7795641422271729,0.6445476412773132,0.04900789086761696,0.7826562523841858,0.37312501668930054,0.02895335853099823,4.217928409576416,0.2201123833656311,0.09784122556447983,-0.3892907500267029,-0.8757817149162292,0.9211151599884033,0.1406372653423997,0.6575191617012024,0.19165651500225067,0.11845830082893372,1.9340226650238037,0.4868603050708771,0.25302398204803467,-0.10198956727981567,-0.19622479379177094,0.9947853684425354,0.6881016154502158,0.36723339557647705,0.00015087935025803745,0.8648402690887451,1.1474932432174683,0.20522251725196838,0.11179075390100479,-0.33822959661483765,-0.620913028717041,0.9410637617111206,0.12225338513717979,0.6554020643234253,-0.07004392892122269,0.4504743814468384,1.1275477409362793
mnist_iid,mnist,iid,4,federaser,0.25,mnist_iid/seed4/federaser_alpha0.25,0.9677,0.5905764966740576,0.9953436807095344,0.40476718403547673,True,0.9845,0.9941241685144124,10,2,2.9014394283294678,0.298671692609787,0.42142412066459656,4.09348201751709,0.9068785905838013,-0.655967116355896,0.08099798113107681,0.9827225804328918,3.0395219326019287,0.7605090737342834,0.055824898183345795,0.8641431927680969,11.772323608398438,0.5032458901405334,0.0686966872691705,-0.8992770314216614,-0.30402955412864685,0.02895335853099823,26.587799072265625,1.243030071258545,0.09784122556447983,0.4802666902542114,6.101566791534424,0.8771232962608337,0.18352335381501245,-0.7377038598060608,-0.12460967898368835,0.11845830082893372,10.664268493652344,2.2128326892852783,0.25302398204803467,0.3605842590332031,3.1531825065612793,0.9327419996261597,0.5816550118002337,-0.5499487519264221,0.10580945014953613,0.8648402690887451,2.6467573642730713,1.182644009590149,0.11179075390100479,0.5159149765968323,5.457909107208252,0.8566398024559021,0.16612503207046952,-0.7993213534355164,0.10042364150285721,0.4504743814468384,2.7138657569885254
mnist_iid,mnist,iid,4,grad_negation,0.25,mnist_iid/seed4/grad_negation_alpha0.25,0.9858,0.9851441241685144,0.9953436807095344,0.010199556541020005,True,0.9845,0.9941241685144124,10,2,1.4293804168701172,0.298671692609787,-0.13634797930717468,-0.6524639129638672,0.9906592965126038,0.3480370044708252,0.011424396187067032,0.9827225804328918,1.7556641101837158,0.24211476743221283,0.055824898183345795,-0.3532913625240326,-1.5322386026382446,0.9355133175849915,0.02868845516065625,0.3455948233604431,0.38472598791122437,0.02895335853099823,8.030730247497559,0.4826016128063202,0.09784122556447983,-0.39590778946876526,-1.9528106451034546,0.9182906150817871,0.1139837252805799,0.6129278540611267,0.15082873404026031,0.11845830082893372,4.0458245277404785,1.1879546642303467,0.25302398204803467,-0.10551238805055618,-0.4953327775001526,0.9944148063659668,0.6907219315668112,0.31408876180648804,0.0009725679410621524,0.8648402690887451,1.698275089263916,0.5834623575210571,0.11179075390100479,-0.04637494683265686,-0.24204184114933014,0.998924195766449,0.16660588981511235,0.2936515510082245,0.014187301509082317,0.4504743814468384,1.6250653266906738
mnist_iid,mnist,iid,4,full_retrain,0.25,mnist_iid/seed4/full_retrain_alpha0.25,0.9859,0.9945676274944567,0.9953436807095344,0.0007760532150776767,True,0.9845,0.9941241685144124,10,2,16.83909797668457,0.298671692609787,0.23517507314682007,13.257757186889648,0.9719572067260742,-0.4559795558452606,0.0042664832435548306,0.9827225804328918,17.160053253173828,6.598134994506836,0.055824898183345795,0.44845375418663025,53.0042839050293,0.8938060998916626,0.15352794065546063,-0.4585568606853485,-0.11023703217506409,0.02895335853099823,228.00083923339844,8.177450180053711,0.09784122556447983,0.27972763776779175,23.37925148010254,0.9600788950920105,0.2358200543957172,-0.41795793175697327,-0.0556347481906414,0.11845830082893372,69.09514617919922,11.730422973632812,0.25302398204803467,0.19005107879638672,8.810037612915039,0.9817769527435303,0.48526798801710047,-0.41846325993537903,0.01959211938083172,0.8648402690887451,13.580937385559082,5.962777614593506,0.11179075390100479,0.3445969223976135,18.3803653717041,0.9387506246566772,0.12538404383685245,-0.6519935131072998,-0.019808176904916763,0.4504743814468384,13.294120788574219
mnist_iid,mnist,iid,4,short_retrain,0.5,mnist_iid/seed4/short_retrain_alpha0.50,0.9869,0.9941241685144124,0.9953436807095344,0.0012195121951219523,True,0.9849,0.9798226164079823,10,2,0.6086319088935852,0.543429434299469,-0.18363326787948608,-0.20564325153827667,0.9829967021942139,0.4847206473350525,0.0425662137567997,1.1539499759674072,1.11053466796875,0.13344866037368774,0.11401429027318954,-0.7377326488494873,-0.8634832501411438,0.6750929951667786,0.048070251571851456,0.7800339460372925,0.3661530017852783,0.049630023539066315,2.502187728881836,0.23016612231731415,0.19063210487365723,-0.37779587507247925,-0.4561440348625183,0.9258891344070435,0.14299850163487998,0.6589598059654236,0.23274095356464386,0.19993865489959717,1.3376727104187012,0.5049004554748535,0.44995829463005066,-0.08340246230363846,-0.0935765728354454,0.996515691280365,0.6881645244480641,0.3715047240257263,0.030668802559375763,1.0113410949707031,1.103908658027649,0.211519256234169,0.2086266577243805,-0.31697171926498413,-0.32136645913124084,0.9484350681304932,0.12076687317923217,0.6624966859817505,0.010073508135974407,0.5160999298095703,1.0768998861312866
mnist_iid,mnist,iid,4,federaser,0.5,mnist_iid/seed4/federaser_alpha0.50,0.9686,0.13381374722838138,0.9953436807095344,0.861529933481153,True,0.9849,0.9798226164079823,10,2,2.913365125656128,0.543429434299469,0.4982127845287323,2.67065691947937,0.8670825362205505,-0.6246798038482666,0.10569020360708237,1.1539499759674072,2.615419626235962,0.7482792139053345,0.11401429027318954,0.8620129227638245,5.657416343688965,0.5068862438201904,0.06596132532597535,-0.9024277925491333,-0.28079721331596375,0.049630023539066315,15.38790512084961,1.2128480672836304,0.19063210487365723,0.5018436312675476,3.192847490310669,0.8649584650993347,0.17329077809409751,-0.7402953505516052,-0.09899541735649109,0.19993865489959717,6.244889259338379,2.251174211502075,0.44995829463005066,0.4546152353286743,2.2742364406585693,0.890711784362793,0.597064929929064,-0.5043023228645325,0.14831015467643738,1.0113410949707031,2.3009908199310303,1.1787477731704712,0.2086266577243805,0.5640361905097961,3.1868233680725098,0.8257500529289246,0.16368311410653658,-0.7766361236572266,0.08562979847192764,0.5160999298095703,2.4135642051696777
mnist_iid,mnist,iid,4,grad_negation,0.5,mnist_iid/seed4/grad_negation_alpha0.50,0.9852,0.9518847006651885,0.9953436807095344,0.043458980044345896,True,0.9849,0.9798226164079823,10,2,1.4537532329559326,0.543429434299469,-0.10959001630544662,-0.2931365966796875,0.9939756989479065,0.3497053384780884,0.043197039514780045,1.1539499759674072,1.5742558240890503,0.23698824644088745,0.11401429027318954,-0.34216558933258057,-0.7112197875976562,0.939639687538147,0.02657254631765048,0.3674081861972809,0.36583495140075684,0.049630023539066315,4.50641393661499,0.4389306604862213,0.19063210487365723,-0.4174842834472656,-0.9612568616867065,0.9086847305297852,0.09115327038263704,0.6530308723449707,0.2251790314912796,0.19993865489959717,2.197904586791992,1.2218220233917236,0.44995829463005066,-0.07438976317644119,-0.20197778940200806,0.9972303509712219,0.706376276320686,0.3119387924671173,0.02870170585811138,1.0113410949707031,1.5460318326950073,0.6097343564033508,0.2086266577243805,-0.011809563264250755,-0.03451474383473396,0.9999303817749023,0.17589800568142272,0.3129151165485382,0.04110502451658249,0.5160999298095703,1.5161280632019043
mnist_iid,mnist,iid,4,full_retrain,0.5,mnist_iid/seed4/full_retrain_alpha0.50,0.9857,0.9866962305986696,0.9953436807095344,0.008647450110864763,True,0.9849,0.9798226164079823,10,2,16.851938247680664,0.543429434299469,0.25626569986343384,7.946002006530762,0.9666094183921814,-0.4529086947441101,-0.0013498265761882067,1.1539499759674072,14.639182090759277,6.600164890289307,0.11401429027318954,0.44275301694869995,25.630495071411133,0.8966436386108398,0.15338871441487734,-0.45954540371894836,-0.13711993396282196,0.049630023539066315,133.12814331054688,8.184407234191895,0.19063210487365723,0.2904294431209564,12.468989372253418,0.9568964242935181,0.23586217849733712,-0.41846418380737305,-0.05522163584828377,0.19993865489959717,41.001976013183594,11.741151809692383,0.44995829463005066,0.20755380392074585,5.415317535400391,0.9782257080078125,0.48541703873580955,-0.41365769505500793,0.011980719864368439,1.0113410949707031,11.640542984008789,5.966083526611328,0.2086266577243805,0.3728004992008209,10.660951614379883,0.927911639213562,0.12533217580876818,-0.6470857858657837,-0.01079295203089714,0.5160999298095703,11.613859176635742
mnist_iid,mnist,iid,4,short_retrain,0.75,mnist_iid/seed4/short_retrain_alpha0.75,0.9868,0.9907982261640799,0.9953436807095344,0.004545454545454519,True,0.9856,0.8475609756097561,10,2,0.6297211647033691,0.798544704914093,-0.16559112071990967,-0.13056786358356476,0.9861947298049927,0.48595383763313293,0.061455138027668,1.4142942428588867,1.0693583488464355,0.1383468061685562,0.170869842171669,-0.7010670304298401,-0.5676273107528687,0.7130953669548035,0.04826139672154603,0.7664594054222107,0.23928804695606232,0.07645651698112488,1.8461459875106812,0.23839619755744934,0.28820693492889404,-0.3370288014411926,-0.278779536485672,0.9414944052696228,0.14330478961540358,0.6534159779548645,0.2559162378311157,0.2643600404262543,1.1626073122024536,0.5233414769172668,0.6569229364395142,-0.07014013081789017,-0.05587146058678627,0.9975332021713257,0.6906618859136013,0.3752742409706116,0.04757393151521683,1.243533968925476,1.0663337707519531,0.21611760556697845,0.30641821026802063,-0.2933492362499237,-0.20690004527568817,0.9560053944587708,0.11777197471633503,0.6748156547546387,0.038468122482299805,0.6149305105209351,1.047128438949585
mnist_iid,mnist,iid,4,federaser,0.75,mnist_iid/seed4/federaser_alpha0.75,0.965,0.015188470066518847,0.9953436807095344,0.9801552106430156,True,0.9856,0.8475609756097561,10,2,2.9874091148376465,0.798544704914093,0.5770529508590698,2.158546209335327,0.8167555332183838,-0.5722952485084534,0.18661120533943176,1.4142942428588867,2.1618356704711914,0.7264607548713684,0.170869842171669,0.8523750901222229,3.623910427093506,0.5229311585426331,0.05912665873369313,-0.8961064219474792,-0.09935731440782547,0.07645651698112488,9.652403831481934,1.2010115385055542,0.28820693492889404,0.5091466307640076,2.1217031478881836,0.8606809973716736,0.16160485062475105,-0.7293436527252197,-0.07082026451826096,0.2643600404262543,4.720505237579346,2.3539860248565674,0.6569229364395142,0.5622925162315369,2.0146727561950684,0.8269782066345215,0.6208791026800444,-0.4339755177497864,0.24728623032569885,1.243533968925476,1.9097703695297241,1.1890047788619995,0.30641821026802063,0.6176835298538208,2.396818161010742,0.786426842212677,0.15838940799517226,-0.7521498203277588,0.12662014365196228,0.6149305105209351,2.061309337615967
mnist_iid,mnist,iid,4,grad_negation,0.75,mnist_iid/seed4/grad_negation_alpha0.75,0.9859,0.8502217294900222,0.9953436807095344,0.1451219512195122,True,0.9856,0.8475609756097561,10,2,1.483417272567749,0.798544704914093,-0.0820160061120987,-0.1523396372795105,0.9966315031051636,0.3568172752857208,0.0837547704577446,1.4142942428588867,1.3872461318969727,0.2512626647949219,0.170869842171669,-0.30729904770851135,-0.45188063383102417,0.9516130089759827,0.028687286604747467,0.3437867760658264,0.43944457173347473,0.07645651698112488,2.9852542877197266,0.4639069139957428,0.28820693492889404,-0.36950862407684326,-0.5947712659835815,0.929227352142334,0.09779034483849454,0.6453163623809814,0.2297671139240265,0.2643600404262543,1.8091504573822021,1.249716877937317,0.6569229364395142,-0.04117029532790184,-0.07831300795078278,0.999152660369873,0.709739934590929,0.3182976245880127,0.06328227370977402,1.243533968925476,1.372146725654602,0.6003673076629639,0.30641821026802063,-0.004117906093597412,-0.008068242110311985,0.9999914765357971,0.1637825490730537,0.33209940791130066,0.11038248240947723,0.6149305105209351,1.3182028532028198
mnist_iid,mnist,iid,4,full_retrain,0.75,mnist_iid/seed4/full_retrain_alpha0.75,0.9855,0.8539911308203991,0.9953436807095344,0.14135254988913526,True,0.9856,0.8475609756097561,10,2,16.87558364868164,0.798544704914093,0.2630615532398224,5.558622360229492,0.9647830128669739,-0.44858893752098083,-0.002836190164089203,1.4142942428588867,11.976810455322266,6.599506855010986,0.170869842171669,0.4343250095844269,16.77493667602539,0.9007562398910522,0.15292825996549803,-0.4617527425289154,-0.07086693495512009,0.07645651698112488,86.39375305175781,8.19162654876709,0.28820693492889404,0.28779783844947815,8.17997932434082,0.957690954208374,0.23561620848537373,-0.41847696900367737,-0.07219209522008896,0.2643600404262543,31.074838638305664,11.76221752166748,0.6569229364395142,0.2175198197364807,3.894272565841675,0.9760603904724121,0.4857955601789627,-0.4062801003456116,0.012047471478581429,1.243533968925476,9.49943733215332,5.982271671295166,0.30641821026802063,0.3791542947292328,7.402315139770508,0.9253334999084473,0.1256600383424185,-0.6420283913612366,-0.014084934256970882,0.6149305105209351,9.793632507324219
mnist_iid,mnist,iid,4,short_retrain,1.0,mnist_iid/seed4/short_retrain_alpha1.00,0.9872,0.9751662971175167,0.9953436807095344,0.020177383592017706,True,0.9852,0.0014412416851441242,10,2,0.653327465057373,1.048393726348877,-0.13241448998451233,-0.08250663429498672,0.9911937713623047,0.4904501438140869,0.04395608976483345,2.188533306121826,1.0309557914733887,0.14168603718280792,0.22934012115001678,-0.6941642761230469,-0.4288538098335266,0.7198166251182556,0.04702732892803161,0.7735797166824341,0.24215252697467804,0.1248147040605545,1.3186523914337158,0.24610386788845062,0.3843321204185486,-0.30557727813720703,-0.19567333161830902,0.9521670937538147,0.1418839995392236,0.6592026352882385,0.16259241104125977,0.4033750593662262,1.083437442779541,0.5434263348579407,0.8591603636741638,-0.0366736575961113,-0.023193689063191414,0.9993266463279724,0.6918517277369944,0.38355085253715515,0.03521054610610008,1.9768255949020386,1.027718424797058,0.22560963034629822,0.40088972449302673,-0.24450770020484924,-0.13760212063789368,0.969647228717804,0.11923710087861683,0.6671919226646423,0.02431381680071354,0.838802695274353,1.0292054414749146
mnist_iid,mnist,iid,4,federaser,1.0,mnist_iid/seed4/federaser_alpha1.00,0.9711,0.002993348115299335,0.9953436807095344,0.992350332594235,True,0.9852,0.0014412416851441242,10,2,3.0655696392059326,1.048393726348877,0.6362326741218567,1.8601568937301636,0.771562397480011,-0.49131131172180176,0.44826579093933105,2.188533306121826,1.3062940835952759,0.6887868046760559,0.22934012115001678,0.8513202667236328,2.5568060874938965,0.5246461033821106,0.050477202267508396,-0.8879479169845581,-0.11343511193990707,0.1248147040605545,5.718875885009766,1.1797829866409302,0.3843321204185486,0.5237463712692261,1.6077381372451782,0.8518750071525574,0.1480916703626104,-0.7109189033508301,0.1257103681564331,0.4033750593662262,2.9696784019470215,2.4688761234283447,0.8591603636741638,0.6374897956848145,1.831670880317688,0.7705240845680237,0.648589164172856,-0.33386391401290894,0.5404903292655945,1.9768255949020386,1.0999430418014526,1.1985567808151245,0.40088972449302673,0.6672859787940979,1.9950122833251953,0.7448018193244934,0.15284211222701385,-0.6900532245635986,0.3178037106990814,0.838802695274353,1.4606554508209229
mnist_iid,mnist,iid,4,grad_negation,1.0,mnist_iid/seed4/grad_negation_alpha1.00,0.9857,0.6008869179600886,0.9953436807095344,0.39445676274944574,True,0.9852,0.0014412416851441242,10,2,1.452675223350525,1.048393726348877,-0.008326010778546333,-0.011535274796187878,0.9999651908874512,0.38200047612190247,0.11051042377948761,2.188533306121826,1.1374931335449219,0.2530196011066437,0.22934012115001678,-0.3160843253135681,-0.3487201929092407,0.948731005191803,0.03033422307881403,0.3805854618549347,0.28398042917251587,0.1248147040605545,1.9894814491271973,0.46369504928588867,0.3843321204185486,-0.32155054807662964,-0.38794830441474915,0.9468927383422852,0.10188026809232303,0.6727039217948914,0.13114039599895477,0.4033750593662262,1.421244502067566,1.2156797647476196,0.8591603636741638,0.047145646065473557,0.0667015090584755,0.9988886117935181,0.7003295120717913,0.34552866220474243,0.10988815873861313,1.9768255949020386,1.1149166822433472,0.5944812297821045,0.40088972449302673,0.05758536234498024,0.08539357781410217,0.9983406662940979,0.16745605677259826,0.33648619055747986,0.10780827701091766,0.838802695274353,1.1616709232330322
mnist_iid,mnist,iid,4,full_retrain,1.0,mnist_iid/seed4/full_retrain_alpha1.00,0.9853,0.0022172949002217295,0.9953436807095344,0.9931263858093127,True,0.9852,0.0014412416851441242,10,2,16.864694595336914,1.048393726348877,0.2664409577846527,4.28550386428833,0.9638557434082031,-0.4430761933326721,0.03978724032640457,2.188533306121826,7.73099422454834,6.608856201171875,0.22934012115001678,0.4310395419597626,12.421195983886719,0.9023330807685852,0.15356027457021687,-0.46224644780158997,-0.13055963814258575,0.1248147040605545,53.08915328979492,8.192924499511719,0.3843321204185486,0.2891921103000641,6.164779186248779,0.9572708010673523,0.235995689347164,-0.41804009675979614,-0.021604429930448532,0.4033750593662262,20.357112884521484,11.742667198181152,0.8591603636741638,0.21857911348342896,2.9871037006378174,0.9758226275444031,0.4848069229668227,-0.3979683220386505,0.06608998030424118,1.9768255949020386,5.958229064941406,5.977863311767578,0.40088972449302673,0.3929816782474518,5.859940528869629,0.9195463061332703,0.12563719358646616,-0.6367979645729065,0.022623542696237564,0.838802695274353,7.1740403175354
gtsrb_iid,gtsrb,iid,0,short_retrain,0.25,gtsrb_iid/seed0/short_retrain_alpha0.25,0.8371338083927158,0.8562450278440732,0.8408114558472554,-0.01543357199681783,True,0.8287410926365796,0.8260938743038981,20,2,0.6055644154548645,0.7635961771011353,-0.14657144248485565,-0.11622682958841324,0.9892021417617798,0.5986559987068176,-0.08092398196458817,2.6899607181549072,1.0426467657089233,0.1626887321472168,0.16993235051631927,-0.2604845464229584,-0.2493809312582016,0.9654778242111206,0.07217154428751987,0.9162306785583496,-0.1701464056968689,0.28833940625190735,1.2289645671844482,0.2217680662870407,0.2238624393939972,-0.5075744986534119,-0.502825140953064,0.8616083264350891,0.13410643560876542,0.7298443913459778,-0.1101609468460083,0.5505830645561218,1.1184725761413574,0.4753052294254303,0.6134920716285706,-0.08085383474826813,-0.06263615190982819,0.9967271089553833,0.6160553418162158,0.5118961930274963,-0.07506541907787323,2.2448956966400146,1.037597417831421,0.2552568316459656,0.3573993146419525,-0.12933194637298584,-0.09236965328454971,0.9916016459465027,0.17766669860363918,0.6092703342437744,-0.08820734918117523,1.345415472984314,1.034149169921875
gtsrb_iid,gtsrb,iid,0,federaser,0.25,gtsrb_iid/seed0/federaser_alpha0.25,0.6194774346793349,0.7746221161495624,0.8408114558472554,0.06618933969769292,True,0.8287410926365796,0.8260938743038981,20,2,8.483358383178711,0.7635961771011353,0.27120307087898254,3.0127222537994385,0.9625290036201477,-0.8127831220626831,0.14363805949687958,2.6899607181549072,3.1686034202575684,2.7295451164245605,0.16993235051631927,0.265241801738739,4.26045560836792,0.9641819596290588,0.1035157102988123,-0.96272873878479,0.09182943403720856,0.28833940625190735,9.427338600158691,3.4883670806884766,0.2238624393939972,0.49114468693733215,7.653318881988525,0.8710781931877136,0.1690715079520886,-0.8726083636283875,0.13568052649497986,0.5505830645561218,6.278748989105225,6.111748695373535,0.6134920716285706,0.2556709945201874,2.546823024749756,0.966765284538269,0.5190265841317788,-0.7637830972671509,0.16205939650535583,2.2448956966400146,2.744028329849243,3.872769832611084,0.3573993146419525,0.21067719161510468,2.2828917503356934,0.9775558114051819,0.20838630361972782,-0.8001089692115784,0.13846056163311005,1.345415472984314,2.913522243499756
gtsrb_iid,gtsrb,iid,0,grad_negation,0.25,gtsrb_iid/seed0/grad_negation_alpha0.25,0.8385589865399842,0.811217183770883,0.8408114558472554,0.02959427207637233,True,0.8287410926365796,0.8260938743038981,20,2,1.491424560546875,0.7635961771011353,-0.15044274926185608,-0.29381176829338074,0.9886251091957092,0.3335048258304596,-0.033950842916965485,2.6899607181549072,1.1597700119018555,0.2896925210952759,0.16993235051631927,-0.6149197816848755,-1.0482854843139648,0.7885897159576416,0.037724345539890604,0.40911078453063965,-0.2674378752708435,0.28833940625190735,1.5958675146102905,0.9694796800613403,0.2238624393939972,-0.3221037983894348,-1.3949310779571533,0.9467044472694397,0.4224985820950869,0.24637939035892487,-0.028980541974306107,0.5505830645561218,2.0500147342681885,0.9635221362113953,0.6134920716285706,-0.099284827709198,-0.15591807663440704,0.9950628280639648,0.4173525946909696,0.3878425061702728,-0.04329048469662666,2.2448956966400146,1.1051591634750366,0.5218680500984192,0.3573993146419525,-0.06683087348937988,-0.09758520871400833,0.9977640509605408,0.12242459489502788,0.4001626670360565,-0.006780257914215326,1.345415472984314,1.0750420093536377
gtsrb_iid,gtsrb,iid,0,full_retrain,0.25,gtsrb_iid/seed0/full_retrain_alpha0.25,0.8229612034837688,0.7796340493237868,0.8408114558472554,0.06117740652346859,True,0.8287410926365796,0.8260938743038981,20,2,23.80386734008789,0.7635961771011353,0.17466357350349426,5.444356441497803,0.984628438949585,-0.5835510492324829,0.05047685280442238,2.6899607181549072,8.855161666870117,9.198309898376465,0.16993235051631927,0.18598520755767822,10.067235946655273,0.9825525283813477,0.14931451775774923,-0.6154422760009766,0.029292814433574677,0.28833940625190735,31.887361526489258,10.6298828125,0.2238624393939972,0.2568584680557251,12.196649551391602,0.9664488434791565,0.19940806604929462,-0.5631566643714905,0.054592397063970566,0.5505830645561218,19.277877807617188,15.448416709899902,0.6134920716285706,0.17664949595928192,4.4478302001953125,0.9842751026153564,0.4211781591398081,-0.5557395219802856,0.05858910456299782,2.2448956966400146,6.895644187927246,11.418643951416016,0.3573993146419525,0.14669080078601837,4.6866607666015625,0.9891823530197144,0.23009923012502725,-0.6386808156967163,0.05227109417319298,1.345415472984314,8.493717193603516
gtsrb_iid,gtsrb,iid,0,short_retrain,0.5,gtsrb_iid/seed0/short_retrain_alpha0.50,0.8382422802850357,0.8344470962609387,0.8408114558472554,0.006364359586316648,True,0.8314330958036421,0.7492442322991248,20,2,0.6032866835594177,1.3170894384384155,-0.1043582633137703,-0.04779646173119545,0.9945406913757324,0.6216384768486023,-0.1205526739358902,4.283858776092529,1.0265389680862427,0.17407065629959106,0.3565268814563751,-0.10360269993543625,-0.05058297514915466,0.994618833065033,0.08324808181787366,0.9303992390632629,-0.1578528732061386,0.6025639176368713,1.0838152170181274,0.21434088051319122,0.43315553665161133,-0.4198334515094757,-0.20774833858013153,0.9076014161109924,0.12622157504966378,0.8004733324050903,-0.14447665214538574,1.1922671794891357,1.0412812232971191,0.4696347415447235,1.008451223373413,-0.059895582497119904,-0.027890950441360474,0.9982051849365234,0.6059937889775312,0.5194529294967651,-0.1168825775384903,3.533393621444702,1.02407705783844,0.25916704535484314,0.6348912715911865,-0.05558575689792633,-0.022690484300255775,0.9984539151191711,0.18453666162127533,0.6254551410675049,-0.12245575338602066,2.020451068878174,1.0236550569534302
gtsrb_iid,gtsrb,iid,0,federaser,0.5,gtsrb_iid/seed0/federaser_alpha0.50,0.5673000791765638,0.6826571201272872,0.8408114558472554,0.15815433571996818,True,0.8314330958036421,0.7492442322991248,20,2,9.467656135559082,1.3170894384384155,0.31294065713882446,2.249311685562134,0.9497877359390259,-0.8056983947753906,0.200767382979393,4.283858776092529,2.2354166507720947,3.072721481323242,0.3565268814563751,0.20166631042957306,1.73805832862854,0.9794543385505676,0.10532315976011276,-0.9526488780975342,0.1413043588399887,0.6025639176368713,5.055973529815674,3.8177473545074463,0.43315553665161133,0.5263261795043945,4.638928413391113,0.850283145904541,0.16258939260011232,-0.8647376894950867,0.22379720211029053,1.1922671794891357,3.1337101459503174,6.790107727050781,1.008451223373413,0.3181263506412506,2.1418280601501465,0.9480556845664978,0.5143527740855334,-0.7550581693649292,0.2254960834980011,3.533393621444702,1.956095576286316,4.417993068695068,0.6348912715911865,0.22553831338882446,1.569443941116333,0.9742342233657837,0.21773468419267167,-0.798450231552124,0.1626998633146286,2.020451068878174,2.2516329288482666
gtsrb_iid,gtsrb,iid,0,grad_negation,0.5,gtsrb_iid/seed0/grad_negation_alpha0.50,0.8391132224861441,0.7795544948289579,0.8408114558472554,0.06125696101829747,True,0.8314330958036421,0.7492442322991248,20,2,1.1860697269439697,1.3170894384384155,-0.1334570348262787,-0.1201702207326889,0.9910638332366943,0.39784103631973267,-0.07221740484237671,4.283858776092529,1.0567092895507812,0.24071469902992249,0.3565268814563751,-0.5629721879959106,-0.3800995349884033,0.8264759182929993,0.041184337888810915,0.5004924535751343,-0.2727745473384857,0.6025639176368713,1.173680305480957,0.7136271595954895,0.43315553665161133,-0.32040515542030334,-0.5278693437576294,0.9472806453704834,0.3619678768419656,0.30607807636260986,-0.05110866203904152,1.1922671794891357,1.191402554512024,0.8106383681297302,1.008451223373413,-0.07710818946361542,-0.061977773904800415,0.997022271156311,0.46710224075134454,0.43249550461769104,-0.08081349730491638,3.533393621444702,1.0438933372497559,0.4272507429122925,0.6348912715911865,0.007040569093078375,0.00473795598372817,0.9999750256538391,0.12974557629161065,0.4829023480415344,-0.06071210280060768,2.020451068878174,1.0345985889434814
gtsrb_iid,gtsrb,iid,0,full_retrain,0.5,gtsrb_iid/seed0/full_retrain_alpha0.50,0.8231987331749802,0.7183770883054893,0.8408114558472554,0.12243436754176606,True,0.8314330958036421,0.7492442322991248,20,2,23.81082534790039,1.3170894384384155,0.1968568116426468,3.558525562286377,0.9804368019104004,-0.5749298930168152,0.08380408585071564,4.283858776092529,5.564444541931152,9.18770980834961,0.3565268814563751,0.1540490984916687,3.969851016998291,0.9880630970001221,0.14888260458627303,-0.6099715828895569,0.0719357430934906,0.6025639176368713,15.208498001098633,10.615398406982422,0.43315553665161133,0.26203039288520813,6.421603679656982,0.9650599956512451,0.19874774744710672,-0.5587228536605835,0.08295708149671555,1.1922671794891357,8.87669849395752,15.48364543914795,1.008451223373413,0.21106557548046112,3.2404022216796875,0.9774712324142456,0.42285035943962296,-0.5456258058547974,0.09655863046646118,3.533393621444702,4.399592876434326,11.407614707946777,0.6348912715911865,0.16133442521095276,2.898827314376831,0.986899733543396,0.2295192077903344,-0.6253371238708496,0.07884722203016281,2.020451068878174,5.655774116516113
gtsrb_iid,gtsrb,iid,0,short_retrain,0.75,gtsrb_iid/seed0/short_retrain_alpha0.75,0.8383214568487728,0.8029435163086714,0.8408114558472554,0.03786793953858392,True,0.8269992082343627,0.6314240254574384,20,2,0.6136091947555542,1.8660876750946045,-0.018420865759253502,-0.006056564394384623,0.9998294115066528,0.6382321119308472,-0.14334005117416382,6.040191650390625,1.0195281505584717,0.1917269229888916,0.5191344022750854,0.05718323215842247,0.021118933334946632,0.9983636736869812,0.09762344144427364,0.9424054622650146,-0.09749601781368256,0.9727669954299927,1.0379201173782349,0.21617859601974487,0.6420139074325562,-0.29454487562179565,-0.09917890280485153,0.955637514591217,0.12411188422535109,0.8376649022102356,-0.1457342654466629,1.8548918962478638,1.023499846458435,0.4714297652244568,1.410021185874939,0.019078228622674942,0.006378065794706345,0.999817430973053,0.5902633827990313,0.5249130725860596,-0.1467818170785904,4.92380428314209,1.0184632539749146,0.26606425642967224,0.9014460444450378,0.0058940378949046135,0.0017396416515111923,0.9999826550483704,0.18800135089208106,0.6336596608161926,-0.1527925580739975,2.8024864196777344,1.0188353061676025
gtsrb_iid,gtsrb,iid,0,federaser,0.75,gtsrb_iid/seed0/federaser_alpha0.75,0.5980205859065717,0.3822593476531424,0.8408114558472554,0.45855210819411296,True,0.8269992082343627,0.6314240254574384,20,2,9.427542686462402,1.8660876750946045,0.3582662045955658,1.8097925186157227,0.9336384534835815,-0.7595576047897339,0.3243103325366974,6.040191650390625,1.5568619966506958,3.0285017490386963,0.5191344022750854,0.26357969641685486,1.5376588106155396,0.9646376967430115,0.1031858295876522,-0.9177608489990234,0.23769013583660126,0.9727669954299927,3.035219192504883,3.854952096939087,0.6420139074325562,0.585122287273407,3.5133450031280518,0.8109452724456787,0.16718702215152634,-0.8046733736991882,0.3502630591392517,1.8548918962478638,1.9655274152755737,6.821578025817871,1.410021185874939,0.36282843351364136,1.755173683166504,0.9318669438362122,0.5235577714968994,-0.7124111652374268,0.35784482955932617,4.92380428314209,1.3885018825531006,4.279811859130859,0.9014460444450378,0.2463473230600357,1.1695879697799683,0.9691813588142395,0.20606944113868134,-0.7515822649002075,0.27041953802108765,2.8024864196777344,1.5831102132797241
gtsrb_iid,gtsrb,iid,0,grad_negation,0.75,gtsrb_iid/seed0/grad_negation_alpha0.75,0.8411718131433096,0.7400159108989658,0.8408114558472554,0.10079554494828957,True,0.8269992082343627,0.6314240254574384,20,2,0.8967100977897644,1.8660876750946045,-0.06032805144786835,-0.028986500576138496,0.9981802701950073,0.5172322392463684,-0.11083520948886871,6.040191650390625,1.0271047353744507,0.20028270781040192,0.5191344022750854,-0.3692352771759033,-0.1424514353275299,0.9293358325958252,0.04988194412685998,0.7049553394317627,-0.21836529672145844,0.9727669954299927,1.064099907875061,0.4553014636039734,0.6420139074325562,-0.3329949378967285,-0.23615209758281708,0.9429281949996948,0.2577833435458614,0.4468265473842621,-0.07965340465307236,1.8548918962478638,1.0485013723373413,0.6584400534629822,1.410021185874939,-0.0014210749650374055,-0.00066354003502056,0.9999991655349731,0.5391580716266471,0.506976306438446,-0.1185685247182846,4.92380428314209,1.0244965553283691,0.3509683907032013,0.9014460444450378,0.11409880220890045,0.04442315548658371,0.9934694766998291,0.15317669165826822,0.6001566052436829,-0.10787107795476913,2.8024864196777344,1.0211280584335327
gtsrb_iid,gtsrb,iid,0,full_retrain,0.75,gtsrb_iid/seed0/full_retrain_alpha0.75,0.815360253365004,0.5655529037390613,0.8408114558472554,0.27525855210819405,True,0.8269992082343627,0.6314240254574384,20,2,23.845502853393555,1.8660876750946045,0.20843707025051117,2.663213014602661,0.9780389666557312,-0.5619804859161377,0.1185588464140892,6.040191650390625,3.9559011459350586,9.20633316040039,0.5191344022750854,0.15488970279693604,2.7468152046203613,0.9879319071769714,0.1490531036903383,-0.6019300222396851,0.07374308258295059,0.9727669954299927,9.443134307861328,10.612351417541504,0.6420139074325562,0.26398876309394836,4.363672733306885,0.9645253419876099,0.19805720824044248,-0.5507556796073914,0.10516023635864258,1.8548918962478638,5.70347785949707,15.51126480102539,1.410021185874939,0.2241416573524475,2.4654927253723145,0.9745599627494812,0.42313003609728556,-0.529643714427948,0.13864459097385406,4.92380428314209,3.1702849864959717,11.430180549621582,0.9014460444450378,0.17797932028770447,2.2567474842071533,0.9840344190597534,0.22975970564021428,-0.609744131565094,0.11728009581565857,2.8024864196777344,4.083893299102783
gtsrb_iid,gtsrb,iid,0,short_retrain,1.0,gtsrb_iid/seed0/short_retrain_alpha1.00,0.8409342834520982,0.7363564041368338,0.8408114558472554,0.10445505171042158,True,0.8269200316706254,0.002466189339697693,20,2,0.6401094794273376,2.409498691558838,0.10672428458929062,0.028349386528134346,0.9942861795425415,0.6663389205932617,-0.12346012890338898,7.46341609954834,1.014167308807373,0.2161075323820114,0.6980169415473938,0.21896354854106903,0.06779157370328903,0.9757328629493713,0.1139728840343581,0.9442515969276428,0.01921420730650425,1.4270074367523193,1.0085211992263794,0.22800461947917938,0.8564816117286682,-0.11487364768981934,-0.030580567196011543,0.9933797717094421,0.1268671718278825,0.8644944429397583,-0.15729817748069763,2.6084203720092773,1.0174188613891602,0.4804786145687103,1.8010170459747314,0.11150652170181274,0.029744822531938553,0.993766188621521,0.563421621875586,0.5419279336929321,-0.1356939971446991,6.0044355392456055,1.0139644145965576,0.2832088768482208,1.1582419872283936,0.17534078657627106,0.04287361353635788,0.9845080375671387,0.19573832226217347,0.673004686832428,-0.11889981478452682,3.2879419326782227,1.0138553380966187
gtsrb_iid,gtsrb,iid,0,federaser,1.0,gtsrb_iid/seed0/federaser_alpha1.00,0.5456848772763262,0.0009546539379474941,0.8408114558472554,0.8398568019093079,True,0.8269200316706254,0.002466189339697693,20,2,10.15734577178955,2.409498691558838,0.3844943046569824,1.6206763982772827,0.9231488704681396,-0.7435007691383362,0.39610564708709717,7.46341609954834,1.331961989402771,3.314117670059204,0.6980169415473938,0.24682988226413727,1.1719245910644531,0.9690589904785156,0.10644694094274633,-0.8967177867889404,0.25193077325820923,1.4270074367523193,2.2854926586151123,4.212839126586914,0.8564816117286682,0.5641223192214966,2.774786949157715,0.8256922960281372,0.17200769699898671,-0.7968148589134216,0.4431302547454834,2.6084203720092773,1.475512146949768,7.325502395629883,1.8010170459747314,0.4039910137653351,1.6430325508117676,0.9147772192955017,0.5201200704039978,-0.6918090581893921,0.43497323989868164,6.0044355392456055,1.194643259048462,4.558882236480713,1.1582419872283936,0.2790924310684204,1.098516821861267,0.9602640867233276,0.2014253378676142,-0.7391811609268188,0.32254329323768616,3.2879419326782227,1.4241015911102295
gtsrb_iid,gtsrb,iid,0,grad_negation,1.0,gtsrb_iid/seed0/grad_negation_alpha1.00,0.843784639746635,0.33389021479713604,0.8408114558472554,0.5069212410501194,True,0.8269200316706254,0.002466189339697693,20,2,1.1347616910934448,2.409498691558838,0.08137990534305573,0.03832199051976204,0.9966826438903809,0.5031534433364868,-0.0874367356300354,7.46341609954834,1.0245492458343506,0.2429359406232834,0.6980169415473938,-0.21806767582893372,-0.07589567452669144,0.9759336113929749,0.045828144728462306,0.6454470157623291,-0.1436205357313156,1.4270074367523193,1.0382113456726074,0.6463198065757751,0.8564816117286682,-0.23360033333301544,-0.17627975344657898,0.9723327159881592,0.32437280846289707,0.3486238718032837,-0.0819723829627037,2.6084203720092773,1.0497703552246094,0.7738550901412964,1.8010170459747314,0.14148421585559845,0.060786157846450806,0.9899411797523499,0.4650467188500887,0.5398958921432495,-0.10720299929380417,6.0044355392456055,1.0218839645385742,0.4606187343597412,1.1582419872283936,0.35915061831474304,0.14282968640327454,0.9332798719406128,0.16475249284452723,0.6214198470115662,-0.03592593967914581,3.2879419326782227,1.014737606048584
gtsrb_iid,gtsrb,iid,0,full_retrain,1.0,gtsrb_iid/seed0/full_retrain_alpha1.00,0.8155977830562153,0.0022275258552108194,0.8408114558472554,0.8385839299920446,True,0.8269200316706254,0.002466189339697693,20,2,23.814016342163086,2.409498691558838,0.21571417152881622,2.131756067276001,0.9764620065689087,-0.5431177020072937,0.1521134376525879,7.46341609954834,3.195368528366089,9.205796241760254,0.6980169415473938,0.15121810138225555,1.9943395853042603,0.9885005354881287,0.14942971989119586,-0.5830840468406677,0.06465424597263336,1.4270074367523193,6.463959693908691,10.568878173828125,0.8564816117286682,0.26165971159935,3.2288453578948975,0.9651603698730469,0.19695743885147587,-0.5388320684432983,0.1482391357421875,2.6084203720092773,4.026917934417725,15.505877494812012,1.8010170459747314,0.23288355767726898,2.004805326461792,0.9725093245506287,0.42395332506450495,-0.5106992721557617,0.17987102270126343,6.0044355392456055,2.5961339473724365,11.412613868713379,1.1582419872283936,0.1916850507259369,1.8887463808059692,0.9814566373825073,0.22965959690806803,-0.5841379761695862,0.1426548808813095,3.2879419326782227,3.472445011138916
gtsrb_iid,gtsrb,iid,1,short_retrain,0.25,gtsrb_iid/seed1/short_retrain_alpha0.25,0.8410134600158353,0.8280827366746221,0.82824184566428,0.0001591089896579856,True,0.8305621536025336,0.7926014319809069,20,2,0.6299187541007996,0.7480388879776001,-0.15161915123462677,-0.1276676058769226,0.9884418249130249,0.5929173827171326,-0.08773858100175858,3.107691526412964,1.037619948387146,0.16172850131988525,0.16631929576396942,-0.2748439311981201,-0.26725754141807556,0.9614887833595276,0.06591343282281818,0.9116452932357788,-0.08845432102680206,0.2344195395708084,1.2641311883926392,0.2285328209400177,0.2158498764038086,-0.48181405663490295,-0.5101237297058105,0.8762733936309814,0.13161278769001813,0.7474337816238403,-0.03583685681223869,0.5836034417152405,1.0869262218475342,0.494726300239563,0.5830838084220886,-0.10134576261043549,-0.08598165959119797,0.9948520064353943,0.616817807981424,0.5123273134231567,-0.09431645274162292,2.5908401012420654,1.0356066226959229,0.27142778038978577,0.38123348355293274,-0.10677119344472885,-0.0760180875658989,0.9942832589149475,0.18565607477084722,0.5826395750045776,-0.09859395027160645,1.5968127250671387,1.0307339429855347
gtsrb_iid,gtsrb,iid,1,federaser,0.25,gtsrb_iid/seed1/federaser_alpha0.25,0.5612826603325416,0.7857597454256166,0.82824184566428,0.0424821002386635,True,0.8305621536025336,0.7926014319809069,20,2,9.03477668762207,0.7480388879776001,0.26136329770088196,3.1564881801605225,0.9652517437934875,-0.8233528733253479,0.15847361087799072,3.107691526412964,2.920729160308838,2.917351484298706,0.16631929576396942,0.2493492215871811,4.373751163482666,0.9684137105941772,0.10425607038765584,-0.949073314666748,0.10550744086503983,0.2344195395708084,12.379498481750488,3.581299066543579,0.2158498764038086,0.46673738956451416,7.7439165115356445,0.884396493434906,0.1571106904280332,-0.8826628923416138,0.08108800649642944,0.5836034417152405,6.136924743652344,6.58199405670166,0.5830838084220886,0.25511807203292847,2.8796117305755615,0.9669163823127747,0.5307291792250098,-0.7833459377288818,0.18176516890525818,2.5908401012420654,2.5555038452148438,4.119740009307861,0.38123348355293274,0.1945115327835083,2.101956605911255,0.9808998703956604,0.2079042936028945,-0.8092594742774963,0.1684674769639969,1.5968127250671387,2.6051859855651855
gtsrb_iid,gtsrb,iid,1,grad_negation,0.25,gtsrb_iid/seed1/grad_negation_alpha0.25,0.8375296912114014,0.7918058870326173,0.82824184566428,0.03643595863166271,True,0.8305621536025336,0.7926014319809069,20,2,1.277011752128601,0.7480388879776001,-0.14568893611431122,-0.24869301915168762,0.9893372654914856,0.39897051453590393,-0.054412007331848145,3.107691526412964,1.1016223430633545,0.27566131949424744,0.16631929576396942,-0.6948697566986084,-1.1516923904418945,0.7191356420516968,0.0465923113868517,0.38880839943885803,-0.07014166563749313,0.2344195395708084,1.5961759090423584,0.669384777545929,0.2158498764038086,-0.486250102519989,-1.5079364776611328,0.8738197088241577,0.274735428958234,0.38530629873275757,-0.014917143620550632,0.5836034417152405,1.532904028892517,0.921844482421875,0.5830838084220886,-0.0564238615334034,-0.08919811993837357,0.9984086155891418,0.5210884611305493,0.4180096685886383,-0.06761366873979568,2.5908401012420654,1.083844780921936,0.5069615244865417,0.38123348355293274,-0.034803908318281174,-0.04628194123506546,0.9993934631347656,0.157584017801821,0.4088396728038788,-0.05446663871407509,1.5968127250671387,1.065542459487915
gtsrb_iid,gtsrb,iid,1,full_retrain,0.25,gtsrb_iid/seed1/full_retrain_alpha0.25,0.82486144101346,0.7857597454256166,0.82824184566428,0.0424821002386635,True,0.8305621536025336,0.7926014319809069,20,2,23.44243621826172,0.7480388879776001,0.17495794594287872,5.482498645782471,0.9845777750015259,-0.5677935481071472,0.062336381524801254,3.107691526412964,7.54730224609375,8.44417667388916,0.16631929576396942,0.17137320339679718,8.700766563415527,0.9852061867713928,0.12974438757480106,-0.5497295260429382,0.018703848123550415,0.2344195395708084,36.016815185546875,10.45689582824707,0.2158498764038086,0.2542249858379364,12.31596565246582,0.9671457409858704,0.19896643162126906,-0.5494983196258545,0.029340488836169243,0.5836034417152405,17.916379928588867,15.621047973632812,0.5830838084220886,0.18126043677330017,4.855661869049072,0.9834387302398682,0.444023789739431,-0.5585907697677612,0.07523918896913528,2.5908401012420654,6.037038326263428,11.175827980041504,0.38123348355293274,0.14142382144927979,4.1458234786987305,0.9899494647979736,0.2272655021235603,-0.615852415561676,0.07173649966716766,1.5968127250671387,6.998542308807373
gtsrb_iid,gtsrb,iid,1,short_retrain,0.5,gtsrb_iid/seed1/short_retrain_alpha0.50,0.841963578780681,0.8128878281622912,0.82824184566428,0.015354017501988837,True,0.8298495645288995,0.7277645186953063,20,2,0.6358500719070435,1.34115731716156,-0.11724867671728134,-0.055583853274583817,0.9931026101112366,0.6026806831359863,-0.11962366104125977,4.586069107055664,1.0258640050888062,0.16939115524291992,0.3136689066886902,-0.1932002305984497,-0.10433424264192581,0.9811592698097229,0.07096466911104862,0.9254915714263916,-0.003151554148644209,0.5276866555213928,1.051222562789917,0.22451482713222504,0.4219779372215271,-0.4373273253440857,-0.23268115520477295,0.8993026614189148,0.12466688877153038,0.78372722864151,-0.08992613852024078,1.0550506114959717,1.040940523147583,0.49966779351234436,1.0205880403518677,-0.08383361995220184,-0.04104063659906387,0.9964843392372131,0.6175195038904591,0.5113695859909058,-0.1282065063714981,3.780729055404663,1.0253539085388184,0.2748622000217438,0.6933302283287048,-0.029058000072836876,-0.011519672349095345,0.9995775818824768,0.18684903957459056,0.5978789329528809,-0.13381554186344147,2.312343120574951,1.0227128267288208
gtsrb_iid,gtsrb,iid,1,federaser,0.5,gtsrb_iid/seed1/federaser_alpha0.50,0.6174980205859065,0.681145584725537,0.82824184566428,0.14709626093874306,True,0.8298495645288995,0.7277645186953063,20,2,8.918662071228027,1.34115731716156,0.31304866075515747,2.081601142883301,0.9497465491294861,-0.7807278037071228,0.2887355089187622,4.586069107055664,1.9128518104553223,2.839886426925659,0.3136689066886902,0.2973228693008423,2.6918928623199463,0.9547770023345947,0.1013824096984326,-0.9237003922462463,0.18158355355262756,0.5276866555213928,5.292346000671387,3.582469940185547,0.4219779372215271,0.5310231447219849,4.508224964141846,0.8473575711250305,0.1613340322403217,-0.8379459977149963,0.23839017748832703,1.0550506114959717,3.3031466007232666,6.519864082336426,1.0205880403518677,0.31750789284706116,2.0281848907470703,0.9482598304748535,0.5344053764751591,-0.7478601336479187,0.3287295699119568,3.780729055404663,1.6852833032608032,4.017329692840576,0.6933302283287048,0.20253917574882507,1.1735615730285645,0.979274332523346,0.20287842135383033,-0.743754506111145,0.27272436022758484,2.312343120574951,1.7523483037948608
gtsrb_iid,gtsrb,iid,1,grad_negation,0.5,gtsrb_iid/seed1/grad_negation_alpha0.50,0.8384006334125099,0.7571996817820207,0.82824184566428,0.07104216388225937,True,0.8298495645288995,0.7277645186953063,20,2,1.0184569358825684,1.34115731716156,-0.0991266667842865,-0.07526952028274536,0.9950754046440125,0.47283631563186646,-0.08265358209609985,4.586069107055664,1.0421288013458252,0.216252401471138,0.3136689066886902,-0.5952188372612,-0.41036105155944824,0.8035638332366943,0.04508138874109247,0.5483642220497131,-0.014154741540551186,0.5276866555213928,1.0860697031021118,0.48847389221191406,0.4219779372215271,-0.45114362239837646,-0.5222347378730774,0.8924515247344971,0.23001619759340192,0.4678308069705963,-0.04683228209614754,1.0550506114959717,1.1214821338653564,0.7561545372009277,1.0205880403518677,-0.019040808081626892,-0.014106213115155697,0.9998172521591187,0.5512232371973509,0.4762897789478302,-0.09598735719919205,3.780729055404663,1.0384604930877686,0.4244596064090729,0.6933302283287048,0.0430280864238739,0.026341941207647324,0.9990736842155457,0.17367928420312323,0.47949641942977905,-0.08750941604375839,2.312343120574951,1.0323866605758667
gtsrb_iid,gtsrb,iid,1,full_retrain,0.5,gtsrb_iid/seed1/full_retrain_alpha0.50,0.8209817893903405,0.7181384248210024,0.82824184566428,0.11010342084327762,True,0.8298495645288995,0.7277645186953063,20,2,23.480684280395508,1.34115731716156,0.19226883351802826,3.365934133529663,0.9813440442085266,-0.5576632022857666,0.08581355959177017,4.586069107055664,5.131840229034424,8.46774673461914,0.3136689066886902,0.17232604324817657,4.65208101272583,0.9850397706031799,0.13004574880141517,-0.5443839430809021,-0.018344169482588768,0.5276866555213928,16.09634780883789,10.468366622924805,0.4219779372215271,0.2558179497718811,6.34628438949585,0.9667250514030457,0.19875514331543342,-0.5448703169822693,0.03811861202120781,1.0550506114959717,9.934412002563477,15.65269660949707,1.0205880403518677,0.20557773113250732,3.1526787281036377,0.9786416888237,0.4443747045741606,-0.5485197901725769,0.11440672725439072,3.780729055404663,4.146480560302734,11.183164596557617,0.6933302283287048,0.15256527066230774,2.460819721221924,0.9882934093475342,0.22682450016992176,-0.5971325039863586,0.08241832256317139,2.312343120574951,4.857212066650391
gtsrb_iid,gtsrb,iid,1,short_retrain,0.75,gtsrb_iid/seed1/short_retrain_alpha0.75,0.8412509897070467,0.7514717581543358,0.82824184566428,0.0767700875099443,True,0.8303246239113222,0.6085918854415274,20,2,0.6481525897979736,1.8946176767349243,-0.021009095013141632,-0.007186668459326029,0.9997795820236206,0.6227039694786072,-0.13569483160972595,5.983168601989746,1.020362138748169,0.1862986981868744,0.48630842566490173,0.011158942244946957,0.004274852108210325,0.9999378323554993,0.0826101953998422,0.9409891963005066,-0.03695407509803772,1.1379337310791016,1.019266128540039,0.22363804280757904,0.6313605904579163,-0.3054269254207611,-0.10818701982498169,0.9522157907485962,0.11904349549512995,0.8355108499526978,-0.12297356128692627,1.8191334009170532,1.0224233865737915,0.5028180480003357,1.4166916608810425,-0.013504337519407272,-0.00479264697059989,0.9999076724052429,0.6018142908084733,0.5140184760093689,-0.144246906042099,4.852351665496826,1.0201160907745361,0.28734898567199707,0.9734406471252441,0.0927172377705574,0.027369091287255287,0.9956926107406616,0.19653211583296915,0.6237577199935913,-0.14648762345314026,2.7658112049102783,1.0204076766967773
gtsrb_iid,gtsrb,iid,1,federaser,0.75,gtsrb_iid/seed1/federaser_alpha0.75,0.581076801266825,0.39578361177406524,0.82824184566428,0.4324582338902148,True,0.8303246239113222,0.6085918854415274,20,2,9.667742729187012,1.8946176767349243,0.3417477607727051,1.7437081336975098,0.9398051500320435,-0.7513440847396851,0.33146581053733826,5.983168601989746,1.593672513961792,3.055382013320923,0.48630842566490173,0.24823281168937683,1.5595989227294922,0.9687002897262573,0.09987043252088633,-0.8875863552093506,0.26655131578445435,1.1379337310791016,2.6034538745880127,3.860041618347168,0.6313605904579163,0.5136812329292297,3.1405653953552246,0.8579813241958618,0.15940073908434085,-0.7989292144775391,0.3246500492095947,1.8191334009170532,2.030949354171753,7.151196002960205,1.4166916608810425,0.36706486344337463,1.8527326583862305,0.930207371711731,0.5471404189238305,-0.7221778035163879,0.3616427183151245,4.852351665496826,1.4512375593185425,4.253895282745361,0.9734406471252441,0.22222506999969482,0.9711136221885681,0.974995493888855,0.1935885625082181,-0.7219877243041992,0.29048988223075867,2.7658112049102783,1.5722490549087524
gtsrb_iid,gtsrb,iid,1,grad_negation,0.75,gtsrb_iid/seed1/grad_negation_alpha0.75,0.841963578780681,0.722593476531424,0.82824184566428,0.10564836913285602,True,0.8303246239113222,0.6085918854415274,20,2,0.8942951560020447,1.8946176767349243,-0.051681745797395706,-0.024392765015363693,0.9986663460731506,0.555787980556488,-0.11827997118234634,5.983168601989746,1.0284433364868164,0.20145733654499054,0.48630842566490173,-0.4223041534423828,-0.17494304478168488,0.9064540863037109,0.05074174682405923,0.6802349090576172,-0.09220835566520691,1.1379337310791016,1.0314996242523193,0.42088189721107483,0.6313605904579163,-0.40831074118614197,-0.2721906304359436,0.9128431677818298,0.22147268473336645,0.5269389748573303,-0.1052081435918808,1.8191334009170532,1.0498629808425903,0.6687138676643372,1.4166916608810425,0.004539595451205969,0.002142637735232711,0.9999889731407166,0.5591238582620365,0.548251211643219,-0.12647517025470734,4.852351665496826,1.0265743732452393,0.3672897219657898,0.9734406471252441,0.16223737597465515,0.06121387705206871,0.9867518544197083,0.16866188251061032,0.5983119606971741,-0.11891651153564453,2.7658112049102783,1.0243133306503296
gtsrb_iid,gtsrb,iid,1,full_retrain,0.75,gtsrb_iid/seed1/full_retrain_alpha0.75,0.8198733174980206,0.5972155926809865,0.82824184566428,0.2310262529832936,True,0.8303246239113222,0.6085918854415274,20,2,23.519710540771484,1.8946176767349243,0.1996927708387375,2.478775978088379,0.9798599481582642,-0.5438558459281921,0.11489000171422958,5.983168601989746,3.9432713985443115,8.49514389038086,0.48630842566490173,0.14439265429973602,2.5223424434661865,0.9895204305648804,0.13045448868423223,-0.5369638204574585,0.017559753730893135,1.1379337310791016,7.514665603637695,10.468912124633789,0.6313605904579163,0.24547913670539856,4.070411205291748,0.969401478767395,0.19811640714609458,-0.5368350744247437,0.07421875,1.8191334009170532,5.767536163330078,15.67959976196289,1.4166916608810425,0.22079503536224365,2.4435179233551025,0.9753243327140808,0.44442754541334184,-0.5341712832450867,0.14449651539325714,4.852351665496826,3.2415754795074463,11.20612907409668,0.9734406471252441,0.16270513832569122,1.8730401992797852,0.9866749048233032,0.227001531173582,-0.5752018094062805,0.11585071682929993,2.7658112049102783,4.059210300445557
gtsrb_iid,gtsrb,iid,1,short_retrain,1.0,gtsrb_iid/seed1/short_retrain_alpha1.00,0.8479809976247031,0.6821797931583135,0.82824184566428,0.1460620525059666,True,0.8251781472684085,0.0018297533810660302,20,2,0.675455629825592,2.4834322929382324,0.11061717569828033,0.030083684250712395,0.9938640594482422,0.6632230877876282,-0.11979637295007706,7.423665523529053,1.0149284601211548,0.21473632752895355,0.6562936902046204,0.1888977736234665,0.06180649250745773,0.9819967746734619,0.10106161613634712,0.9486627578735352,0.041262995451688766,1.4607410430908203,1.0047281980514526,0.23693034052848816,0.8388581275939941,-0.10534410923719406,-0.029753753915429115,0.9944359660148621,0.1230316682912058,0.8741894364356995,-0.12535957992076874,2.3900842666625977,1.0171927213668823,0.5103644728660583,1.8654533624649048,0.09570715576410294,0.026182256639003754,0.99540776014328,0.5709027893760561,0.5432094931602478,-0.1309930384159088,5.99730110168457,1.014661431312561,0.30583953857421875,1.246337890625,0.2328336089849472,0.05713513493537903,0.9725164175033569,0.20500408132393091,0.6728611588478088,-0.13784784078598022,3.361323118209839,1.0165449380874634
gtsrb_iid,gtsrb,iid,1,federaser,1.0,gtsrb_iid/seed1/federaser_alpha1.00,0.5702296120348377,0.0003977724741447892,0.82824184566428,0.8278440731901353,True,0.8251781472684085,0.0018297533810660302,20,2,10.222838401794434,2.4834322929382324,0.355220228433609,1.4621126651763916,0.9347956776618958,-0.7143860459327698,0.4125775992870331,7.423665523529053,1.3266829252243042,3.1689388751983643,0.6562936902046204,0.2341059148311615,1.1303890943527222,0.9722111821174622,0.0960823686029308,-0.8571705222129822,0.26580947637557983,1.4607410430908203,2.1337811946868896,3.969048261642456,0.8388581275939941,0.5202713012695312,2.4616544246673584,0.8540016412734985,0.15072634176800861,-0.7761401534080505,0.41066670417785645,2.3900842666625977,1.5471800565719604,7.586899757385254,1.8654533624649048,0.3886543810367584,1.5805569887161255,0.9213950037956238,0.55078054398064,-0.6803685426712036,0.45155835151672363,5.99730110168457,1.207450270652771,4.599481105804443,1.246337890625,0.2265145629644394,0.8359281420707703,0.9740079641342163,0.20241083689486453,-0.6879251599311829,0.36470168828964233,3.361323118209839,1.3690553903579712
gtsrb_iid,gtsrb,iid,1,grad_negation,1.0,gtsrb_iid/seed1/grad_negation_alpha1.00,0.8442596991290579,0.14192521877486078,0.82824184566428,0.6863166268894193,True,0.8251781472684085,0.0018297533810660302,20,2,0.8317548036575317,2.4834322929382324,0.15057577192783356,0.050426874309778214,0.9885990619659424,0.6414455771446228,-0.10778894275426865,7.423665523529053,1.0181889533996582,0.19906173646450043,0.6562936902046204,-0.04186641052365303,-0.01269858330488205,0.9991234540939331,0.057273631542482925,0.8766588568687439,-0.02131694182753563,1.4607410430908203,1.0121169090270996,0.30416738986968994,0.8388581275939941,-0.2803199291229248,-0.10164299607276917,0.9599066972732544,0.13372260341063985,0.7183502316474915,-0.13935698568820953,2.3900842666625977,1.0255072116851807,0.6237084865570068,1.8654533624649048,0.14012449979782104,0.04684659093618393,0.9901337623596191,0.5623023378388461,0.5870304703712463,-0.11497116088867188,5.99730110168457,1.017214059829712,0.4131392538547516,1.246337890625,0.43694862723350525,0.1448407620191574,0.8994861841201782,0.2467015456653329,0.6550273299217224,-0.09216901659965515,3.361323118209839,1.0187066793441772
gtsrb_iid,gtsrb,iid,1,full_retrain,1.0,gtsrb_iid/seed1/full_retrain_alpha1.00,0.8220110847189231,0.002386634844868735,0.82824184566428,0.8258552108194113,True,0.8251781472684085,0.0018297533810660302,20,2,23.513174057006836,2.4834322929382324,0.2011195719242096,1.9040451049804688,0.979564905166626,-0.5236116647720337,0.143252432346344,7.423665523529053,3.181908369064331,8.524084091186523,0.6562936902046204,0.13284270465373993,1.7253894805908203,0.9911373257637024,0.13141840283259087,-0.5211004018783569,-0.0041330535896122456,1.4607410430908203,5.924588203430176,10.450716972351074,0.8388581275939941,0.24559350311756134,3.059664487838745,0.9693721532821655,0.1975389830085614,-0.5249941945075989,0.11008705943822861,2.3900842666625977,4.3767900466918945,15.682671546936035,1.8654533624649048,0.22134879231452942,1.860713243484497,0.9751966595649719,0.4448489727177448,-0.5129355192184448,0.18297135829925537,5.99730110168457,2.6231961250305176,11.183039665222168,1.246337890625,0.17020049691200256,1.527160406112671,0.9854092597961426,0.22619361384290354,-0.5477256774902344,0.13561756908893585,3.361323118209839,3.341611385345459
gtsrb_iid,gtsrb,iid,2,short_retrain,0.25,gtsrb_iid/seed2/short_retrain_alpha0.25,0.8292161520190023,0.8428003182179793,0.8645186953062848,0.021718377088305485,True,0.8163895486935867,0.8241050119331742,20,2,0.6481621861457825,0.7971290946006775,-0.11989304423332214,-0.09747973829507828,0.9927906394004822,0.6059905886650085,-0.09711272269487381,2.9331164360046387,1.044871211051941,0.1810350865125656,0.17062687873840332,-0.28394654393196106,-0.30126726627349854,0.9588401317596436,0.07800621231991302,0.9053454399108887,-0.22888267040252686,0.37076014280319214,1.2091057300567627,0.24030019342899323,0.22320489585399628,-0.44382455945014954,-0.4778166115283966,0.8961131572723389,0.13743963347887078,0.7413066625595093,-0.15622976422309875,0.766277015209198,1.0937672853469849,0.5012425780296326,0.6153733730316162,-0.07399111241102219,-0.06026327237486839,0.9972615838050842,0.5980306479840019,0.5175260901451111,-0.08480783551931381,2.386814832687378,1.0390962362289429,0.27994009852409363,0.42168158292770386,-0.055456120520830154,-0.036815378814935684,0.9984608292579651,0.18652363035153705,0.6083746552467346,-0.09439525008201599,1.4770941734313965,1.0352286100387573
gtsrb_iid,gtsrb,iid,2,federaser,0.25,gtsrb_iid/seed2/federaser_alpha0.25,0.5329374505146477,0.798090692124105,0.8645186953062848,0.06642800318217978,True,0.8163895486935867,0.8241050119331742,20,2,9.138331413269043,0.7971290946006775,0.25729450583457947,2.9494030475616455,0.9663443565368652,-0.8300825357437134,0.17665864527225494,2.9331164360046387,3.0993764400482178,3.0720322132110596,0.17062687873840332,0.31327077746391296,5.640249252319336,0.9496638774871826,0.11299882111775028,-0.9508625268936157,0.2566133141517639,0.37076014280319214,8.087118148803711,3.671935796737671,0.22320489585399628,0.5116104483604431,8.416475296020508,0.8592177033424377,0.1614406731276052,-0.8735188245773315,0.24423493444919586,0.766277015209198,4.649919509887695,6.499972820281982,0.6153733730316162,0.2520882189273834,2.6624982357025146,0.9677113890647888,0.5059184821879616,-0.7899870276451111,0.1821974217891693,2.386814832687378,2.724703788757324,4.282986640930176,0.42168158292770386,0.15635912120342255,1.5881247520446777,0.9877001643180847,0.21964218343060674,-0.8206018805503845,0.14684249460697174,1.4770941734313965,2.9250855445861816
gtsrb_iid,gtsrb,iid,2,grad_negation,0.25,gtsrb_iid/seed2/grad_negation_alpha0.25,0.8257323832145684,0.8260938743038981,0.8645186953062848,0.038424821002386644,True,0.8163895486935867,0.8241050119331742,20,2,0.9037022590637207,0.7971290946006775,-0.11747006326913834,-0.13316474854946136,0.9930779933929443,0.5085493326187134,-0.07863828539848328,2.9331164360046387,1.0692921876907349,0.21275122463703156,0.17062687873840332,-0.6317861676216125,-0.7877615690231323,0.7751427888870239,0.055419259542525114,0.6662662029266357,-0.3296162486076355,0.37076014280319214,1.306735634803772,0.36299437284469604,0.22320489585399628,-0.4035947918891907,-0.6563586592674255,0.9149379134178162,0.16133070633988708,0.5874241590499878,-0.14396265149116516,0.766277015209198,1.1665313243865967,0.7033025026321411,0.6153733730316162,-0.05384814739227295,-0.06153726205229759,0.9985475540161133,0.6056587759558215,0.4680196940898895,-0.0627695843577385,2.386814832687378,1.060102105140686,0.38084876537323,0.42168158292770386,-0.035379499197006226,-0.03195353224873543,0.999373733997345,0.17759136762996247,0.5211085677146912,-0.06582795828580856,1.4770941734313965,1.0490117073059082
gtsrb_iid,gtsrb,iid,2,full_retrain,0.25,gtsrb_iid/seed2/full_retrain_alpha0.25,0.8235154394299288,0.7954653937947495,0.8645186953062848,0.06905330151153533,True,0.8163895486935867,0.8241050119331742,20,2,23.364347457885742,0.7971290946006775,0.1682928502559662,4.932374000549316,0.9857394099235535,-0.5655444860458374,0.06281889230012894,2.9331164360046387,7.965655326843262,8.444124221801758,0.17062687873840332,0.23560640215873718,11.659886360168457,0.9718484878540039,0.1306118828501095,-0.5366511344909668,0.11906066536903381,0.37076014280319214,22.677852630615234,10.530013084411621,0.22320489585399628,0.22963863611221313,10.833520889282227,0.9732756018638611,0.20310997996266225,-0.5654763579368591,0.046703603118658066,0.766277015209198,13.73145866394043,15.586695671081543,0.6153733730316162,0.16863548755645752,4.270987033843994,0.9856822490692139,0.44503467123538537,-0.5495068430900574,0.06272624433040619,2.386814832687378,6.54416036605835,10.990022659301758,0.42168158292770386,0.13759851455688477,3.5861382484436035,0.9904879927635193,0.22124349390259854,-0.6190144419670105,0.07526681572198868,1.4770941734313965,7.432228088378906
gtsrb_iid,gtsrb,iid,2,short_retrain,0.5,gtsrb_iid/seed2/short_retrain_alpha0.50,0.8308788598574822,0.8262529832935561,0.8645186953062848,0.03826571201272866,True,0.8166270783847981,0.7539379474940334,20,2,0.6642440557479858,1.3896510601043701,-0.07496902346611023,-0.03583168983459473,0.9971845149993896,0.6217222213745117,-0.14343321323394775,4.775297164916992,1.0291987657546997,0.19096431136131287,0.3385578989982605,-0.17207658290863037,-0.09706015884876251,0.9850835204124451,0.08264553892089789,0.9197679758071899,-0.19821548461914062,0.8131358623504639,1.0715669393539429,0.2419356405735016,0.44719862937927246,-0.3510485887527466,-0.18991796672344208,0.9363572001457214,0.13265239598370973,0.7663009762763977,-0.19513161480426788,1.5722665786743164,1.0410236120224,0.5120534300804138,1.0373704433441162,-0.03969880938529968,-0.01959390379488468,0.999210774898529,0.5942524136658476,0.5275084376335144,-0.13100282847881317,3.867354154586792,1.025779128074646,0.28988948464393616,0.7351546287536621,0.004656594712287188,0.0018362083937972784,0.9999892115592957,0.19044962610180724,0.627164900302887,-0.14383965730667114,2.1712629795074463,1.0277326107025146
gtsrb_iid,gtsrb,iid,2,federaser,0.5,gtsrb_iid/seed2/federaser_alpha0.50,0.49825811559778305,0.6758154335719968,0.8645186953062848,0.18870326173428797,True,0.8166270783847981,0.7539379474940334,20,2,9.687894821166992,1.3896510601043701,0.2983475923538208,2.0797433853149414,0.9544676542282104,-0.8227355480194092,0.2540814280509949,4.775297164916992,2.0211331844329834,3.307971239089966,0.3385578989982605,0.30216726660728455,2.952406883239746,0.9532549381256104,0.1165795815100647,-0.9380016922950745,0.29303810000419617,0.8131358623504639,3.8943188190460205,3.9058470726013184,0.44719862937927246,0.5004075765609741,4.370569705963135,0.8657898902893066,0.1625286129492361,-0.8584678769111633,0.33816879987716675,1.5722665786743164,2.3433213233947754,6.880666255950928,1.0373704433441162,0.3028523325920105,2.008582353591919,0.9530460834503174,0.5044232315445766,-0.7873092889785767,0.26232677698135376,3.867354154586792,1.7977914810180664,4.507627010345459,0.7351546287536621,0.1938639134168625,1.1886829137802124,0.9810283780097961,0.21646869591764478,-0.8097548484802246,0.1950523853302002,2.1712629795074463,2.121335983276367
gtsrb_iid,gtsrb,iid,2,grad_negation,0.5,gtsrb_iid/seed2/grad_negation_alpha0.50,0.8358669833729216,0.7962609387430389,0.8645186953062848,0.06825775656324584,True,0.8166270783847981,0.7539379474940334,20,2,1.007738709449768,1.3896510601043701,-0.07713989913463593,-0.055935148149728775,0.9970213770866394,0.49395331740379333,-0.11240781098604202,4.775297164916992,1.0449720621109009,0.2339354008436203,0.3385578989982605,-0.6113742589950562,-0.4224449694156647,0.7913416624069214,0.0538837411276177,0.5979788303375244,-0.3153213858604431,0.8131358623504639,1.1243672370910645,0.4785864055156708,0.44719862937927246,-0.3036881983280182,-0.32500290870666504,0.9527711272239685,0.225520810836443,0.4854835271835327,-0.12941811978816986,1.5722665786743164,1.0823324918746948,0.7405409216880798,1.0373704433441162,-0.02933257818222046,-0.02093762904405594,0.9995701909065247,0.5399969670279315,0.48540714383125305,-0.1037473976612091,3.867354154586792,1.0374935865402222,0.42827653884887695,0.7351546287536621,0.08869058638811111,0.05166814476251602,0.9960590600967407,0.1805986093870016,0.5171518325805664,-0.09296209365129471,2.1712629795074463,1.0371018648147583
gtsrb_iid,gtsrb,iid,2,full_retrain,0.5,gtsrb_iid/seed2/full_retrain_alpha0.50,0.8209817893903405,0.7295147175815434,0.8645186953062848,0.13500397772474138,True,0.8166270783847981,0.7539379474940334,20,2,23.366252899169922,1.3896510601043701,0.1885620802640915,3.170306444168091,0.9820632338523865,-0.5555936694145203,0.09904498606920242,4.775297164916992,4.896289825439453,8.416980743408203,0.3385578989982605,0.23678933084011078,5.886884689331055,0.9715610146522522,0.12975230405087726,-0.5219975709915161,0.1487852931022644,0.8131358623504639,10.250286102294922,10.525097846984863,0.44719862937927246,0.21331307291984558,5.020449638366699,0.9769840240478516,0.2028872373813489,-0.5620353817939758,0.08482854813337326,1.5722665786743164,6.684076309204102,15.603389739990234,1.0373704433441162,0.1967967450618744,2.9598186016082764,0.9804466366767883,0.44591550349070164,-0.5393522381782532,0.10521847009658813,3.867354154586792,4.053308486938477,10.995925903320312,0.7351546287536621,0.15568985044956207,2.32869815826416,0.9878057837486267,0.22144502494252588,-0.6065443754196167,0.09550390392541885,2.1712629795074463,5.067525386810303
gtsrb_iid,gtsrb,iid,2,short_retrain,0.75,gtsrb_iid/seed2/short_retrain_alpha0.75,0.8265241488519398,0.7949085123309467,0.8645186953062848,0.06961018297533805,True,0.8134600158353128,0.5960222752585521,20,2,0.670041024684906,1.9581979513168335,-0.005465580616146326,-0.0018700116779655218,0.9999846816062927,0.6339471936225891,-0.15433728694915771,6.078647613525391,1.0228224992752075,0.20533651113510132,0.503815233707428,-0.030407963320612907,-0.012393166311085224,0.9995376467704773,0.09390760004858806,0.935516893863678,-0.17059852182865143,1.3540974855422974,1.0366939306259155,0.2409219592809677,0.6508669257164001,-0.2584651708602905,-0.09567208588123322,0.9660203456878662,0.12927704353609556,0.8067615032196045,-0.2321614772081375,2.4450504779815674,1.027355670928955,0.5105329155921936,1.4274319410324097,0.01852913200855255,0.006626546382904053,0.9998283982276917,0.5805513682649616,0.5237314701080322,-0.14083154499530792,4.835452079772949,1.0202357769012451,0.2968493103981018,1.058146357536316,0.07322540879249573,0.020542433485388756,0.9973157048225403,0.19626401304177843,0.6379826664924622,-0.1358238309621811,2.399588108062744,1.0241625308990479
gtsrb_iid,gtsrb,iid,2,federaser,0.75,gtsrb_iid/seed2/federaser_alpha0.75,0.5093428345209818,0.2748607796340493,0.8645186953062848,0.5896579156722355,True,0.8134600158353128,0.5960222752585521,20,2,10.015798568725586,1.9581979513168335,0.34658655524253845,1.7725721597671509,0.9380306005477905,-0.7859637141227722,0.3513549566268921,6.078647613525391,1.5991159677505493,3.388023853302002,0.503815233707428,0.3270874619483948,2.1995768547058105,0.9449940919876099,0.11441396471558582,-0.9062694907188416,0.3535759150981903,1.3540974855422974,2.343275308609009,4.064224720001221,0.6508669257164001,0.5235665440559387,3.2693123817443848,0.851984977722168,0.16464241819469622,-0.8187121152877808,0.4360531270503998,2.4450504779815674,1.5209715366363525,7.168087482452393,1.4274319410324097,0.36719420552253723,1.8437734842300415,0.9301549792289734,0.5121841982268819,-0.7534618377685547,0.36230432987213135,4.835452079772949,1.457197666168213,4.576463222503662,1.058146357536316,0.22656692564487457,0.979897141456604,0.9739959239959717,0.20875947589730814,-0.7688324451446533,0.2621009051799774,2.399588108062744,1.9072519540786743
gtsrb_iid,gtsrb,iid,2,grad_negation,0.75,gtsrb_iid/seed2/grad_negation_alpha0.75,0.8243072050673,0.7568019093078759,0.8645186953062848,0.10771678599840884,True,0.8134600158353128,0.5960222752585521,20,2,0.7552614808082581,1.9581979513168335,-0.017681976780295372,-0.0068192207254469395,0.9998407363891602,0.6201215982437134,-0.14771439135074615,6.078647613525391,1.0257394313812256,0.19479067623615265,0.503815233707428,-0.29462841153144836,-0.11391255259513855,0.9556117653846741,0.0665143140345235,0.857036292552948,-0.25855815410614014,1.3540974855422974,1.046461820602417,0.28022024035453796,0.6508669257164001,-0.3336569666862488,-0.14365030825138092,0.9426948428153992,0.13765067954688934,0.7396081686019897,-0.22872136533260345,2.4450504779815674,1.032259225845337,0.5865240693092346,1.4274319410324097,0.003631850006058812,0.0014921831898391247,0.9999926686286926,0.6030805456937999,0.5468314290046692,-0.13413330912590027,4.835452079772949,1.0233515501022339,0.3315986096858978,1.058146357536316,0.17264410853385925,0.05410264432430267,0.9849845170974731,0.1927544411336251,0.6481761336326599,-0.09152653068304062,2.399588108062744,1.0219552516937256
gtsrb_iid,gtsrb,iid,2,full_retrain,0.75,gtsrb_iid/seed2/full_retrain_alpha0.75,0.8200316706254949,0.5947494033412888,0.8645186953062848,0.269769291964996,True,0.8134600158353128,0.5960222752585521,20,2,23.39235496520996,1.9581979513168335,0.1996772587299347,2.3851139545440674,0.9798665046691895,-0.5399715900421143,0.1230807900428772,6.078647613525391,3.855137825012207,8.400789260864258,0.503815233707428,0.24730022251605988,4.123569965362549,0.9689388871192932,0.1289648468389972,-0.5040144920349121,0.17236870527267456,1.3540974855422974,6.111511707305908,10.53334903717041,0.6508669257164001,0.21710330247879028,3.513498306274414,0.9761485457420349,0.2027513820861822,-0.5554437637329102,0.1210898607969284,2.4450504779815674,4.302996635437012,15.625499725341797,1.4274319410324097,0.21214576065540314,2.3220772743225098,0.9772406816482544,0.4461811190397638,-0.5247300863265991,0.12890516221523285,4.835452079772949,3.2571873664855957,11.024558067321777,1.058146357536316,0.16113317012786865,1.678804636001587,0.9869328737258911,0.22210263809317948,-0.5823932886123657,0.1013946458697319,2.399588108062744,4.601783752441406
gtsrb_iid,gtsrb,iid,2,short_retrain,1.0,gtsrb_iid/seed2/short_retrain_alpha1.00,0.8218527315914489,0.7041368337311058,0.8645186953062848,0.16038186157517897,True,0.8095803642121931,0.0036595067621320605,20,2,0.7139545679092407,2.5414319038391113,0.1214568018913269,0.034117456525564194,0.9925962686538696,0.6664921641349792,-0.15686900913715363,8.169634819030762,1.0173777341842651,0.22950808703899384,0.6680741906166077,0.09054913371801376,0.031106969341635704,0.9958921074867249,0.10332971867837216,0.9376888871192932,-0.10663402080535889,1.9907773733139038,1.0187625885009766,0.2587064206600189,0.8666616082191467,-0.0783134177327156,-0.02337723597884178,0.9969283938407898,0.1312936475652073,0.8349502682685852,-0.2705935835838318,3.400183916091919,1.023213505744934,0.534302294254303,1.8193470239639282,0.1092061847448349,0.03206862136721611,0.9940208196640015,0.5600516015697484,0.5499691963195801,-0.15343846380710602,6.393778324127197,1.016180396080017,0.3235239088535309,1.3970283269882202,0.2608502507209778,0.06040770560503006,0.9653793573379517,0.2053251564200353,0.6854943037033081,-0.10001147538423538,3.215803623199463,1.0150095224380493
gtsrb_iid,gtsrb,iid,2,federaser,1.0,gtsrb_iid/seed2/federaser_alpha1.00,0.5505146476642914,0.003579952267303103,0.8645186953062848,0.8609387430389817,True,0.8095803642121931,0.0036595067621320605,20,2,9.922530174255371,2.5414319038391113,0.3848196566104889,1.5023249387741089,0.9230078458786011,-0.7096600532531738,0.48252809047698975,8.169634819030762,1.1415536403656006,3.1537060737609863,0.6680741906166077,0.4034617245197296,1.9045788049697876,0.9149964451789856,0.10100814907524155,-0.8135437965393066,0.4729383587837219,1.9907773733139038,1.418146014213562,4.063013553619385,0.8666616082191467,0.5423139929771423,2.542428970336914,0.8401761651039124,0.16765285201362112,-0.7315784692764282,0.5897042751312256,3.400183916091919,1.0092368125915527,7.188292503356934,1.8193470239639282,0.41462811827659607,1.638062596321106,0.9100049734115601,0.5248052727204684,-0.690101146697998,0.49148210883140564,6.393778324127197,1.0765317678451538,4.509608268737793,1.3970283269882202,0.24158133566379547,0.7798244953155518,0.9703805446624756,0.20653399737969416,-0.6931251287460327,0.37309858202934265,3.215803623199463,1.3856794834136963
gtsrb_iid,gtsrb,iid,2,grad_negation,1.0,gtsrb_iid/seed2/grad_negation_alpha1.00,0.8344418052256533,0.18257756563245822,0.8645186953062848,0.6819411296738266,True,0.8095803642121931,0.0036595067621320605,20,2,0.8009140491485596,2.5414319038391113,0.18443362414836884,0.05811794474720955,0.9828439950942993,0.666708767414093,-0.1424178183078766,8.169634819030762,1.0185949802398682,0.22252723574638367,0.6680741906166077,0.019809540361166,0.006598313804715872,0.9998039603233337,0.07719121763836698,0.9212335348129272,-0.1412072777748108,1.9907773733139038,1.0217938423156738,0.2820065915584564,0.8666616082191467,-0.11624632775783539,-0.0378258116543293,0.993220329284668,0.12397106924339768,0.7907037734985352,-0.2684364914894104,3.400183916091919,1.0253812074661255,0.5913584232330322,1.8193470239639282,0.14289210736751556,0.046441368758678436,0.9897390007972717,0.5451662414452826,0.5766883492469788,-0.14460182189941406,6.393778324127197,1.0174973011016846,0.40339913964271545,1.3970283269882202,0.43853238224983215,0.12662845849990845,0.8987159132957458,0.2536715703941853,0.6905373334884644,-0.050237856805324554,3.215803623199463,1.0140713453292847
gtsrb_iid,gtsrb,iid,2,full_retrain,1.0,gtsrb_iid/seed2/full_retrain_alpha1.00,0.818923198733175,0.001511535401750199,0.8645186953062848,0.8630071599045346,True,0.8095803642121931,0.0036595067621320605,20,2,23.405548095703125,2.5414319038391113,0.21097292006015778,1.9428074359893799,0.9774925112724304,-0.518216073513031,0.1682516187429428,8.169634819030762,2.871227264404297,8.420398712158203,0.6680741906166077,0.26669225096702576,3.36138653755188,0.9637815952301025,0.12942178697257634,-0.4812658727169037,0.19122862815856934,1.9907773733139038,4.156044960021973,10.51445198059082,0.8666616082191467,0.22466060519218445,2.725607395172119,0.9744369983673096,0.20179717991384927,-0.544183075428009,0.1734335869550705,3.400183916091919,3.0805535316467285,15.628938674926758,1.8193470239639282,0.22333206236362457,1.918344497680664,0.9747515320777893,0.4458779936844188,-0.5049493312835693,0.17944401502609253,6.393778324127197,2.4693963527679443,11.050623893737793,1.3970283269882202,0.1717592477798462,1.3586313724517822,0.9851390719413757,0.22290295587203773,-0.5484523177146912,0.13604801893234253,3.215803623199463,3.445791482925415
gtsrb_iid,gtsrb,iid,3,short_retrain,0.25,gtsrb_iid/seed3/short_retrain_alpha0.25,0.8218527315914489,0.8034208432776452,0.7985680190930787,-0.004852824184566451,True,0.8187648456057007,0.7527446300715991,20,2,0.6842590570449829,0.7786625027656555,-0.14350934326648712,-0.12610162794589996,0.9896484613418579,0.5838356018066406,-0.06969015300273895,2.926541328430176,1.042718768119812,0.1698627471923828,0.15867173671722412,-0.18992646038532257,-0.20332184433937073,0.9817983508110046,0.0616213115827767,0.8968352675437927,-0.09109950810670853,0.3345346748828888,1.1620376110076904,0.2583841383457184,0.19210098683834076,-0.5172485709190369,-0.6957206726074219,0.8558357357978821,0.14258274271176355,0.6735984683036804,-0.040006786584854126,0.7030532956123352,1.079108476638794,0.5387292504310608,0.6151246428489685,-0.10510408878326416,-0.09204354137182236,0.99446040391922,0.6198612040902238,0.5155776739120483,-0.06863599270582199,2.370300769805908,1.0406063795089722,0.2870175838470459,0.40727248787879944,-0.0927310362458229,-0.06535039097070694,0.9956912994384766,0.17593473763723622,0.5963180661201477,-0.08988551050424576,1.5297801494598389,1.0338904857635498
gtsrb_iid,gtsrb,iid,3,federaser,0.25,gtsrb_iid/seed3/federaser_alpha0.25,0.4731591448931116,0.8165473349244232,0.7985680190930787,-0.01797931583134449,True,0.8187648456057007,0.7527446300715991,20,2,9.775810241699219,0.7786625027656555,0.23601868748664856,2.962914228439331,0.9717520475387573,-0.8597511053085327,0.12275265157222748,2.926541328430176,3.36722993850708,3.202035903930664,0.15867173671722412,0.13330131769180298,2.690054416656494,0.9910755753517151,0.10727771548648753,-0.9778287410736084,0.07477276772260666,0.3345346748828888,9.549050331115723,3.7920162677764893,0.19210098683834076,0.4492602050304413,8.86824893951416,0.8934014439582825,0.15045210544827137,-0.9140300750732422,0.09786875545978546,0.7030532956123352,5.388472080230713,7.063365459442139,0.6151246428489685,0.24727192521095276,2.839158296585083,0.9689507484436035,0.522045848199026,-0.817936897277832,0.14277203381061554,2.370300769805908,3.0048582553863525,4.587797164916992,0.40727248787879944,0.17513546347618103,1.9728446006774902,0.9845440983772278,0.22022443064935837,-0.8568611145019531,0.1112123355269432,1.5297801494598389,3.0539968013763428
gtsrb_iid,gtsrb,iid,3,grad_negation,0.25,gtsrb_iid/seed3/grad_negation_alpha0.25,0.8186856690419636,0.7703261734287987,0.7985680190930787,0.028241845664280008,True,0.8187648456057007,0.7527446300715991,20,2,1.2930443286895752,0.7786625027656555,-0.12663286924362183,-0.2102711945772171,0.9919536113739014,0.41880857944488525,-0.022491632029414177,2.926541328430176,1.1023162603378296,0.2734066843986511,0.15867173671722412,-0.6313783526420593,-1.087925672531128,0.7754749059677124,0.04470437400984088,0.4127046465873718,-0.017542047426104546,0.3345346748828888,1.3025403022766113,0.658515453338623,0.19210098683834076,-0.40792396664619446,-1.398347020149231,0.9130157232284546,0.2593368502235651,0.3807525634765625,0.028872204944491386,0.7030532956123352,1.3502700328826904,0.9458931088447571,0.6151246428489685,-0.07027877122163773,-0.10806110501289368,0.9975268244743347,0.5351076148163949,0.44525980949401855,-0.033078741282224655,2.370300769805908,1.08887779712677,0.5186166763305664,0.40727248787879944,-0.03605342283844948,-0.045910026878118515,0.9993495941162109,0.16085128125573456,0.43538737297058105,-0.028624722734093666,1.5297801494598389,1.0650535821914673
gtsrb_iid,gtsrb,iid,3,full_retrain,0.25,gtsrb_iid/seed3/full_retrain_alpha0.25,0.8265241488519398,0.747175815433572,0.7985680190930787,0.0513922036595067,True,0.8187648456057007,0.7527446300715991,20,2,23.440959930419922,0.7786625027656555,0.15142026543617249,4.558052062988281,0.9884715676307678,-0.5666267275810242,0.04604049399495125,2.926541328430176,8.026141166687012,8.763051986694336,0.15867173671722412,0.12420371919870377,6.859467506408691,0.9922568202018738,0.13974648213817223,-0.5812607407569885,-0.09555333852767944,0.3345346748828888,26.309141159057617,10.439375877380371,0.19210098683834076,0.22519181668758392,12.237618446350098,0.9743144512176514,0.1983257570153417,-0.5530210733413696,0.032988738268613815,0.7030532956123352,14.849309921264648,15.654680252075195,0.6151246428489685,0.16462737321853638,4.189376354217529,0.9863592386245728,0.4459958809532854,-0.5506705045700073,0.06298287957906723,2.370300769805908,6.617225646972656,10.892898559570312,0.40727248787879944,0.12492594122886658,3.3412632942199707,0.99216628074646,0.21593197708244335,-0.6062785983085632,0.051570646464824677,1.5297801494598389,7.139187335968018
gtsrb_iid,gtsrb,iid,3,short_retrain,0.5,gtsrb_iid/seed3/short_retrain_alpha0.50,0.8232779097387174,0.7858392999204455,0.7985680190930787,0.012728719172633185,True,0.8211401425178148,0.6776451869530629,20,2,0.6851820349693298,1.4185594320297241,-0.07486338168382645,-0.03615706413984299,0.9971920847892761,0.6046578884124756,-0.10937830060720444,4.502607822418213,1.027836799621582,0.1830061823129654,0.3353635370731354,-0.04759685695171356,-0.02597336284816265,0.9988666772842407,0.07133376006532503,0.9199789762496948,-0.09066072851419449,0.7217045426368713,1.0536978244781494,0.25070855021476746,0.3977506756782532,-0.4229036569595337,-0.2665625810623169,0.906174898147583,0.13387583711347037,0.7227951884269714,-0.13021288812160492,1.448275089263916,1.036845326423645,0.5335121750831604,1.0907710790634155,-0.05376984924077988,-0.026297545060515404,0.9985561370849609,0.6062808313758209,0.5229282379150391,-0.10572517663240433,3.6386635303497314,1.025917649269104,0.2974987328052521,0.7429138422012329,0.016372857615351677,0.0065564787946641445,0.9998657703399658,0.18850960318368135,0.612384557723999,-0.11669079214334488,2.101335287094116,1.026199221611023
gtsrb_iid,gtsrb,iid,3,federaser,0.5,gtsrb_iid/seed3/federaser_alpha0.50,0.47901821060965954,0.730071599045346,0.7985680190930787,0.06849642004773271,True,0.8211401425178148,0.6776451869530629,20,2,9.9960355758667,1.4185594320297241,0.27148789167404175,1.9129165410995483,0.9624506831169128,-0.846518874168396,0.21122682094573975,4.502607822418213,2.23401141166687,3.2728185653686523,0.3353635370731354,0.14554741978645325,1.4203999042510986,0.9893513321876526,0.10718837651513197,-0.9638774991035461,0.1264280527830124,0.7217045426368713,4.518645286560059,3.924947500228882,0.3977506756782532,0.4639504849910736,4.578192710876465,0.8858609795570374,0.1541601205188504,-0.8996863961219788,0.21068543195724487,1.448275089263916,2.683767557144165,7.21700382232666,1.0907710790634155,0.29833194613456726,1.9737344980239868,0.9544692635536194,0.5212533041218247,-0.8072892427444458,0.2330341935157776,3.6386635303497314,2.0023915767669678,4.660967826843262,0.7429138422012329,0.17822661995887756,1.1181749105453491,0.9839894771575928,0.2173982561046948,-0.8377794623374939,0.1930890679359436,2.101335287094116,2.250195264816284
gtsrb_iid,gtsrb,iid,3,grad_negation,0.5,gtsrb_iid/seed3/grad_negation_alpha0.50,0.8294536817102138,0.7369928400954654,0.7985680190930787,0.06157517899761333,True,0.8211401425178148,0.6776451869530629,20,2,1.0704576969146729,1.4185594320297241,-0.09583771228790283,-0.07231421768665314,0.9953990578651428,0.4817824959754944,-0.07385572791099548,4.502607822418213,1.044812798500061,0.21585683524608612,0.3353635370731354,-0.4823954999446869,-0.31049400568008423,0.8759534358978271,0.040659638390971205,0.5530824065208435,-0.12930889427661896,0.7217045426368713,1.0801886320114136,0.5151169300079346,0.3977506756782532,-0.3612500727176666,-0.4678453803062439,0.9324687123298645,0.2315497360391612,0.43105706572532654,-0.07163611799478531,1.448275089263916,1.0851101875305176,0.8021971583366394,1.0907710790634155,-0.035855233669281006,-0.0263673048466444,0.9993568658828735,0.5615872561460916,0.504845380783081,-0.0814475268125534,3.6386635303497314,1.0414018630981445,0.43641936779022217,0.7429138422012329,-0.016099484637379646,-0.009457515552639961,0.999870240688324,0.16620342143678873,0.49641555547714233,-0.04868501052260399,2.101335287094116,1.0311914682388306
gtsrb_iid,gtsrb,iid,3,full_retrain,0.5,gtsrb_iid/seed3/full_retrain_alpha0.50,0.830720506730008,0.6954653937947494,0.7985680190930787,0.10310262529832936,True,0.8211401425178148,0.6776451869530629,20,2,23.47393035888672,1.4185594320297241,0.16934190690517426,2.801999092102051,0.9855581521987915,-0.5577369928359985,0.07973246276378632,4.502607822418213,5.229548454284668,8.801614761352539,0.3353635370731354,0.12940894067287445,3.3963372707366943,0.9915913343429565,0.14058357508940691,-0.5735181570053101,-0.0375547781586647,0.7217045426368713,12.273895263671875,10.449378967285156,0.3977506756782532,0.22353318333625793,5.87247371673584,0.9746960401535034,0.1981485003296271,-0.5494382977485657,0.07515396177768707,1.448275089263916,7.209194660186768,15.664410591125488,1.0907710790634155,0.18963095545768738,2.723048448562622,0.9818565249443054,0.44529713180121716,-0.5415527820587158,0.09909594058990479,3.6386635303497314,4.322011470794678,10.909188270568848,0.7429138422012329,0.13422197103500366,1.970956802368164,0.9909512996673584,0.2159707235536282,-0.591284990310669,0.082020103931427,2.101335287094116,5.2058210372924805
gtsrb_iid,gtsrb,iid,3,short_retrain,0.75,gtsrb_iid/seed3/short_retrain_alpha0.75,0.8205859065716548,0.7293556085918854,0.7985680190930787,0.06921241050119331,True,0.8205067300079176,0.5934765314240255,20,2,0.7111204266548157,2.016296625137329,-0.011996201239526272,-0.004230552352964878,0.9999292492866516,0.616709291934967,-0.1268041580915451,5.84221887588501,1.0225869417190552,0.19419258832931519,0.4821852147579193,0.009019143879413605,0.003632320323958993,0.9999593496322632,0.07456816213548109,0.9281331300735474,-0.10618910193443298,1.2350536584854126,1.0286474227905273,0.2581639587879181,0.588079571723938,-0.3409639298915863,-0.1496812403202057,0.9400765299797058,0.1317892205509082,0.7299075722694397,-0.1731041669845581,2.255575180053711,1.0260242223739624,0.5523591637611389,1.5210654735565186,-0.00782117061316967,-0.0028399440925568342,0.999967098236084,0.603324278505265,0.5325241088867188,-0.12299017608165741,4.6103835105896,1.0216753482818604,0.3102390766143799,1.0833345651626587,0.11988232284784317,0.03433120995759964,0.9927877187728882,0.19031842720370817,0.6318714022636414,-0.11248047649860382,2.502795696258545,1.021396517753601
gtsrb_iid,gtsrb,iid,3,federaser,0.75,gtsrb_iid/seed3/federaser_alpha0.75,0.4679334916864608,0.37406523468575975,0.7985680190930787,0.424502784407319,True,0.8205067300079176,0.5934765314240255,20,2,10.248555183410645,2.016296625137329,0.3102564811706543,1.5768619775772095,0.950663685798645,-0.8138531446456909,0.27495911717414856,5.84221887588501,1.7642807960510254,3.3406600952148438,0.4821852147579193,0.18205374479293823,1.2612990140914917,0.983288586139679,0.10624236010688405,-0.9456328749656677,0.19068914651870728,1.2350536584854126,2.699026584625244,4.034928321838379,0.588079571723938,0.49804776906967163,3.4171979427337646,0.8671495318412781,0.15499052526149043,-0.8761051893234253,0.31351903080940247,2.255575180053711,1.7545263767242432,7.424638271331787,1.5210654735565186,0.34567970037460327,1.6871964931488037,0.9383593797683716,0.5248230885831762,-0.7739098072052002,0.2963730990886688,4.6103835105896,1.6244733333587646,4.740602970123291,1.0833345651626587,0.20099487900733948,0.8795409798622131,0.9795922636985779,0.2139441168374347,-0.7938944697380066,0.22570040822029114,2.502795696258545,1.9320176839828491
gtsrb_iid,gtsrb,iid,3,grad_negation,0.75,gtsrb_iid/seed3/grad_negation_alpha0.75,0.8291369754552652,0.6677804295942721,0.7985680190930787,0.13078758949880664,True,0.8205067300079176,0.5934765314240255,20,2,1.1263734102249146,2.016296625137329,-0.03356711566448212,-0.018750229850411415,0.9994380474090576,0.49895188212394714,-0.09285727888345718,5.84221887588501,1.0358456373214722,0.2334222048521042,0.4821852147579193,-0.4169699251651764,-0.2018519937992096,0.9089202880859375,0.042942470195620454,0.573913037776947,-0.1531069576740265,1.2350536584854126,1.0457504987716675,0.5694366693496704,0.588079571723938,-0.3499387204647064,-0.3388447165489197,0.936773419380188,0.2555610100746272,0.41000697016716003,-0.10067566484212875,2.255575180053711,1.0557305812835693,0.8237884640693665,1.5210654735565186,0.009147568605840206,0.004953792784363031,0.9999589920043945,0.5348813415047771,0.5266273617744446,-0.10527770966291428,4.6103835105896,1.0341894626617432,0.45978641510009766,1.0833345651626587,0.1534220278263092,0.06511504203081131,0.988161027431488,0.16661540723648174,0.5498561263084412,-0.03281237557530403,2.502795696258545,1.0226459503173828
gtsrb_iid,gtsrb,iid,3,full_retrain,0.75,gtsrb_iid/seed3/full_retrain_alpha0.75,0.8311163895486936,0.5912490055688147,0.7985680190930787,0.20731901352426407,True,0.8205067300079176,0.5934765314240255,20,2,23.520404815673828,2.016296625137329,0.1818052977323532,2.1206133365631104,0.9833371639251709,-0.5419793725013733,0.1089831069111824,5.84221887588501,4.041125774383545,8.840024948120117,0.4821852147579193,0.1410471796989441,2.5858542919158936,0.9900029301643372,0.14125344984779628,-0.5645247101783752,0.0393095389008522,1.2350536584854126,7.188086986541748,10.469183921813965,0.588079571723938,0.2346353977918625,4.17704963684082,0.9720837473869324,0.19811521862789833,-0.5420351624488831,0.11138959974050522,2.255575180053711,4.637805461883545,15.691267967224121,1.5210654735565186,0.20524978637695312,2.1171772480010986,0.9787113666534424,0.4450618082100861,-0.5260993242263794,0.12858806550502777,4.6103835105896,3.4217419624328613,10.920633316040039,1.0833345651626587,0.1417808085680008,1.429232120513916,0.9898980855941772,0.21556964742930626,-0.5632097125053406,0.09562245011329651,2.502795696258545,4.38230037689209
gtsrb_iid,gtsrb,iid,3,short_retrain,1.0,gtsrb_iid/seed3/short_retrain_alpha1.00,0.82486144101346,0.6354813046937152,0.7985680190930787,0.1630867143993635,True,0.8231987331749802,0.0032617342879872713,20,2,0.7354452610015869,2.585329294204712,0.12533067166805267,0.0356496199965477,0.9921144247055054,0.6547582745552063,-0.09819336980581284,7.25297212600708,1.0149884223937988,0.2230961173772812,0.6052602529525757,0.1432666778564453,0.05280742794275284,0.9896841049194336,0.09201509929353967,0.9450175762176514,-0.018579766154289246,1.6101596355438232,1.012100100517273,0.25998711585998535,0.7584851384162903,-0.18688784539699554,-0.0640597939491272,0.982381284236908,0.12496245162926871,0.8065334558486938,-0.1569886952638626,2.872593402862549,1.0181396007537842,0.5555834770202637,1.931627631187439,0.10257517546415329,0.02950056828558445,0.9947269558906555,0.5706814607798314,0.5480348467826843,-0.1104523167014122,5.719487190246582,1.0153295993804932,0.33890610933303833,1.418218970298767,0.30319008231163025,0.07245206832885742,0.9529301524162292,0.21234107782942538,0.6769407987594604,-0.04794187843799591,3.00848650932312,1.0116775035858154
gtsrb_iid,gtsrb,iid,3,federaser,1.0,gtsrb_iid/seed3/federaser_alpha1.00,0.4668250197941409,7.955449482895784e-05,0.7985680190930787,0.7984884645982497,True,0.8231987331749802,0.0032617342879872713,20,2,10.466604232788086,2.585329294204712,0.34462738037109375,1.3950917720794678,0.9387508630752563,-0.7550643682479858,0.3463731110095978,7.25297212600708,1.4432082176208496,3.3044567108154297,0.6052602529525757,0.2252684384584427,1.2298672199249268,0.9742966890335083,0.09966625919918085,-0.9165798425674438,0.19211804866790771,1.6101596355438232,2.103139877319336,4.05950403213501,0.7584851384162903,0.53272545337677,2.8512089252471924,0.8462886810302734,0.150416208051032,-0.8299776911735535,0.39704135060310364,2.872593402862549,1.3692718744277954,7.6513590812683105,1.931627631187439,0.38445377349853516,1.5227251052856445,0.9231538772583008,0.5343849959116299,-0.7137104272842407,0.37882980704307556,5.719487190246582,1.3327010869979858,4.859398365020752,1.418218970298767,0.2252815067768097,0.7719060778617859,0.9742936491966248,0.2155326238840198,-0.7219094634056091,0.27798932790756226,3.00848650932312,1.6464914083480835
gtsrb_iid,gtsrb,iid,3,grad_negation,1.0,gtsrb_iid/seed3/grad_negation_alpha1.00,0.8292953285827395,0.043993635640413684,0.7985680190930787,0.754574383452665,True,0.8231987331749802,0.0032617342879872713,20,2,0.9638852477073669,2.585329294204712,0.12669605016708374,0.047231923788785934,0.9919441938400269,0.5997660160064697,-0.0860847532749176,7.25297212600708,1.0200705528259277,0.21157854795455933,0.6052602529525757,-0.12312843650579453,-0.043041545897722244,0.9923907518386841,0.04817970473898099,0.8212488889694214,-0.12235182523727417,1.6101596355438232,1.0244125127792358,0.3857046067714691,0.7584851384162903,-0.2898487150669098,-0.14739367365837097,0.9570726752281189,0.16011470519348828,0.58193039894104,-0.13709081709384918,2.872593402862549,1.027055263519287,0.722162663936615,1.931627631187439,0.10166122764348984,0.038003988564014435,0.994817852973938,0.5613215647701107,0.5695325136184692,-0.10093237459659576,5.719487190246582,1.0205061435699463,0.46266403794288635,1.418218970298767,0.4183022677898407,0.13646221160888672,0.9083081483840942,0.23038404935391005,0.6368054151535034,0.006210805848240852,3.00848650932312,1.010811686515808
gtsrb_iid,gtsrb,iid,3,full_retrain,1.0,gtsrb_iid/seed3/full_retrain_alpha1.00,0.8296912114014252,0.0013524264120922831,0.7985680190930787,0.7972155926809864,True,0.8231987331749802,0.0032617342879872713,20,2,23.5670108795166,2.585329294204712,0.19115972518920898,1.742400884628296,0.9815577864646912,-0.5228236317634583,0.13845309615135193,7.25297212600708,3.2646851539611816,8.903331756591797,0.6052602529525757,0.16144369542598724,2.374824285507202,0.9868817925453186,0.14271792548350537,-0.5518297553062439,0.06397116184234619,1.6101596355438232,5.555861473083496,10.462288856506348,0.7584851384162903,0.24616731703281403,3.3955469131469727,0.9692273139953613,0.19707286926108333,-0.5341947078704834,0.13772407174110413,2.872593402862549,3.641664505004883,15.69072437286377,1.931627631187439,0.213701531291008,1.735758900642395,0.9769039154052734,0.4432754959118059,-0.5068833231925964,0.1659248173236847,5.719487190246582,2.759676933288574,10.976825714111328,1.418218970298767,0.15073780715465546,1.1666897535324097,0.9885739088058472,0.21693375055191666,-0.5315021276473999,0.1126197800040245,3.00848650932312,3.6729581356048584
gtsrb_iid,gtsrb,iid,4,short_retrain,0.25,gtsrb_iid/seed4/short_retrain_alpha0.25,0.836104513064133,0.8326968973747017,0.839538583929992,0.006841686555290383,True,0.8335708630245448,0.7957836117740652,20,2,0.6031279563903809,0.7793716192245483,-0.14596356451511383,-0.11294673383235931,0.9892900586128235,0.6026591062545776,-0.06449314206838608,2.9347984790802,1.0338027477264404,0.155911386013031,0.17133328318595886,-0.25310948491096497,-0.23032677173614502,0.9674375653266907,0.0668200234641266,0.8943538665771484,0.00048106949543580413,0.2602139711380005,1.1655142307281494,0.21686795353889465,0.21412980556488037,-0.48949533700942993,-0.4957537353038788,0.8720062971115112,0.12928322508284168,0.7424778342247009,-0.01769213005900383,0.5531871914863586,1.0805379152297974,0.4747154414653778,0.6144521236419678,-0.09692955762147903,-0.07487910240888596,0.9952896237373352,0.6195041435786307,0.5221421718597412,-0.06594224274158478,2.4098007678985596,1.0318869352340698,0.25899797677993774,0.3932889997959137,-0.10647816210985184,-0.07012046873569489,0.9943153262138367,0.18439275123806814,0.6157288551330566,-0.09065505117177963,1.5595648288726807,1.0284405946731567
gtsrb_iid,gtsrb,iid,4,federaser,0.25,gtsrb_iid/seed4/federaser_alpha0.25,0.6252573238321457,0.7884645982498011,0.839538583929992,0.05107398568019095,True,0.8335708630245448,0.7957836117740652,20,2,8.238487243652344,0.7793716192245483,0.27412381768226624,2.8974366188049316,0.9617013931274414,-0.8104919791221619,0.1880788654088974,2.9347984790802,2.79720401763916,2.7439723014831543,0.17133328318595886,0.2815093994140625,4.508487224578857,0.9595585465431213,0.11092297997693402,-0.9561128616333008,0.11918473243713379,0.2602139711380005,10.473047256469727,3.388561487197876,0.21412980556488037,0.5318586230278015,8.416540145874023,0.8468337655067444,0.16915827749952822,-0.8854990601539612,0.15303580462932587,0.5531871914863586,6.053690433502197,5.863306045532227,0.6144521236419678,0.26651960611343384,2.5429787635803223,0.9638375639915466,0.5065021829049928,-0.7548342347145081,0.213921919465065,2.4098007678985596,2.4246826171875,3.806126117706299,0.3932889997959137,0.1881551444530487,1.8209046125411987,0.9821393489837646,0.213416686064397,-0.7957112789154053,0.19422020018100739,1.5595648288726807,2.451137065887451
gtsrb_iid,gtsrb,iid,4,grad_negation,0.25,gtsrb_iid/seed4/grad_negation_alpha0.25,0.8380839271575614,0.8090692124105012,0.839538583929992,0.030469371519490807,True,0.8335708630245448,0.7957836117740652,20,2,0.9254580140113831,0.7793716192245483,-0.15839679539203644,-0.18807142972946167,0.987381100654602,0.4868796169757843,-0.03287716582417488,2.9347984790802,1.058384656906128,0.20389433205127716,0.17133328318595886,-0.6565577983856201,-0.7813332080841064,0.7542757391929626,0.04853552392739131,0.5801424384117126,-0.06164678558707237,0.2602139711380005,1.307891845703125,0.3440115749835968,0.21412980556488037,-0.5031968355178833,-0.808412492275238,0.8641721606254578,0.13816434483111356,0.5807597041130066,-0.03156310319900513,0.5531871914863586,1.19414484500885,0.722615659236908,0.6144521236419678,-0.0626380667090416,-0.07365746796131134,0.9980370998382568,0.609671997163625,0.4644071161746979,-0.035292357206344604,2.4098007678985596,1.054081916809082,0.41763240098953247,0.3932889997959137,-0.1609281301498413,-0.1708889603614807,0.9869658946990967,0.20362820801429043,0.47753313183784485,-0.028498023748397827,1.5595648288726807,1.0425801277160645
gtsrb_iid,gtsrb,iid,4,full_retrain,0.25,gtsrb_iid/seed4/full_retrain_alpha0.25,0.8364212193190815,0.8003977724741448,0.839538583929992,0.039140811455847246,True,0.8335708630245448,0.7957836117740652,20,2,23.518510818481445,0.7793716192245483,0.1671203225851059,5.04265022277832,0.9859392046928406,-0.5678427815437317,0.04804098233580589,2.9347984790802,8.028021812438965,8.89557933807373,0.17133328318595886,0.21124467253684998,10.967766761779785,0.9774332046508789,0.14305663077398734,-0.5640228390693665,0.008987017907202244,0.2602139711380005,34.1912727355957,10.589471817016602,0.21412980556488037,0.25305917859077454,12.514641761779785,0.9674503207206726,0.2027253596532093,-0.5537687540054321,0.006763332523405552,0.5531871914863586,19.162002563476562,15.35922908782959,0.6144521236419678,0.17127428948879242,4.2808756828308105,0.9852290153503418,0.4264926306097989,-0.5501640439033508,0.07064519077539444,2.4098007678985596,6.38145637512207,11.223437309265137,0.3932889997959137,0.124846450984478,3.5627880096435547,0.9921762943267822,0.22772537896300443,-0.6201034784317017,0.03660369664430618,1.5595648288726807,7.229317665100098
gtsrb_iid,gtsrb,iid,4,short_retrain,0.5,gtsrb_iid/seed4/short_retrain_alpha0.50,0.8411718131433096,0.8007955449482895,0.839538583929992,0.038743038981702504,True,0.8293745051464766,0.7319809069212411,20,2,0.6051491498947144,1.3838938474655151,-0.07200026512145996,-0.031481411308050156,0.9974046349525452,0.6185492277145386,-0.07626672834157944,3.6277036666870117,1.0262911319732666,0.16622857749462128,0.33941853046417236,-0.11795544624328613,-0.057768113911151886,0.9930188059806824,0.07544943801938044,0.9253951907157898,-0.010137333534657955,0.6084908843040466,1.0393109321594238,0.21279624104499817,0.44033220410346985,-0.34156864881515503,-0.16506734490394592,0.939856231212616,0.12364396542183538,0.7965153455734253,-0.07330155372619629,1.1716746091842651,1.0293737649917603,0.4725858271121979,1.0548896789550781,-0.04226528853178024,-0.018932899460196495,0.9991070628166199,0.6098661532402179,0.5208791494369507,-0.08294988423585892,2.9256887435913086,1.0261071920394897,0.2645089030265808,0.7023836374282837,-0.0030499929562211037,-0.0011485879076644778,0.9999955892562866,0.1910404534905295,0.6277794241905212,-0.07477716356515884,1.6905221939086914,1.0236608982086182
gtsrb_iid,gtsrb,iid,4,federaser,0.5,gtsrb_iid/seed4/federaser_alpha0.50,0.5921615201900238,0.7125696101829754,0.839538583929992,0.12696897374701666,True,0.8293745051464766,0.7319809069212411,20,2,8.959372520446777,1.3838938474655151,0.3041367530822754,1.9688117504119873,0.9526413083076477,-0.7924659252166748,0.24191522598266602,3.6277036666870117,2.4299559593200684,2.966094493865967,0.33941853046417236,0.27112439274787903,2.3692893981933594,0.9625442624092102,0.1095902495610723,-0.9446964263916016,0.17306604981422424,0.6084908843040466,4.803500175476074,3.6260769367218018,0.44033220410346985,0.5373477339744568,4.424983501434326,0.8433603644371033,0.1637857036823169,-0.8719163537025452,0.28223732113838196,1.1716746091842651,2.9716556072235107,6.403531074523926,1.0548896789550781,0.29830437898635864,1.8106383085250854,0.95447838306427,0.5108287840776018,-0.7383472323417664,0.26780444383621216,2.9256887435913086,2.149031162261963,4.162171363830566,0.7023836374282837,0.21377544105052948,1.2667850255966187,0.9768829345703125,0.2157953814750746,-0.7700691223144531,0.18959058821201324,1.6905221939086914,2.4755170345306396
gtsrb_iid,gtsrb,iid,4,grad_negation,0.5,gtsrb_iid/seed4/grad_negation_alpha0.50,0.840221694378464,0.7746221161495624,0.839538583929992,0.06491646778042959,True,0.8293745051464766,0.7319809069212411,20,2,0.9046233296394348,1.3838938474655151,-0.09726086258888245,-0.06357166916131973,0.9952614307403564,0.5199301838874817,-0.04739305377006531,3.6277036666870117,1.042027473449707,0.2046547532081604,0.33941853046417236,-0.5973695516586304,-0.36018815636634827,0.8019660711288452,0.05117695814293723,0.5822578072547913,-0.056535180658102036,0.6084908843040466,1.07291579246521,0.381041020154953,0.44033220410346985,-0.4166261851787567,-0.36052677035331726,0.9090778231620789,0.17740863354266162,0.5291318297386169,-0.06340218335390091,1.1716746091842651,1.0709811449050903,0.6901993751525879,1.0548896789550781,-0.007897265255451202,-0.0051665883511304855,0.9999678730964661,0.582110916460521,0.5171170830726624,-0.04997017979621887,2.9256887435913086,1.038862705230713,0.3936079144477844,0.7023836374282837,-0.016683373600244522,-0.009349164552986622,0.9998607039451599,0.18930357378774657,0.531431257724762,-0.028972214087843895,1.6905221939086914,1.0332969427108765
gtsrb_iid,gtsrb,iid,4,full_retrain,0.5,gtsrb_iid/seed4/full_retrain_alpha0.50,0.836104513064133,0.7579156722354813,0.839538583929992,0.08162291169451075,True,0.8293745051464766,0.7319809069212411,20,2,23.54693031311035,1.3838938474655151,0.18747657537460327,3.1896204948425293,0.982269287109375,-0.5569071173667908,0.06133702024817467,3.6277036666870117,6.506547451019287,8.9188814163208,0.33941853046417236,0.2122599184513092,5.577542304992676,0.9772132039070129,0.14346061200403407,-0.5533534288406372,0.024262726306915283,0.6084908843040466,14.66722583770752,10.598997116088867,0.44033220410346985,0.24967323243618011,6.009744167327881,0.9683300852775574,0.20260087734844043,-0.5492185354232788,0.04128926247358322,1.1716746091842651,9.059996604919434,15.378860473632812,1.0548896789550781,0.19605691730976105,2.857978105545044,0.980597198009491,0.4265537699542723,-0.5369071960449219,0.08157684653997421,2.9256887435913086,5.270019054412842,11.2285795211792,0.7023836374282837,0.14210626482963562,2.271763563156128,0.9898511171340942,0.2273848370096094,-0.6073110103607178,0.04870935529470444,1.6905221939086914,6.668591499328613
gtsrb_iid,gtsrb,iid,4,short_retrain,0.75,gtsrb_iid/seed4/short_retrain_alpha0.75,0.8414885193982581,0.760461416070008,0.839538583929992,0.07907716785998409,True,0.8330166270783848,0.6104216388225935,20,2,0.6182461977005005,1.918412208557129,0.038275815546512604,0.012334011495113373,0.9992692470550537,0.6459610462188721,-0.09453634172677994,5.315388202667236,1.0176037549972534,0.18427257239818573,0.4855128526687622,0.06993535906076431,0.02654341608285904,0.997551679611206,0.08883170499373244,0.9428891539573669,-0.01006751786917448,1.0755075216293335,1.016270399093628,0.21737349033355713,0.6334057450294495,-0.20027150213718414,-0.06872958689928055,0.9797411561012268,0.123611940349708,0.8347712755203247,-0.0751623809337616,1.8809891939163208,1.0152475833892822,0.4739202857017517,1.4281294345855713,0.04318001866340637,0.014327825047075748,0.9990683794021606,0.5876007437185209,0.5377606153488159,-0.11091490089893341,4.2671356201171875,1.0183188915252686,0.27646714448928833,1.0019842386245728,0.135333850979805,0.037341244518756866,0.9908002018928528,0.19995570839360635,0.6514308452606201,-0.08387160301208496,2.313223361968994,1.0170210599899292
gtsrb_iid,gtsrb,iid,4,federaser,0.75,gtsrb_iid/seed4/federaser_alpha0.75,0.5797307996832938,0.5012728719172633,0.839538583929992,0.3382657120127287,True,0.8330166270783848,0.6104216388225935,20,2,9.808823585510254,1.918412208557129,0.3396860957145691,1.736653447151184,0.9405493140220642,-0.7618997693061829,0.3220411241054535,5.315388202667236,1.7935688495635986,3.1096253395080566,0.4855128526687622,0.28166690468788147,1.8040275573730469,0.9595123529434204,0.10049512294640672,-0.9191088080406189,0.23341098427772522,1.0755075216293335,2.8301846981048584,3.8374409675598145,0.6334057450294495,0.5709811449050903,3.4592466354370117,0.820963442325592,0.15304272117849166,-0.8358790874481201,0.37074923515319824,1.8809891939163208,1.9103233814239502,7.132296085357666,1.4281294345855713,0.3442569971084595,1.7191122770309448,0.9388850927352905,0.5287135549089361,-0.7147273421287537,0.3501807153224945,4.2671356201171875,1.619630217552185,4.577341079711914,1.0019842386245728,0.23380780220031738,1.0680978298187256,0.9722831845283508,0.2177487397238073,-0.7389041781425476,0.2527439594268799,2.313223361968994,1.9787105321884155
gtsrb_iid,gtsrb,iid,4,grad_negation,0.75,gtsrb_iid/seed4/grad_negation_alpha0.75,0.8429136975455265,0.7197295147175815,0.839538583929992,0.11980906921241052,True,0.8330166270783848,0.6104216388225935,20,2,0.759829044342041,1.918412208557129,0.011191229335963726,0.00443212641403079,0.99993896484375,0.6157811880111694,-0.08215467631816864,5.315388202667236,1.021723985671997,0.1790616661310196,0.4855128526687622,-0.2617306113243103,-0.09652869403362274,0.9651409387588501,0.05553210228912139,0.8175008893013,-0.027758058160543442,1.0755075216293335,1.0183131694793701,0.26972463726997375,0.6334057450294495,-0.3541403114795685,-0.15080440044403076,0.9351921081542969,0.126002896513891,0.7320700883865356,-0.10143665224313736,1.8809891939163208,1.024525761604309,0.5966943502426147,1.4281294345855713,0.04914623126387596,0.020532144233584404,0.9987910389900208,0.6166921497536291,0.5630982518196106,-0.09412889182567596,4.2671356201171875,1.0226794481277466,0.3413201868534088,1.0019842386245728,0.1686852127313614,0.057461611926555634,0.9856699705123901,0.20177285789542634,0.6349676251411438,-0.044743191450834274,2.313223361968994,1.017337679862976
gtsrb_iid,gtsrb,iid,4,full_retrain,0.75,gtsrb_iid/seed4/full_retrain_alpha0.75,0.8352335708630245,0.6195704057279237,0.839538583929992,0.21996817820206838,True,0.8330166270783848,0.6104216388225935,20,2,23.575057983398438,1.918412208557129,0.19585251808166504,2.4065804481506348,0.9806371331214905,-0.5435407161712646,0.0951300710439682,5.315388202667236,4.452834129333496,8.932050704956055,0.4855128526687622,0.19891230762004852,3.659419059753418,0.9800171852111816,0.1435406564582564,-0.5441020131111145,0.020833779126405716,1.0755075216293335,8.344242095947266,10.60947036743164,0.6334057450294495,0.24518898129463196,4.106886386871338,0.9694746136665344,0.20251616909973225,-0.5430155396461487,0.07076316326856613,1.8809891939163208,5.658220291137695,15.3973970413208,1.4281294345855713,0.21212057769298553,2.286768674850464,0.9772474765777588,0.4265584045002132,-0.5220343470573425,0.12745274603366852,4.2671356201171875,3.6194663047790527,11.242022514343262,1.0019842386245728,0.14941293001174927,1.6763758659362793,0.9887745976448059,0.22738481112156894,-0.5872964859008789,0.07438846677541733,2.313223361968994,4.888305187225342
gtsrb_iid,gtsrb,iid,4,short_retrain,1.0,gtsrb_iid/seed4/short_retrain_alpha1.00,0.8454473475851149,0.6794749403341289,0.839538583929992,0.16006364359586311,True,0.8348376880443389,0.0007159904534606205,20,2,0.6508914232254028,2.4539120197296143,0.16644224524497986,0.044143833220005035,0.9860498905181885,0.6786223649978638,-0.08682582527399063,7.2747602462768555,1.0117037296295166,0.21121574938297272,0.6414669752120972,0.2213933765888214,0.07289817184209824,0.9751847982406616,0.10529448238120963,0.9461609721183777,0.07016332447528839,1.4126386642456055,1.000686764717102,0.23277118802070618,0.8236887454986572,-0.04058115556836128,-0.011468063108623028,0.9991761445999146,0.12788266074121593,0.8638931512832642,-0.1007920503616333,2.6363027095794678,1.01271653175354,0.483752578496933,1.8064789772033691,0.13719408214092255,0.03673524782061577,0.9905446767807007,0.5523618098228554,0.5590521693229675,-0.11859997361898422,5.811082363128662,1.013250708580017,0.3014379143714905,1.2917624711990356,0.3177790641784668,0.07415496557950974,0.9481642246246338,0.21446111739482748,0.6926441192626953,-0.0382181853055954,3.195268392562866,1.0080235004425049
gtsrb_iid,gtsrb,iid,4,federaser,1.0,gtsrb_iid/seed4/federaser_alpha1.00,0.5999208234362629,0.0013524264120922831,0.839538583929992,0.8381861575178997,True,0.8348376880443389,0.0007159904534606205,20,2,10.011364936828613,2.4539120197296143,0.3776267468929291,1.5404725074768066,0.9259772300720215,-0.7135298848152161,0.44097110629081726,7.2747602462768555,1.296245813369751,3.122718095779419,0.6414669752120972,0.2942781448364258,1.4325721263885498,0.9557198286056519,0.0972830971873083,-0.8750695586204529,0.2816457152366638,1.4126386642456055,2.1543848514556885,3.9898600578308105,0.8236887454986572,0.5793030261993408,2.806079149246216,0.8151130080223083,0.15881365345769674,-0.7920622825622559,0.4826374053955078,2.6363027095794678,1.3526251316070557,7.315726280212402,1.8064789772033691,0.3945092260837555,1.5974929332733154,0.9189085960388184,0.5339737677771706,-0.666109561920166,0.48412683606147766,5.811082363128662,1.1687649488449097,4.587233543395996,1.2917624711990356,0.26497575640678406,0.9409663081169128,0.9642548561096191,0.20992955769135188,-0.6877884268760681,0.3558383584022522,3.195268392562866,1.4280530214309692
gtsrb_iid,gtsrb,iid,4,grad_negation,1.0,gtsrb_iid/seed4/grad_negation_alpha1.00,0.842596991290578,0.05163086714399363,0.839538583929992,0.7879077167859984,True,0.8348376880443389,0.0007159904534606205,20,2,0.8116960525512695,2.4539120197296143,0.21905465424060822,0.0724509060382843,0.975716769695282,0.6621813774108887,-0.07620708644390106,7.2747602462768555,1.0146236419677734,0.20287609100341797,0.6414669752120972,0.04124787822365761,0.013045423664152622,0.9991488456726074,0.06246619569736529,0.9070372581481934,0.021734993904829025,1.4126386642456055,1.0071654319763184,0.268869549036026,0.8236887454986572,-0.1461351066827774,-0.04770156741142273,0.9892644882202148,0.10971521975431402,0.8189095854759216,-0.11518625169992447,2.6363027095794678,1.016806721687317,0.603428065776825,1.8064789772033691,0.1820751130580902,0.06081356108188629,0.9832867980003357,0.5526672278893288,0.5931457281112671,-0.10768888145685196,5.811082363128662,1.0164399147033691,0.4257887005805969,1.2917624711990356,0.4815102219581604,0.15871454775333405,0.8764406442642212,0.27515139623586404,0.6618982553482056,0.0022354028187692165,3.195268392562866,1.0085443258285522
gtsrb_iid,gtsrb,iid,4,full_retrain,1.0,gtsrb_iid/seed4/full_retrain_alpha1.00,0.8299287410926366,0.0009546539379474941,0.839538583929992,0.8385839299920446,True,0.8348376880443389,0.0007159904534606205,20,2,23.606157302856445,2.4539120197296143,0.20552299916744232,1.9768949747085571,0.9786561727523804,-0.5243278741836548,0.13906757533550262,7.2747602462768555,3.2599453926086426,8.959638595581055,0.6414669752120972,0.1919844001531601,2.6815268993377686,0.9813979268074036,0.1440484545562476,-0.527629017829895,0.026084519922733307,1.4126386642456055,6.395015239715576,10.59689998626709,0.8236887454986572,0.2449301779270172,3.151066541671753,0.9695406556129456,0.20150483787659143,-0.5346910357475281,0.12038492411375046,2.6363027095794678,4.023609161376953,15.407641410827637,1.8064789772033691,0.22286862134933472,1.9006818532943726,0.9748530983924866,0.4260018288251228,-0.5025964379310608,0.1805015355348587,5.811082363128662,2.6594998836517334,11.283063888549805,1.2917624711990356,0.16884399950504303,1.4747885465621948,0.985642671585083,0.2284450293369923,-0.5570589900016785,0.11171075701713562,3.195268392562866,3.5609381198883057
cifar10_dirichlet,cifar10,dirichlet,0,short_retrain,0.25,cifar10_dirichlet/seed0/short_retrain_alpha0.25,0.6721,0.9368888888888889,0.9381111111111111,0.0012222222222222356,True,0.6682,0.9218888888888889,20,2,1.5927910804748535,1.0481942892074585,-0.03762390464544296,-0.0571681372821331,0.9992913603782654,0.6412955522537231,0.02536122500896454,3.186184883117676,1.1065948009490967,0.45876064896583557,0.20592527091503143,-0.5390668511390686,-1.2009339332580566,0.8422629833221436,0.08295333331391232,0.949386715888977,0.20735184848308563,0.3380260765552521,1.5096688270568848,0.6079782247543335,0.3833886384963989,-0.25633421540260315,-0.40649473667144775,0.9665875434875488,0.14569261709370354,0.8217240571975708,0.07593008130788803,0.9478791356086731,1.1462984085083008,1.3104037046432495,0.9026232361793518,0.05750242620706558,0.08347591012716293,0.9983463883399963,0.6768404922964966,0.50730961561203,0.010242252610623837,2.8551952838897705,1.09600830078125,0.489684522151947,0.3075938820838928,-0.13380202651023865,-0.21301066875457764,0.9910081028938293,0.0945135925356382,0.8237761855125427,0.029748959466814995,0.9935030937194824,1.1016404628753662
cifar10_dirichlet,cifar10,dirichlet,0,federaser,0.25,cifar10_dirichlet/seed0/federaser_alpha0.25,0.4824,0.722,0.9381111111111111,0.21611111111111114,True,0.6682,0.9218888888888889,20,2,8.613602638244629,1.0481942892074585,0.23368936777114868,1.9202384948730469,0.9723138213157654,-0.8397191166877747,0.09304164350032806,3.186184883117676,2.7938196659088135,3.4254448413848877,0.20592527091503143,0.5682181715965271,9.451972961425781,0.8228780031204224,0.15813937227772454,-0.9579663276672363,-0.18795067071914673,0.3380260765552521,10.368247032165527,3.951824426651001,0.3833886384963989,0.3296261131763458,3.3976573944091797,0.9441111087799072,0.2104753751033385,-0.8602607250213623,0.0005998581182211637,0.9478791356086731,4.286793231964111,6.052037715911865,0.9026232361793518,0.17012935876846313,1.1406456232070923,0.9854228496551514,0.49365727811527027,-0.7537343502044678,0.1518043875694275,2.8551952838897705,2.202136993408203,3.196746349334717,0.3075938820838928,0.2850874066352844,2.9628419876098633,0.9585017561912537,0.13772803876890427,-0.9526893496513367,0.045882515609264374,0.9935030937194824,3.3253588676452637
cifar10_dirichlet,cifar10,dirichlet,0,grad_negation,0.25,cifar10_dirichlet/seed0/grad_negation_alpha0.25,0.6744,0.9357777777777778,0.9381111111111111,0.0023333333333332984,True,0.6682,0.9218888888888889,20,2,1.7794743776321411,1.0481942892074585,-0.05533565953373909,-0.09393516182899475,0.9984697699546814,0.5768792033195496,0.02423902228474617,3.186184883117676,1.133512020111084,0.49971747398376465,0.20592527091503143,-0.5600951313972473,-1.3591790199279785,0.8284281492233276,0.07885779494149385,0.9189878106117249,0.20755256712436676,0.3380260765552521,1.6036901473999023,0.7625905275344849,0.3833886384963989,-0.27381187677383423,-0.5446330904960632,0.9617829322814941,0.18364475173362133,0.6808322072029114,0.05799290910363197,0.9478791356086731,1.246572494506836,1.4351845979690552,0.9026232361793518,0.03428461402654648,0.05451009050011635,0.9994101524353027,0.650463513693395,0.4661564528942108,0.007747648749500513,2.8551952838897705,1.1157375574111938,0.5249844193458557,0.3075938820838928,-0.06153685972094536,-0.10502774268388748,0.9981048703193665,0.08703391139784117,0.680759072303772,0.055029526352882385,0.9935030937194824,1.1050193309783936
cifar10_dirichlet,cifar10,dirichlet,0,full_retrain,0.25,cifar10_dirichlet/seed0/full_retrain_alpha0.25,0.6599,0.9194444444444444,0.9381111111111111,0.01866666666666672,True,0.6682,0.9218888888888889,20,2,23.443483352661133,1.0481942892074585,0.15419483184814453,3.4484453201293945,0.9880416989326477,-0.5867483019828796,0.031264953315258026,3.186184883117676,7.394436836242676,10.951691627502441,0.20592527091503143,0.43041354417800903,22.890613555908203,0.9026318192481995,0.21822173533303388,-0.6600953340530396,-0.12666258215904236,0.3380260765552521,32.54074478149414,11.557342529296875,0.3833886384963989,0.1927766054868698,5.811291694641113,0.981242299079895,0.2430251920735279,-0.5742287039756775,-0.012054120190441608,0.9478791356086731,12.245786666870117,14.731209754943848,0.9026232361793518,0.10465002804994583,1.7078416347503662,0.9945071339607239,0.3948409580661443,-0.5300482511520386,0.07045723497867584,2.8551952838897705,5.185821056365967,8.893671989440918,0.3075938820838928,0.20935176312923431,6.053130149841309,0.9778403639793396,0.14391225333883398,-0.6622573137283325,-0.0030748494900763035,0.9935030937194824,9.01056957244873
cifar10_dirichlet,cifar10,dirichlet,0,short_retrain,0.5,cifar10_dirichlet/seed0/short_retrain_alpha0.50,0.6724,0.9208888888888889,0.9381111111111111,0.01722222222222225,True,0.6681,0.8984444444444445,20,2,1.6535472869873047,1.4721707105636597,-0.03835918381810188,-0.04308249428868294,0.9992647767066956,0.6396428346633911,0.0673755332827568,3.7991909980773926,1.0633875131607056,0.4731174409389496,0.3050954341888428,-0.609551727771759,-0.9452434778213501,0.7927463054656982,0.08186229410468081,0.9447065591812134,0.3114326000213623,0.5137245059013367,1.1289498805999756,0.6299166679382324,0.5732019543647766,-0.23689472675323486,-0.2603335678577423,0.9715353846549988,0.14511494641237205,0.818821370601654,0.09777295589447021,1.2659181356430054,1.0725198984146118,1.3636085987091064,1.1995646953582764,0.0671791359782219,0.076361745595932,0.9977429509162903,0.6800465127147891,0.5082855820655823,0.04586751013994217,3.3602726459503174,1.061819314956665,0.5042117834091187,0.5538411140441895,-0.10651087760925293,-0.09696649014949799,0.9943115711212158,0.09297625221777689,0.8247660398483276,0.10434450954198837,1.1296454668045044,1.0517019033432007
cifar10_dirichlet,cifar10,dirichlet,0,federaser,0.5,cifar10_dirichlet/seed0/federaser_alpha0.50,0.4908,0.372,0.9381111111111111,0.5661111111111111,True,0.6681,0.8984444444444445,20,2,8.698639869689941,1.4721707105636597,0.2576255202293396,1.5221415758132935,0.9662504196166992,-0.8222141265869141,0.09701836109161377,3.7991909980773926,2.4078991413116455,3.4208760261535645,0.3050954341888428,0.6552202701568604,7.3466410636901855,0.7554380893707275,0.15464917058333408,-0.9491775631904602,-0.23977583646774292,0.5137245059013367,6.966721057891846,3.9796559810638428,0.5732019543647766,0.3382299244403839,2.3482766151428223,0.941063404083252,0.209297469041053,-0.8514237999916077,0.020408738404512405,1.2659181356430054,3.279402017593384,6.1442084312438965,1.1995646953582764,0.1805005818605423,0.9244773387908936,0.9835739135742188,0.49890828021264944,-0.7323240041732788,0.16812284290790558,3.3602726459503174,1.9309425354003906,3.221466302871704,0.5538411140441895,0.28773102164268494,1.6736128330230713,0.9577112197875977,0.1371450171481069,-0.9302389025688171,0.014757354743778706,1.1296454668045044,3.0080409049987793
cifar10_dirichlet,cifar10,dirichlet,0,grad_negation,0.5,cifar10_dirichlet/seed0/grad_negation_alpha0.50,0.666,0.9205555555555556,0.9381111111111111,0.017555555555555546,True,0.6681,0.8984444444444445,20,2,2.3455119132995605,1.4721707105636597,-0.049640003591775894,-0.07908320426940918,0.9987673163414001,0.4551329016685486,0.052332986146211624,3.7991909980773926,1.1474037170410156,0.6577341556549072,0.3050954341888428,-0.4582200348377228,-0.9878446459770203,0.8888386487960815,0.07863167742915689,0.7649123072624207,0.273375928401947,0.5137245059013367,1.3925557136535645,1.1755906343460083,0.5732019543647766,-0.24875769019126892,-0.5101810097694397,0.9685656428337097,0.25119389582327784,0.45844927430152893,0.05846422538161278,1.2659181356430054,1.3243107795715332,1.8075835704803467,1.1995646953582764,0.03974537551403046,0.05988757312297821,0.9992112517356873,0.593894627236954,0.38132840394973755,0.03703819215297699,3.3602726459503174,1.1178230047225952,0.6478230953216553,0.5538411140441895,0.00554724270477891,0.006488559767603874,0.9999845623970032,0.07627980492746315,0.548065185546875,0.08471325039863586,1.1296454668045044,1.1098251342773438
cifar10_dirichlet,cifar10,dirichlet,0,full_retrain,0.5,cifar10_dirichlet/seed0/full_retrain_alpha0.50,0.6602,0.9031111111111111,0.9381111111111111,0.03500000000000003,True,0.6681,0.8984444444444445,20,2,23.58088493347168,1.4721707105636597,0.17160215973854065,2.748512029647827,0.9851681590080261,-0.575714647769928,0.01808028668165207,3.7991909980773926,6.268992900848389,11.005504608154297,0.3050954341888428,0.45633208751678467,16.46095848083496,0.8898096680641174,0.21780985111938153,-0.6565329432487488,-0.1326751410961151,0.5137245059013367,21.57842445373535,11.616087913513184,0.5732019543647766,0.20187035202980042,4.090949535369873,0.9794120192527771,0.2426482758499577,-0.5669084191322327,-0.01923518069088459,1.2659181356430054,9.249448776245117,14.818004608154297,1.1995646953582764,0.11609610170125961,1.4340327978134155,0.9932392835617065,0.3948636274432758,-0.5168600082397461,0.06296371668577194,3.3602726459503174,4.459902286529541,8.96959400177002,0.5538411140441895,0.2047598510980606,3.316135883331299,0.9788122773170471,0.14467819070820917,-0.6446723937988281,-0.04760625585913658,1.1296454668045044,8.050002098083496
cifar10_dirichlet,cifar10,dirichlet,0,short_retrain,0.75,cifar10_dirichlet/seed0/short_retrain_alpha0.75,0.6721,0.9022222222222223,0.9381111111111111,0.03588888888888886,True,0.6617,0.5571111111111111,20,2,1.7482010126113892,2.6876413822174072,-0.037075575441122055,-0.02411426045000553,0.9993141889572144,0.634831428527832,-0.0924667939543724,6.9461493492126465,1.0535078048706055,0.4851646423339844,0.6904799938201904,-0.6871992945671082,-0.4828595817089081,0.7264687418937683,0.07701501194999334,0.9361028075218201,-0.010426033288240433,1.4890140295028687,1.0549685955047607,0.6539592742919922,1.137712836265564,-0.25272849202156067,-0.14526863396167755,0.9675377011299133,0.1399261513189457,0.7998079657554626,-0.177993506193161,3.2267279624938965,1.0550931692123413,1.4548401832580566,2.0945217609405518,0.11004838347434998,0.07643407583236694,0.9939254522323608,0.6925303141664874,0.5212264657020569,-0.09235959500074387,5.703402042388916,1.0545986890792847,0.5260104537010193,1.032246708869934,-0.16814100742340088,-0.0856810212135315,0.9857628345489502,0.09052861032319041,0.7993483543395996,0.028791336342692375,1.7585852146148682,1.035491704940796
cifar10_dirichlet,cifar10,dirichlet,0,federaser,0.75,cifar10_dirichlet/seed0/federaser_alpha0.75,0.4463,0.01877777777777778,0.9381111111111111,0.9193333333333333,True,0.6617,0.5571111111111111,20,2,9.503825187683105,2.6876413822174072,0.41460981965065,1.4659956693649292,0.9100211262702942,-0.7299547791481018,0.38927724957466125,6.9461493492126465,1.3441917896270752,3.7002954483032227,0.6904799938201904,0.7953540086746216,4.262318134307861,0.6061451435089111,0.15158112800439405,-0.8998432755470276,0.21122412383556366,1.4890140295028687,2.475022077560425,4.4930500984191895,1.137712836265564,0.4857241213321686,1.918217658996582,0.8741129636764526,0.22348856386148302,-0.7686201333999634,0.44505229592323303,3.2267279624938965,1.3036441802978516,6.686102867126465,2.0945217609405518,0.313716322183609,1.0013782978057861,0.9495192766189575,0.49492107726119855,-0.6290227770805359,0.4394746720790863,5.703402042388916,1.159281849861145,3.4268972873687744,1.032246708869934,0.4754745066165924,1.5785012245178223,0.8797292709350586,0.13000928366179412,-0.826843798160553,0.2195822298526764,1.7585852146148682,1.9853256940841675
cifar10_dirichlet,cifar10,dirichlet,0,grad_negation,0.75,cifar10_dirichlet/seed0/grad_negation_alpha0.75,0.6625,0.882,0.9381111111111111,0.05611111111111111,True,0.6617,0.5571111111111111,20,2,2.941204071044922,2.6876413822174072,-0.026730036363005638,-0.029249563813209534,0.9996417164802551,0.37689873576164246,-0.04251963645219803,6.9461493492126465,1.1024051904678345,0.8187769651412964,0.6904799938201904,-0.4200737476348877,-0.4981270432472229,0.907490074634552,0.07749129359458576,0.6768036484718323,-0.005565132945775986,1.4890140295028687,1.1438910961151123,1.5898075103759766,1.137712836265564,-0.1689891666173935,-0.2361404448747635,0.9856179356575012,0.2921535312532175,0.33649376034736633,-0.06772754341363907,3.2267279624938965,1.1443299055099487,2.215470552444458,2.0945217609405518,0.07643675804138184,0.08084558695554733,0.9970763325691223,0.5673768630087124,0.3312498927116394,-0.03916607052087784,5.703402042388916,1.0868850946426392,0.7381333112716675,1.032246708869934,-0.029983077198266983,-0.021440140902996063,0.9995505213737488,0.0629783741509932,0.45915478467941284,-0.015074475668370724,1.7585852146148682,1.090334177017212
cifar10_dirichlet,cifar10,dirichlet,0,full_retrain,0.75,cifar10_dirichlet/seed0/full_retrain_alpha0.75,0.6549,0.5051111111111111,0.9381111111111111,0.43300000000000005,True,0.6617,0.5571111111111111,20,2,23.494979858398438,2.6876413822174072,0.24534712731838226,2.1446218490600586,0.9694370031356812,-0.5335904955863953,0.12281212955713272,6.9461493492126465,3.4073665142059326,10.97110652923584,0.6904799938201904,0.5262603759765625,8.361806869506836,0.8503234386444092,0.21803725553412107,-0.6502203345298767,0.03478555381298065,1.4890140295028687,7.401036739349365,11.507102012634277,1.137712836265564,0.27719539403915405,2.8036186695098877,0.9608137607574463,0.23986214561237315,-0.5358073711395264,0.14791110157966614,3.2267279624938965,3.5584704875946045,14.826272964477539,2.0945217609405518,0.1649247705936432,1.1673630475997925,0.9863072633743286,0.3982032238847951,-0.464409738779068,0.15874235332012177,5.703402042388916,2.6329431533813477,8.91274642944336,1.032246708869934,0.2995132803916931,2.5860936641693115,0.9540920853614807,0.14389737496871066,-0.5939904451370239,0.0356878899037838,1.7585852146148682,5.130715847015381
cifar10_dirichlet,cifar10,dirichlet,0,short_retrain,1.0,cifar10_dirichlet/seed0/short_retrain_alpha1.00,0.6715,0.8887777777777778,0.9381111111111111,0.04933333333333334,True,0.6656,0.024,20,2,1.821789026260376,2.9624927043914795,-0.030001431703567505,-0.01844806969165802,0.999548614025116,0.627433717250824,-0.09567923843860626,7.927247524261475,1.0472790002822876,0.5040934681892395,0.7707872986793518,-0.6658193469047546,-0.43544474244117737,0.7461128830909729,0.07656107837346925,0.9311034679412842,-0.007615143433213234,1.7685643434524536,1.0419132709503174,0.6766409277915955,1.27550208568573,-0.2282327264547348,-0.12107502669095993,0.9736064076423645,0.13794385456508726,0.7963086366653442,-0.17593368887901306,3.7405123710632324,1.0470784902572632,1.5204943418502808,2.2828855514526367,0.11609377712011337,0.07731901109218597,0.9932401180267334,0.6965790956097335,0.5171072483062744,-0.09690685570240021,6.449210166931152,1.0494186878204346,0.5432465672492981,1.1593704223632812,-0.17340154945850372,-0.08125083893537521,0.9848511815071106,0.08891600736837584,0.7770193815231323,0.018623754382133484,2.0325698852539062,1.0302807092666626
cifar10_dirichlet,cifar10,dirichlet,0,federaser,1.0,cifar10_dirichlet/seed0/federaser_alpha1.00,0.4713,0.0044444444444444444,0.9381111111111111,0.9336666666666666,True,0.6656,0.024,20,2,9.490156173706055,2.9624927043914795,0.4323085844516754,1.384771466255188,0.9017488360404968,-0.6902360916137695,0.4261752963066101,7.927247524261475,1.1886358261108398,3.6607320308685303,0.7707872986793518,0.7934829592704773,3.768522262573242,0.6085922718048096,0.1487841268289683,-0.881816029548645,0.23744237422943115,1.7685643434524536,2.0740015506744385,4.494182109832764,1.27550208568573,0.4968489110469818,1.7506262063980103,0.8678375482559204,0.22424483282596247,-0.7319954633712769,0.48061856627464294,3.7405123710632324,1.1351916790008545,6.697134494781494,2.2828855514526367,0.33924147486686707,0.9951544404029846,0.9407042264938354,0.49798659639624515,-0.5846366286277771,0.480351060628891,6.449210166931152,1.0396016836166382,3.4084622859954834,1.1593704223632812,0.47588050365448,1.3990534543991089,0.8795098662376404,0.12898453924233275,-0.7825035452842712,0.2450723499059677,2.0325698852539062,1.7292003631591797
cifar10_dirichlet,cifar10,dirichlet,0,grad_negation,1.0,cifar10_dirichlet/seed0/grad_negation_alpha1.00,0.6653,0.8143333333333334,0.9381111111111111,0.12377777777777776,True,0.6656,0.024,20,2,2.27614688873291,2.9624927043914795,-0.021476365625858307,-0.01649954542517662,0.9997679591178894,0.5077846646308899,-0.06876806169748306,7.927247524261475,1.0592131614685059,0.6312440633773804,0.7707872986793518,-0.5398741960525513,-0.4421355426311493,0.8417456150054932,0.07690758304089008,0.8260730504989624,0.014722080901265144,1.7685643434524536,1.0568281412124634,1.0747333765029907,1.27550208568573,-0.1848752498626709,-0.1557750701904297,0.9827613830566406,0.22293387937260215,0.514613926410675,-0.10926342755556107,3.7405123710632324,1.070206642150879,1.7984802722930908,2.2828855514526367,0.10056213289499283,0.07921960949897766,0.9949300289154053,0.6243094171802658,0.43722468614578247,-0.06940426677465439,6.449210166931152,1.0566350221633911,0.6268852353096008,1.1593704223632812,-0.05722001940011978,-0.030939549207687378,0.9983616471290588,0.075849137662472,0.6117925643920898,-0.01020906027406454,2.0325698852539062,1.0494858026504517
cifar10_dirichlet,cifar10,dirichlet,0,full_retrain,1.0,cifar10_dirichlet/seed0/full_retrain_alpha1.00,0.6616,0.028333333333333332,0.9381111111111111,0.9097777777777778,True,0.6656,0.024,20,2,23.67298698425293,2.9624927043914795,0.24368609488010406,1.9471288919448853,0.9698565006256104,-0.5171782374382019,0.1283833086490631,7.927247524261475,3.0250906944274902,11.050970077514648,0.7707872986793518,0.5121555328369141,7.342902660369873,0.8588927388191223,0.21790840584861887,-0.6440834999084473,0.003677477827295661,1.7685643434524536,6.324435710906982,11.563291549682617,1.27550208568573,0.2702784836292267,2.4502556324005127,0.9627823233604431,0.2385810614926572,-0.5210084319114685,0.15211525559425354,3.7405123710632324,3.1009750366210938,14.950858116149902,2.2828855514526367,0.16677281260490417,1.0921541452407837,0.9859961867332458,0.3988538097942084,-0.4481254816055298,0.1741560846567154,6.449210166931152,2.3594138622283936,9.003946304321289,1.1593704223632812,0.2920774519443512,2.268343448638916,0.9563945531845093,0.14465680454426944,-0.5671669840812683,0.03546327352523804,2.0325698852539062,4.5065765380859375
cifar10_dirichlet,cifar10,dirichlet,1,short_retrain,0.25,cifar10_dirichlet/seed1/short_retrain_alpha0.25,0.6717,0.9461111111111111,0.9451111111111111,-0.0010000000000000009,True,0.6666,0.9386666666666666,20,2,1.6076513528823853,0.7184087634086609,-0.017424099147319794,-0.038989610970020294,0.9998471140861511,0.6302939653396606,-0.0026085167191922665,3.1210646629333496,1.1260614395141602,0.4638339877128601,0.1121944859623909,-0.45205989480018616,-1.868903636932373,0.891987681388855,0.08323794768127252,0.9356030225753784,0.21967653930187225,0.3518963158130646,1.4691061973571777,0.6203966736793518,0.2364998757839203,-0.15372928977012634,-0.4032689034938812,0.9881126284599304,0.14891387768129097,0.8059259653091431,0.04586217924952507,0.9134913086891174,1.182771921157837,1.3190656900405884,0.6251788139343262,0.044797852635383606,0.09451459348201752,0.998995840549469,0.6731957612218957,0.4935782551765442,-0.020081283524632454,2.801516056060791,1.113818883895874,0.49461549520492554,0.23822271823883057,-0.09323586523532867,-0.19358311593532562,0.9956441521644592,0.0946524191807661,0.8217376470565796,-0.001521922298707068,0.9666435718536377,1.1240006685256958
cifar10_dirichlet,cifar10,dirichlet,1,federaser,0.25,cifar10_dirichlet/seed1/federaser_alpha0.25,0.4267,0.7892222222222223,0.9451111111111111,0.15588888888888885,True,0.6666,0.9386666666666666,20,2,8.830514907836914,0.7184087634086609,0.13291892409324646,1.6337273120880127,0.9911279082298279,-0.8458740711212158,0.07528378069400787,3.1210646629333496,2.9290010929107666,3.4494168758392334,0.1121944859623909,0.45290184020996094,13.924452781677246,0.8915604948997498,0.1525786707642409,-0.9496079683303833,-0.19335819780826569,0.3518963158130646,10.043761253356934,4.028310775756836,0.2364998757839203,0.19532530009746552,3.326979398727417,0.9807378649711609,0.20808873050987875,-0.8716767430305481,-0.015023154206573963,0.9134913086891174,4.536384105682373,6.268028259277344,0.6251788139343262,0.08961965888738632,0.8984822034835815,0.995974063873291,0.5038256266404417,-0.7683042287826538,0.13164982199668884,2.801516056060791,2.3273849487304688,3.250720500946045,0.23822271823883057,0.16874955594539642,2.302708864212036,0.9856590628623962,0.13550702100274212,-0.9533944725990295,0.01689409837126732,0.9666435718536377,3.492196798324585
cifar10_dirichlet,cifar10,dirichlet,1,grad_negation,0.25,cifar10_dirichlet/seed1/grad_negation_alpha0.25,0.6605,0.9448888888888889,0.9451111111111111,0.00022222222222223476,True,0.6666,0.9386666666666666,20,2,2.535592555999756,0.7184087634086609,-0.05224047601222992,-0.18437129259109497,0.9986358284950256,0.41273754835128784,-0.017013095319271088,3.1210646629333496,1.299106478691101,0.8549312949180603,0.1121944859623909,-0.3602153956890106,-2.74487042427063,0.9328691363334656,0.11367751688523735,0.5750375390052795,0.09433480352163315,0.3518963158130646,2.538520574569702,1.31878662109375,0.2364998757839203,-0.16096623241901398,-0.897589921951294,0.9869598746299744,0.27049641470522623,0.40756461024284363,-0.00042453291825950146,0.9134913086891174,1.7565388679504395,1.8544481992721558,0.6251788139343262,-0.011343724094331264,-0.03364694118499756,0.9999376535415649,0.534880459520521,0.35822564363479614,-0.03281180560588837,2.801516056060791,1.2172133922576904,0.7214240431785583,0.23822271823883057,0.015979450196027756,0.04839150980114937,0.9998722672462463,0.08094561815928368,0.49447011947631836,0.011414103209972382,0.9666435718536377,1.2409489154815674
cifar10_dirichlet,cifar10,dirichlet,1,full_retrain,0.25,cifar10_dirichlet/seed1/full_retrain_alpha0.25,0.6627,0.9442222222222222,0.9451111111111111,0.000888888888888939,True,0.6666,0.9386666666666666,20,2,23.249420166015625,0.7184087634086609,0.09604186564683914,3.1079888343811035,0.9953783750534058,-0.577366292476654,0.029663164168596268,3.1210646629333496,7.486568927764893,10.000696182250977,0.1121944859623909,0.3121821880340576,27.82701873779297,0.9500221014022827,0.18501870140885526,-0.5931646227836609,-0.15315476059913635,0.3518963158130646,28.58967399597168,11.620759010314941,0.2364998757839203,0.12425904721021652,6.105639457702637,0.9922504425048828,0.24981860886719798,-0.5745965838432312,-0.007720572408288717,0.9134913086891174,12.768205642700195,14.970417976379395,0.6251788139343262,0.06890226900577545,1.6498433351516724,0.997626006603241,0.41460367420639543,-0.5367386341094971,0.06776004284620285,2.801516056060791,5.369446754455566,9.021438598632812,0.23822271823883057,0.12447033822536469,4.7136616706848145,0.9922233819961548,0.15055904374524082,-0.6762333512306213,-0.007850442081689835,0.9666435718536377,9.393969535827637
cifar10_dirichlet,cifar10,dirichlet,1,short_retrain,0.5,cifar10_dirichlet/seed1/short_retrain_alpha0.50,0.6721,0.9301111111111111,0.9451111111111111,0.015000000000000013,True,0.6652,0.8002222222222222,20,2,1.6482399702072144,2.970113515853882,-0.018207654356956482,-0.010103609412908554,0.999833881855011,0.6271898746490479,-0.1276816725730896,6.419188022613525,1.063716173171997,0.42784056067466736,0.7991358637809753,-0.7573907971382141,-0.40549105405807495,0.6529618501663208,0.06737573995263776,0.9113662242889404,-0.3287796080112457,1.3445290327072144,1.1447696685791016,0.604781448841095,1.1345252990722656,-0.3472501039505005,-0.18510854244232178,0.9377719163894653,0.13462844515936817,0.7803197503089905,-0.26482510566711426,2.769681930541992,1.0785797834396362,1.396234154701233,2.416269063949585,0.16659903526306152,0.09626444429159164,0.986027181148529,0.7175773826683358,0.5368431210517883,-0.07879649847745895,5.386014938354492,1.0526416301727295,0.4674208164215088,1.028442144393921,-0.32029369473457336,-0.14557160437107086,0.947318434715271,0.08041847609795566,0.7841818332672119,-0.16299667954444885,1.648991346359253,1.0829378366470337
cifar10_dirichlet,cifar10,dirichlet,1,federaser,0.5,cifar10_dirichlet/seed1/federaser_alpha0.50,0.4473,0.05511111111111111,0.9451111111111111,0.89,True,0.6652,0.8002222222222222,20,2,9.779146194458008,2.970113515853882,0.5340241193771362,1.758182406425476,0.8454973101615906,-0.7237908840179443,0.4772462546825409,6.419188022613525,1.3663185834884644,3.794031858444214,0.7991358637809753,0.8603795766830444,4.084795951843262,0.5096540451049805,0.150511480658398,-0.9027727842330933,0.4559706747531891,1.3445290327072144,2.5277225971221924,4.555610179901123,1.1345252990722656,0.609178364276886,2.4461135864257812,0.7930334210395813,0.2170006456853239,-0.806593120098114,0.4991767108440399,2.769681930541992,1.436421513557434,6.920558929443359,2.416269063949585,0.44503745436668396,1.274596929550171,0.8955188989639282,0.5008020410484832,-0.5985603332519531,0.515820324420929,5.386014938354492,1.151292324066162,3.5488338470458984,1.028442144393921,0.6334105134010315,2.1857028007507324,0.7738161087036133,0.131685842579461,-0.8403364419937134,0.36013907194137573,1.648991346359253,2.0202748775482178
cifar10_dirichlet,cifar10,dirichlet,1,grad_negation,0.5,cifar10_dirichlet/seed1/grad_negation_alpha0.50,0.6622,0.9152222222222223,0.9451111111111111,0.029888888888888854,True,0.6652,0.8002222222222222,20,2,2.6543431282043457,2.970113515853882,-0.020024921745061874,-0.017894931137561798,0.9997993111610413,0.38932424783706665,-0.05610805004835129,6.419188022613525,1.10335111618042,1.0507659912109375,0.7991358637809753,-0.2996816635131836,-0.3940446972846985,0.9540392756462097,0.15669884986156543,0.384172648191452,-0.1288282871246338,1.3445290327072144,1.346151351928711,1.3405206203460693,1.1345252990722656,-0.1459396779537201,-0.17243780195713043,0.9892932772636414,0.255035510063982,0.3838290870189667,-0.10483197867870331,2.769681930541992,1.1557382345199585,1.936060905456543,2.416269063949585,0.09837033599615097,0.07881670445203781,0.9951502084732056,0.5319952633396893,0.38315364718437195,-0.028106672689318657,5.386014938354492,1.0721088647842407,0.6296701431274414,1.028442144393921,-0.2230677455663681,-0.1365746408700943,0.9748032093048096,0.05627040211262954,0.4960844814777374,-0.08831046521663666,1.648991346359253,1.1014779806137085
cifar10_dirichlet,cifar10,dirichlet,1,full_retrain,0.5,cifar10_dirichlet/seed1/full_retrain_alpha0.50,0.6627,0.7767777777777778,0.9451111111111111,0.16833333333333333,True,0.6652,0.8002222222222222,20,2,22.81572914123535,2.970113515853882,0.3137904703617096,2.4103283882141113,0.9495001435279846,-0.5251801013946533,0.19121280312538147,6.419188022613525,3.503419876098633,9.867547988891602,0.7991358637809753,0.5352806448936462,6.609522342681885,0.8446741700172424,0.18703671266360145,-0.5963265299797058,0.18012993037700653,1.3445290327072144,7.22616720199585,11.378530502319336,1.1345252990722656,0.39137062430381775,3.9251837730407715,0.9202329516410828,0.24870281890676615,-0.5471144318580627,0.1876305341720581,2.769681930541992,4.041781425476074,14.691164016723633,2.416269063949585,0.2374555617570877,1.443689227104187,0.9714016318321228,0.41460230331714437,-0.4507952630519867,0.21494098007678986,5.386014938354492,2.6958401203155518,8.826655387878418,1.028442144393921,0.39235720038414,3.3674254417419434,0.919812798500061,0.14965828235589848,-0.6431041955947876,0.1851004809141159,1.648991346359253,5.260270595550537
cifar10_dirichlet,cifar10,dirichlet,1,short_retrain,0.75,cifar10_dirichlet/seed1/short_retrain_alpha0.75,0.6752,0.9116666666666666,0.9451111111111111,0.0334444444444445,True,0.6599,0.596,20,2,1.7188066244125366,3.0738606452941895,-0.022911682724952698,-0.012810721062123775,0.9997388124465942,0.6253716349601746,-0.12159492820501328,7.061214447021484,1.0575685501098633,0.44163063168525696,0.867417573928833,-0.7393742799758911,-0.37643957138061523,0.6732946038246155,0.06601519811733535,0.9077573418617249,-0.2744678556919098,1.5099005699157715,1.1162923574447632,0.6284567713737488,1.236072063446045,-0.31389325857162476,-0.15959259867668152,0.9494587182998657,0.1336831931088612,0.7806827425956726,-0.24142305552959442,3.1025230884552,1.0671640634536743,1.4595845937728882,2.4670863151550293,0.16196639835834503,0.09581907838582993,0.9867990612983704,0.721105040608312,0.5370543599128723,-0.08278355747461319,5.88040018081665,1.0500977039337158,0.48371607065200806,1.0402573347091675,-0.3521599769592285,-0.1637531965970993,0.9359400272369385,0.079196628689396,0.7794995903968811,-0.12543213367462158,1.8378195762634277,1.0655059814453125
cifar10_dirichlet,cifar10,dirichlet,1,federaser,0.75,cifar10_dirichlet/seed1/federaser_alpha0.75,0.432,0.2773333333333333,0.9451111111111111,0.6677777777777778,True,0.6599,0.596,20,2,9.854907989501953,3.0738606452941895,0.5512363314628601,1.7671767473220825,0.8343803286552429,-0.7065096497535706,0.4873943626880646,7.061214447021484,1.2599408626556396,3.799138069152832,0.867417573928833,0.8538426160812378,3.7396819591522217,0.5205313563346863,0.1486052877217576,-0.8866707682609558,0.42997100949287415,1.5099005699157715,2.2731635570526123,4.613156795501709,1.236072063446045,0.6091160774230957,2.2732837200164795,0.7930817008018494,0.21910927220439147,-0.7843188047409058,0.5089830160140991,3.1025230884552,1.3027924299240112,6.976370811462402,2.4670863151550293,0.4579140245914459,1.2948256731033325,0.8890049457550049,0.5011158625132958,-0.5806339979171753,0.5317578315734863,5.88040018081665,1.0704195499420166,3.56931209564209,1.0402573347091675,0.6813903450965881,2.3379745483398438,0.7319203019142151,0.1311695775605551,-0.8370158076286316,0.35833966732025146,1.8378195762634277,1.838486671447754
cifar10_dirichlet,cifar10,dirichlet,1,grad_negation,0.75,cifar10_dirichlet/seed1/grad_negation_alpha0.75,0.6608,0.8961111111111111,0.9451111111111111,0.049000000000000044,True,0.6599,0.596,20,2,2.3689424991607666,3.0738606452941895,-0.01801876351237297,-0.01388574205338955,0.9998396039009094,0.4621005356311798,-0.0611894316971302,7.061214447021484,1.0740605592727661,0.8857741951942444,0.867417573928833,-0.3894404470920563,-0.3976818919181824,0.9210517406463623,0.13979894828172448,0.47973334789276123,-0.1306803971529007,1.5099005699157715,1.2237144708633423,1.1839921474456787,1.236072063446045,-0.16762281954288483,-0.1605599969625473,0.9858506321907043,0.24977879982144255,0.4391942024230957,-0.09824839234352112,3.1025230884552,1.1048179864883423,1.7627142667770386,2.4670863151550293,0.12777186930179596,0.091288261115551,0.991805374622345,0.5536544036720165,0.4522918164730072,-0.039875563234090805,5.88040018081665,1.0553470849990845,0.5644463896751404,1.0402573347091675,-0.24238692224025726,-0.13151979446411133,0.9701797366142273,0.0567679438077629,0.6055237650871277,-0.07186204940080643,1.8378195762634277,1.066990852355957
cifar10_dirichlet,cifar10,dirichlet,1,full_retrain,0.75,cifar10_dirichlet/seed1/full_retrain_alpha0.75,0.6623,0.5696666666666667,0.9451111111111111,0.37544444444444447,True,0.6599,0.596,20,2,22.943029403686523,3.0738606452941895,0.32260942459106445,2.407783269882202,0.9465399384498596,-0.5179222822189331,0.18506252765655518,7.061214447021484,3.2178406715393066,9.953507423400879,0.867417573928833,0.5333200693130493,6.11978006362915,0.845913827419281,0.18820414174014954,-0.5908604264259338,0.15710318088531494,1.5099005699157715,6.510398864746094,11.426691055297852,1.236072063446045,0.38227665424346924,3.5338947772979736,0.9240480065345764,0.24803760926197413,-0.5367298722267151,0.17763715982437134,3.1025230884552,3.6409106254577637,14.776561737060547,2.4670863151550293,0.24268995225429535,1.453526496887207,0.9701011776924133,0.4147935738863012,-0.4446113407611847,0.2144937515258789,5.88040018081665,2.497291088104248,8.855302810668945,1.0402573347091675,0.423410028219223,3.6043238639831543,0.9059380888938904,0.14896476207128284,-0.6391671299934387,0.1649685949087143,1.8378195762634277,4.756781101226807
cifar10_dirichlet,cifar10,dirichlet,1,short_retrain,1.0,cifar10_dirichlet/seed1/short_retrain_alpha1.00,0.6685,0.9013333333333333,0.9451111111111111,0.043777777777777804,True,0.6568,0.03211111111111111,20,2,1.7914382219314575,3.3507301807403564,-0.021689362823963165,-0.011595292948186398,0.9997643232345581,0.6221520304679871,-0.09558693319559097,7.842769622802734,1.0468257665634155,0.4550611972808838,0.9556391835212708,-0.7522243857383728,-0.3581980764865875,0.658906877040863,0.06452330588821818,0.9049435257911682,-0.21010440587997437,1.7177845239639282,1.0869663953781128,0.6441605687141418,1.3665465116500854,-0.3159172236919403,-0.1489163637161255,0.9487870335578918,0.12929029417875967,0.777570366859436,-0.22922790050506592,3.5213143825531006,1.0570389032363892,1.5280877351760864,2.6510651111602783,0.1666560173034668,0.09605711698532104,0.9860173463821411,0.7275983237414224,0.5382364988327026,-0.05695325881242752,6.46939754486084,1.040528655052185,0.5022154450416565,1.1911944150924683,-0.3344990909099579,-0.14102710783481598,0.9423959255218506,0.07858816905129117,0.7666818499565125,-0.09187713265419006,2.0752856731414795,1.0502530336380005
cifar10_dirichlet,cifar10,dirichlet,1,federaser,1.0,cifar10_dirichlet/seed1/federaser_alpha1.00,0.4339,0.074,0.9451111111111111,0.8711111111111112,True,0.6568,0.03211111111111111,20,2,9.914673805236816,3.3507301807403564,0.5704336166381836,1.6877832412719727,0.8213745355606079,-0.6638585329055786,0.48894569277763367,7.842769622802734,1.1670397520065308,3.756448268890381,0.9556391835212708,0.8625989556312561,3.390723705291748,0.5058882832527161,0.1435391801753503,-0.8713682293891907,0.38683438301086426,1.7177845239639282,2.0224311351776123,4.6386942863464355,1.3665465116500854,0.6257926225662231,2.1242282390594482,0.7799898386001587,0.21888075955127753,-0.7504841685295105,0.5207105875015259,3.5213143825531006,1.167667269706726,7.056199550628662,2.6510651111602783,0.48093512654304504,1.280022382736206,0.876767635345459,0.5064952350323144,-0.5316085815429688,0.534810483455658,6.46939754486084,1.011451005935669,3.58978533744812,1.1911944150924683,0.6759746074676514,2.037119150161743,0.7369248867034912,0.13108490284892263,-0.7887873649597168,0.349583238363266,2.0752856731414795,1.668152093887329
cifar10_dirichlet,cifar10,dirichlet,1,grad_negation,1.0,cifar10_dirichlet/seed1/grad_negation_alpha1.00,0.6651,0.8664444444444445,0.9451111111111111,0.07866666666666666,True,0.6568,0.03211111111111111,20,2,1.9940199851989746,3.3507301807403564,-0.012968393042683601,-0.007717004977166653,0.9999188184738159,0.5760108232498169,-0.06532921642065048,7.842769622802734,1.047790765762329,0.5359245538711548,0.9556391835212708,-0.732283890247345,-0.41066640615463257,0.6809993982315063,0.07223158577205181,0.8553313612937927,-0.16809143126010895,1.7177845239639282,1.096457600593567,0.8701326251029968,1.3665465116500854,-0.2110011726617813,-0.13435235619544983,0.9774858951568604,0.19041050312777108,0.614814817905426,-0.13467925786972046,3.5213143825531006,1.0618953704833984,1.6319973468780518,2.6510651111602783,0.15876150131225586,0.09772932529449463,0.9873195290565491,0.6698442743012873,0.513134241104126,-0.03445133939385414,6.46939754486084,1.039719820022583,0.518126904964447,1.1911944150924683,-0.23914481699466705,-0.10401948541402817,0.9709840416908264,0.06751374172847568,0.6866618394851685,-0.08418156206607819,2.0752856731414795,1.0508888959884644
cifar10_dirichlet,cifar10,dirichlet,1,full_retrain,1.0,cifar10_dirichlet/seed1/full_retrain_alpha1.00,0.6571,0.042333333333333334,0.9451111111111111,0.9027777777777778,True,0.6568,0.03211111111111111,20,2,23.10543441772461,3.3507301807403564,0.3281545042991638,2.262692928314209,0.9446285963058472,-0.49888208508491516,0.17617592215538025,7.842769622802734,2.939619779586792,10.022909164428711,0.9556391835212708,0.5313341021537781,5.572723865509033,0.8471623063087463,0.18816582378289257,-0.5822268724441528,0.11432784050703049,1.7177845239639282,5.806082725524902,11.494674682617188,1.3665465116500854,0.38252514600753784,3.217597246170044,0.9239452481269836,0.2474836098099576,-0.5219513773918152,0.16960258781909943,3.5213143825531006,3.247840166091919,14.877714157104492,2.6510651111602783,0.24890491366386414,1.3967862129211426,0.9685267210006714,0.41460650110956104,-0.4238887429237366,0.21345020830631256,6.46939754486084,2.303680896759033,8.941251754760742,1.1911944150924683,0.4216138422489166,3.164687156677246,0.9067754149436951,0.14974412245904467,-0.6122680306434631,0.13726773858070374,2.0752856731414795,4.287174224853516
cifar10_dirichlet,cifar10,dirichlet,2,short_retrain,0.25,cifar10_dirichlet/seed2/short_retrain_alpha0.25,0.6713,0.9173333333333333,0.9214444444444444,0.004111111111111065,True,0.6618,0.8814444444444445,20,2,1.5967484712600708,1.0118931531906128,-0.04566211998462677,-0.0720503032207489,0.9989577531814575,0.6353790760040283,-0.008313490077853203,3.0445871353149414,1.1330358982086182,0.4622957706451416,0.1871607005596161,-0.5787752270698547,-1.4296025037765503,0.8154870867729187,0.08382011038987391,0.9441177845001221,0.1231796145439148,0.43420693278312683,1.3679430484771729,0.6217747330665588,0.38739556074142456,-0.1888333112001419,-0.3030794858932495,0.982009768486023,0.15162649362584366,0.8161351084709167,0.04404187202453613,1.007333755493164,1.1517927646636963,1.304661512374878,0.8396575450897217,0.04717142507433891,0.07329220324754715,0.9988862872123718,0.6676019175862082,0.4979388415813446,-0.025588704273104668,2.6984336376190186,1.121830701828003,0.4971907436847687,0.36581844091415405,-0.1643397957086563,-0.22335737943649292,0.9864035844802856,0.09695147255382738,0.8045803308486938,-0.005994843319058418,0.8858936429023743,1.149655818939209
cifar10_dirichlet,cifar10,dirichlet,2,federaser,0.25,cifar10_dirichlet/seed2/federaser_alpha0.25,0.4697,0.2408888888888889,0.9214444444444444,0.6805555555555555,True,0.6618,0.8814444444444445,20,2,8.749213218688965,1.0118931531906128,0.20479051768779755,1.770606517791748,0.9788095355033875,-0.8444049954414368,0.11460096389055252,3.0445871353149414,2.9324843883514404,3.4689934253692627,0.1871607005596161,0.6115893721580505,11.335713386535645,0.7911752462387085,0.15719653537798256,-0.9541540145874023,-0.0391203835606575,0.43420693278312683,8.090328216552734,4.053693771362305,0.38739556074142456,0.2512153089046478,2.6287052631378174,0.9679311513900757,0.2146536847985274,-0.8678731918334961,0.053890205919742584,1.007333755493164,4.093935012817383,6.104264736175537,0.8396575450897217,0.13361279666423798,0.9713200330734253,0.991038978099823,0.48676848055036903,-0.7600495219230652,0.1631453037261963,2.6984336376190186,2.319324493408203,3.2898645401000977,0.36581844091415405,0.2797272205352783,2.5156328678131104,0.9600794315338135,0.1413813366460717,-0.9521051049232483,0.07008419185876846,0.8858936429023743,3.7776153087615967
cifar10_dirichlet,cifar10,dirichlet,2,grad_negation,0.25,cifar10_dirichlet/seed2/grad_negation_alpha0.25,0.6547,0.9106666666666666,0.9214444444444444,0.010777777777777775,True,0.6618,0.8814444444444445,20,2,3.474165916442871,1.0118931531906128,-0.060467906296253204,-0.20759586989879608,0.9981686472892761,0.2906273603439331,0.008758007548749447,3.0445871353149414,1.510672926902771,1.1427775621414185,0.1871607005596161,-0.39533036947250366,-2.4138333797454834,0.9185390472412109,0.10818859298899032,0.46906909346580505,0.07719827443361282,0.43420693278312683,2.742335081100464,2.0196471214294434,0.38739556074142456,-0.13002020120620728,-0.6778462529182434,0.9915110468864441,0.3379163331640242,0.2642516493797302,0.012411147356033325,1.007333755493164,2.229356527328491,2.4269421100616455,0.8396575450897217,-0.0055295261554419994,-0.015981893986463547,0.9999839067459106,0.4879731658855772,0.25849026441574097,0.004229572135955095,2.6984336376190186,1.3421251773834229,0.8920443058013916,0.36581844091415405,-0.04603784531354904,-0.11226281523704529,0.9989396929740906,0.06592210053770463,0.31022968888282776,0.0017485495191067457,0.8858936429023743,1.417890191078186
cifar10_dirichlet,cifar10,dirichlet,2,full_retrain,0.25,cifar10_dirichlet/seed2/full_retrain_alpha0.25,0.6623,0.8617777777777778,0.9214444444444444,0.059666666666666646,True,0.6618,0.8814444444444445,20,2,22.595012664794922,1.0118931531906128,0.13301242887973785,2.969942331314087,0.991115391254425,-0.5754205584526062,0.030598873272538185,3.0445871353149414,7.458052635192871,9.98243236541748,0.1871607005596161,0.3742729723453522,19.9622859954834,0.9273185133934021,0.19517620568184305,-0.606259822845459,-0.10384036600589752,0.43420693278312683,23.11528205871582,11.22789192199707,0.38739556074142456,0.1577070653438568,4.570821285247803,0.987485945224762,0.24691679506878483,-0.5760496258735657,-0.009946420788764954,1.007333755493164,11.200818061828613,14.507979393005371,0.8396575450897217,0.08597584813833237,1.485471487045288,0.9962961077690125,0.41226694402879044,-0.5228502750396729,0.06603839993476868,2.6984336376190186,5.403343200683594,8.623098373413086,0.36581844091415405,0.1929304152727127,4.5477705001831055,0.9812121987342834,0.14564004027736052,-0.6810331344604492,0.010764761827886105,0.8858936429023743,9.77430248260498
cifar10_dirichlet,cifar10,dirichlet,2,short_retrain,0.5,cifar10_dirichlet/seed2/short_retrain_alpha0.50,0.67,0.8991111111111111,0.9214444444444444,0.022333333333333316,True,0.667,0.832,20,2,1.6393827199935913,1.2602978944778442,-0.047978293150663376,-0.06240610033273697,0.9988480806350708,0.6374083161354065,0.041663333773612976,3.3503684997558594,1.094831109046936,0.4735814034938812,0.2577091157436371,-0.5761712193489075,-1.05880606174469,0.8173290491104126,0.08344662185999266,0.941145122051239,0.21556010842323303,0.5176601409912109,1.2010579109191895,0.6373555064201355,0.5244531035423279,-0.1796051412820816,-0.21826991438865662,0.9837392568588257,0.15114131320409796,0.8161823749542236,0.09958537667989731,1.107460856437683,1.102990746498108,1.3402795791625977,1.0206718444824219,0.05116318538784981,0.06718147546052933,0.9986910820007324,0.6683814093167378,0.5033855438232422,0.021011268720030785,2.948064088821411,1.0897585153579712,0.5106751918792725,0.4529505968093872,-0.1675843596458435,-0.18894149363040924,0.9858578443527222,0.09703065007496214,0.8030927777290344,0.04355621337890625,1.0196244716644287,1.0987341403961182
cifar10_dirichlet,cifar10,dirichlet,2,federaser,0.5,cifar10_dirichlet/seed2/federaser_alpha0.50,0.5082,0.24333333333333335,0.9214444444444444,0.6781111111111111,True,0.667,0.832,20,2,8.666805267333984,1.2602978944778442,0.23998647928237915,1.6502422094345093,0.97077876329422,-0.83156818151474,0.09791925549507141,3.3503684997558594,2.680483818054199,3.4448277950286865,0.2577091157436371,0.6262458562850952,8.371100425720215,0.779625654220581,0.15797661699248158,-0.9494131803512573,-0.11554959416389465,0.5176601409912109,6.842641830444336,4.0155839920043945,0.5244531035423279,0.2743310034275055,2.1004722118377686,0.9616355895996094,0.2146621283640528,-0.8527762293815613,0.024620486423373222,1.107460856437683,3.7374961376190186,6.042929172515869,1.0206718444824219,0.1657305359840393,0.9811753034591675,0.9861708283424377,0.4861482912808221,-0.7433319091796875,0.15595810115337372,2.948064088821411,2.135953903198242,3.2569305896759033,0.4529505968093872,0.31548845767974854,2.268512010574341,0.9489293694496155,0.14121302684132614,-0.9445050954818726,0.04862009733915329,1.0196244716644287,3.3003926277160645
cifar10_dirichlet,cifar10,dirichlet,2,grad_negation,0.5,cifar10_dirichlet/seed2/grad_negation_alpha0.50,0.6652,0.8963333333333333,0.9214444444444444,0.025111111111111084,True,0.667,0.832,20,2,2.005817174911499,1.2602978944778442,-0.057727936655282974,-0.09187117218971252,0.9983312487602234,0.5424507260322571,0.04797760024666786,3.3503684997558594,1.1406086683273315,0.6465352177619934,0.2577091157436371,-0.5207172632217407,-1.3063644170761108,0.853729248046875,0.1038916053065399,0.7730358242988586,0.1886640191078186,0.5176601409912109,1.4452083110809326,0.9584104418754578,0.5244531035423279,-0.1526167392730713,-0.27889904379844666,0.9882853627204895,0.22829652910858048,0.5909814238548279,0.0884285718202591,1.107460856437683,1.263283610343933,1.5435304641723633,1.0206718444824219,0.02077883668243885,0.03142194077372551,0.999785304069519,0.5921661695044614,0.4519331753253937,0.028102532029151917,2.948064088821411,1.1156628131866455,0.5516892671585083,0.4529505968093872,-0.060809019953012466,-0.07406476140022278,0.9981493949890137,0.07564584422171894,0.6585166454315186,0.06673669070005417,1.0196244716644287,1.1047801971435547
cifar10_dirichlet,cifar10,dirichlet,2,full_retrain,0.5,cifar10_dirichlet/seed2/full_retrain_alpha0.50,0.6601,0.8194444444444444,0.9214444444444444,0.10199999999999998,True,0.667,0.832,20,2,22.689023971557617,1.2602978944778442,0.14691506326198578,2.6447465419769287,0.9891488552093506,-0.5673325061798096,0.01784680411219597,3.3503684997558594,6.8278703689575195,10.008270263671875,0.2577091157436371,0.36760851740837097,14.276270866394043,0.9299805760383606,0.19456529032967876,-0.5993468165397644,-0.1379418522119522,0.5176601409912109,19.49678611755371,11.265509605407715,0.5244531035423279,0.1630638986825943,3.502692461013794,0.9866159558296204,0.24651848257376976,-0.5684710144996643,-0.03353666514158249,1.107460856437683,10.254737854003906,14.583733558654785,1.0206718444824219,0.09892882406711578,1.4134749174118042,0.9950966835021973,0.41313761773310337,-0.514552891254425,0.05602268874645233,2.948064088821411,4.991724014282227,8.663097381591797,0.4529505968093872,0.20817936956882477,3.9816219806671143,0.9780907034873962,0.1457786093634481,-0.6725174188613892,0.009180641733109951,1.0196244716644287,8.545884132385254
cifar10_dirichlet,cifar10,dirichlet,2,short_retrain,0.75,cifar10_dirichlet/seed2/short_retrain_alpha0.75,0.6707,0.8807777777777778,0.9214444444444444,0.04066666666666663,True,0.664,0.6666666666666666,20,2,1.7046504020690918,1.6609598398208618,-0.047557760030031204,-0.04880589619278908,0.9988654255867004,0.63289475440979,0.08387387543916702,4.049483776092529,1.051944613456726,0.4883463978767395,0.36986827850341797,-0.5959823131561279,-0.7868903875350952,0.8029974102973938,0.0820667536369672,0.9415584206581116,0.20926810801029205,0.8002015352249146,1.0568900108337402,0.6570838689804077,0.7077270150184631,-0.18193890154361725,-0.16891968250274658,0.9833102226257324,0.14857757367383487,0.8121607899665833,0.09419484436511993,1.5740514993667603,1.0467185974121094,1.3983606100082397,1.3224211931228638,0.06029122322797775,0.06375021487474442,0.9981822371482849,0.6729190466516995,0.5009575486183167,0.06467552483081818,3.4701409339904785,1.053690791130066,0.5293772220611572,0.6102311611175537,-0.16681401431560516,-0.14471164345741272,0.9859886169433594,0.09643663116530303,0.7958431243896484,0.14586248993873596,1.112951397895813,1.042825698852539
cifar10_dirichlet,cifar10,dirichlet,2,federaser,0.75,cifar10_dirichlet/seed2/federaser_alpha0.75,0.4368,0.39855555555555555,0.9214444444444444,0.5228888888888888,True,0.664,0.6666666666666666,20,2,8.740684509277344,1.6609598398208618,0.2883860170841217,1.5175228118896484,0.9575179815292358,-0.8052917718887329,0.11324428021907806,4.049483776092529,2.2737884521484375,3.424915075302124,0.36986827850341797,0.6750766634941101,6.251091003417969,0.7377474904060364,0.15352695189466206,-0.9377022981643677,-0.0516522116959095,0.8002015352249146,4.445347309112549,4.0565009117126465,0.7077270150184631,0.3315824568271637,1.9005399942398071,0.9434266686439514,0.21537175774320133,-0.8290804624557495,0.09000328183174133,1.5740514993667603,2.679103374481201,6.118897914886475,1.3224211931228638,0.20722059905529022,0.9587701559066772,0.978294849395752,0.49005711576472194,-0.7099633812904358,0.16834400594234467,3.4701409339904785,1.8749812841415405,3.2827301025390625,0.6102311611175537,0.35087624192237854,1.8875340223312378,0.936421811580658,0.14104424948958488,-0.9265044331550598,0.00018167513189837337,1.112951397895813,3.1143057346343994
cifar10_dirichlet,cifar10,dirichlet,2,grad_negation,0.75,cifar10_dirichlet/seed2/grad_negation_alpha0.75,0.6677,0.8651111111111112,0.9214444444444444,0.056333333333333235,True,0.664,0.6666666666666666,20,2,1.8296629190444946,1.6609598398208618,-0.036560412496328354,-0.040271494537591934,0.9993341565132141,0.6232773661613464,0.08721879869699478,4.049483776092529,1.0608173608779907,0.5506853461265564,0.36986827850341797,-0.6193976998329163,-0.9222018122673035,0.7850773930549622,0.09058198491426644,0.9183369874954224,0.19306540489196777,0.8002015352249146,1.0990301370620728,0.7851355075836182,0.7077270150184631,-0.16052627563476562,-0.1780838966369629,0.9870317578315735,0.18412999089295476,0.7418689727783203,0.10036373883485794,1.5740514993667603,1.0717641115188599,1.4548088312149048,1.3224211931228638,0.07234025746583939,0.07957824319601059,0.9973758459091187,0.6322045572828018,0.5137898921966553,0.07035605609416962,3.4701409339904785,1.0567755699157715,0.5582371354103088,0.6102311611175537,-0.10251578688621521,-0.09378105401992798,0.9947313666343689,0.09308338679247702,0.6950235366821289,0.13186371326446533,1.112951397895813,1.0579715967178345
cifar10_dirichlet,cifar10,dirichlet,2,full_retrain,0.75,cifar10_dirichlet/seed2/full_retrain_alpha0.75,0.6629,0.6413333333333333,0.9214444444444444,0.2801111111111111,True,0.664,0.6666666666666666,20,2,22.771696090698242,1.6609598398208618,0.1641211360692978,2.2499635219573975,0.9864426851272583,-0.5550162196159363,0.0064923414029181,4.049483776092529,5.705193996429443,10.002276420593262,0.36986827850341797,0.37792667746543884,10.220197677612305,0.9258356094360352,0.1929234132844716,-0.5931847095489502,-0.1301335096359253,0.8002015352249146,12.668686866760254,11.315783500671387,0.7077270150184631,0.1814812272787094,2.9016849994659424,0.9833946824073792,0.24692032678480044,-0.5586633086204529,-0.023637736216187477,1.5740514993667603,7.281550884246826,14.661041259765625,1.3224211931228638,0.11127114295959473,1.2335470914840698,0.9937897324562073,0.41450272917001124,-0.4996477961540222,0.05104631558060646,3.4701409339904785,4.291686534881592,8.690947532653809,0.6102311611175537,0.22601377964019775,3.2189013957977295,0.9741241335868835,0.14565367788261227,-0.659237802028656,-0.05538846179842949,1.112951397895813,7.927436828613281
cifar10_dirichlet,cifar10,dirichlet,2,short_retrain,1.0,cifar10_dirichlet/seed2/short_retrain_alpha1.00,0.6651,0.8625555555555555,0.9214444444444444,0.05888888888888888,True,0.6639,0.043111111111111114,20,2,1.7818195819854736,2.2696213722229004,-0.024560067802667618,-0.019280187785625458,0.9996994137763977,0.6365221738815308,0.027141716331243515,5.9003005027771,1.0367261171340942,0.5077009201049805,0.5438026785850525,-0.5858902931213379,-0.5469943881034851,0.8103905320167542,0.08118385237689527,0.9348284006118774,0.12119729816913605,1.3158878087997437,1.027296781539917,0.6884083151817322,0.9927027225494385,-0.15785890817642212,-0.10947012156248093,0.9874618649482727,0.14926104945305224,0.8019931316375732,-0.010694188997149467,2.591517686843872,1.03742253780365,1.4658749103546143,1.7853212356567383,0.09682413190603256,0.07949528843164444,0.9953065514564514,0.6768046903077376,0.5150676965713501,0.016591228544712067,4.891323566436768,1.0391669273376465,0.5426641702651978,0.826317548751831,-0.18527624011039734,-0.12167572230100632,0.9826864004135132,0.09275044540832564,0.7953807711601257,0.12322928756475449,1.562645673751831,1.0173543691635132
cifar10_dirichlet,cifar10,dirichlet,2,federaser,1.0,cifar10_dirichlet/seed2/federaser_alpha1.00,0.4357,0.24655555555555556,0.9214444444444444,0.6748888888888889,True,0.6639,0.043111111111111114,20,2,8.859358787536621,2.2696213722229004,0.36944788694381714,1.4420270919799805,0.9292641878128052,-0.7421521544456482,0.24708202481269836,5.9003005027771,1.5851067304611206,3.420203924179077,0.5438026785850525,0.713773787021637,4.489223003387451,0.7003763914108276,0.14902970761079715,-0.9112095832824707,0.08148284256458282,1.3158878087997437,2.707778215408325,4.137729644775391,0.9927027225494385,0.39128321409225464,1.630923867225647,0.9202707409858704,0.21811893658380216,-0.7735942602157593,0.26780080795288086,2.591517686843872,1.6413729190826416,6.225232124328613,1.7853212356567383,0.29687297344207764,1.035111427307129,0.9549211263656616,0.4937386271839136,-0.6298513412475586,0.30170848965644836,4.891323566436768,1.360823392868042,3.3044493198394775,0.826317548751831,0.43742722272872925,1.749274492263794,0.8992539048194885,0.13911280152026018,-0.8764453530311584,0.094976507127285,1.562645673751831,2.2516798973083496
cifar10_dirichlet,cifar10,dirichlet,2,grad_negation,1.0,cifar10_dirichlet/seed2/grad_negation_alpha1.00,0.6677,0.8057777777777778,0.9214444444444444,0.11566666666666658,True,0.6639,0.043111111111111114,20,2,1.9128068685531616,2.2696213722229004,-0.005894854199141264,-0.004967777524143457,0.9999813437461853,0.6198714375495911,0.03663394972681999,5.9003005027771,1.0398766994476318,0.6006641983985901,0.5438026785850525,-0.5613070130348206,-0.6199986934661865,0.8276077508926392,0.09860522242817635,0.8663501739501953,0.12147442996501923,1.3158878087997437,1.0476003885269165,0.8160213828086853,0.9927027225494385,-0.11383720487356186,-0.0935763567686081,0.9935000538825989,0.1819869148359233,0.7322010397911072,0.005417034029960632,2.591517686843872,1.046775221824646,1.5278761386871338,1.7853212356567383,0.11038338392972946,0.09446103870868683,0.9938910603523254,0.6380108580185612,0.5162579417228699,0.02553541027009487,4.891323566436768,1.040006399154663,0.5457403659820557,0.826317548751831,-0.11337553709745407,-0.07487872987985611,0.9935523271560669,0.08139706173174313,0.7318496704101562,0.13502740859985352,1.562645673751831,1.0137335062026978
cifar10_dirichlet,cifar10,dirichlet,2,full_retrain,1.0,cifar10_dirichlet/seed2/full_retrain_alpha1.00,0.6623,0.022,0.9214444444444444,0.8994444444444444,True,0.6639,0.043111111111111114,20,2,22.86577606201172,2.2696213722229004,0.18081232905387878,1.8215115070343018,0.9835224747657776,-0.5341945290565491,0.05285407975316048,5.9003005027771,3.950788736343384,10.053523063659668,0.5438026785850525,0.37504181265830994,6.933564186096191,0.9270080924034119,0.19330509685414307,-0.5917782187461853,-0.08070750534534454,1.3158878087997437,7.784887313842773,11.35066032409668,0.9927027225494385,0.19563044607639313,2.2368557453155518,0.9806776642799377,0.24640468157151835,-0.5390719771385193,0.0406237468123436,2.591517686843872,4.452854633331299,14.727752685546875,1.7853212356567383,0.12594856321811676,1.038940191268921,0.9920369982719421,0.41484926043833004,-0.47125115990638733,0.09977378696203232,4.891323566436768,3.076575517654419,8.720477104187012,0.826317548751831,0.25217702984809875,2.661330461502075,0.9676810503005981,0.14544106327573664,-0.6410015821456909,-0.013501026667654514,1.562645673751831,5.682746410369873
cifar10_dirichlet,cifar10,dirichlet,3,short_retrain,0.25,cifar10_dirichlet/seed3/short_retrain_alpha0.25,0.6699,0.925,0.9252222222222222,0.00022222222222212373,True,0.6659,0.9118888888888889,20,2,1.730148434638977,0.48137474060058594,-0.0344109982252121,-0.12367350608110428,0.9994105696678162,0.6353904604911804,-0.057961855083703995,3.6652956008911133,1.130285620689392,0.48812833428382874,0.06981838494539261,-0.4382152855396271,-3.0637388229370117,0.898870050907135,0.07959390375479784,0.9425970315933228,0.14663423597812653,0.34248462319374084,1.6165928840637207,0.6494954228401184,0.14730527997016907,-0.15708261728286743,-0.6926038265228271,0.9875860214233398,0.1409174855440574,0.8288387060165405,0.015458367764949799,1.037264108657837,1.1716312170028687,1.4303984642028809,0.3952255845069885,0.014620012603700161,0.05291013792157173,0.9998909831047058,0.6834989007964298,0.5029544830322266,-0.08435454219579697,3.30045747756958,1.1229193210601807,0.5360515713691711,0.2212427854537964,-0.058694832026958466,-0.14221233129501343,0.9982759952545166,0.09598974474886685,0.8151626586914062,-0.006841172464191914,1.161171317100525,1.1042803525924683
cifar10_dirichlet,cifar10,dirichlet,3,federaser,0.25,cifar10_dirichlet/seed3/federaser_alpha0.25,0.3575,0.936,0.9252222222222222,-0.010777777777777886,True,0.6659,0.9118888888888889,20,2,9.40786361694336,0.48137474060058594,0.09431152790784836,1.8431124687194824,0.9955414533615112,-0.8489843010902405,0.11446511000394821,3.6652956008911133,2.6458637714385986,3.5637130737304688,0.06981838494539261,0.42457616329193115,21.671478271484375,0.905392050743103,0.14348120984734775,-0.9573326110839844,-0.13255032896995544,0.34248462319374084,10.584528923034668,4.222174167633057,0.14730527997016907,0.173298642039299,4.967203140258789,0.9848692417144775,0.2014014673070117,-0.8812499642372131,0.0029282576870173216,1.037264108657837,4.188682556152344,6.774991989135742,0.3952255845069885,0.04401233419775963,0.7544271349906921,0.9990300536155701,0.5185885005096683,-0.7737866640090942,0.16965879499912262,3.30045747756958,2.125378370285034,3.4763011932373047,0.2212427854537964,0.12460819631814957,1.9579194784164429,0.9922059774398804,0.13652888698188242,-0.9491307735443115,0.07490067183971405,1.161171317100525,3.0845253467559814
cifar10_dirichlet,cifar10,dirichlet,3,grad_negation,0.25,cifar10_dirichlet/seed3/grad_negation_alpha0.25,0.6725,0.9225555555555556,0.9252222222222222,0.002666666666666595,True,0.6659,0.9118888888888889,20,2,1.9334889650344849,0.48137474060058594,-0.03469860553741455,-0.13936372101306915,0.9993988871574402,0.5763559341430664,-0.038921404629945755,3.6652956008911133,1.1486244201660156,0.5148457884788513,0.06981838494539261,-0.46669989824295044,-3.441478967666626,0.8844157457351685,0.07090022322920392,0.9350650310516357,0.17455404996871948,0.34248462319374084,1.6537861824035645,0.8693054914474487,0.14730527997016907,-0.15374460816383362,-0.9073043465614319,0.9881100654602051,0.20213361687430137,0.6560397148132324,0.03409842029213905,1.037264108657837,1.2826595306396484,1.541232943534851,0.3952255845069885,-0.0017177090048789978,-0.00669810501858592,0.9999984502792358,0.6353992514640887,0.47544166445732117,-0.06627398729324341,3.30045747756958,1.1313530206680298,0.5850902795791626,0.2212427854537964,0.04028329253196716,0.10653164982795715,0.9991881847381592,0.09156698814801134,0.6672203540802002,-0.0003427127667237073,1.161171317100525,1.1199284791946411
cifar10_dirichlet,cifar10,dirichlet,3,full_retrain,0.25,cifar10_dirichlet/seed3/full_retrain_alpha0.25,0.6714,0.91,0.9252222222222222,0.015222222222222137,True,0.6659,0.9118888888888889,20,2,23.837125778198242,0.48137474060058594,0.07410114258527756,3.66922926902771,0.9972532987594604,-0.5816125273704529,0.04051649570465088,3.6652956008911133,6.539727210998535,10.734509468078613,0.06981838494539261,0.27398261427879333,42.124568939208984,0.9617346525192261,0.20278484426715326,-0.6166244149208069,-0.13509854674339294,0.34248462319374084,31.493728637695312,11.787464141845703,0.14730527997016907,0.11226195096969604,8.98325252532959,0.9936782717704773,0.24451830304290598,-0.5755451321601868,-0.006246548146009445,1.037264108657837,11.414122581481934,15.328471183776855,0.3952255845069885,0.04698086902499199,1.8220235109329224,0.9988946318626404,0.41350251804998117,-0.5472896099090576,0.07738199830055237,3.30045747756958,4.674524307250977,8.893548011779785,0.2212427854537964,0.08405699580907822,3.378934383392334,0.9964609146118164,0.13919422722836627,-0.6429038047790527,0.019187962636351585,1.161171317100525,7.705073833465576
cifar10_dirichlet,cifar10,dirichlet,3,short_retrain,0.5,cifar10_dirichlet/seed3/short_retrain_alpha0.50,0.6686,0.9046666666666666,0.9252222222222222,0.02055555555555555,True,0.6643,0.8038888888888889,20,2,1.8099035024642944,1.6403825283050537,-0.038822561502456665,-0.04283195734024048,0.9992454051971436,0.6385149955749512,-0.072579026222229,5.585043430328369,1.0733414888381958,0.49753981828689575,0.3561606705188751,-0.6685442924499512,-0.9339249730110168,0.7436724305152893,0.0755658837587875,0.935055673122406,-0.00989189837127924,0.9216819405555725,1.1410883665084839,0.6676386594772339,0.5885294079780579,-0.2879731357097626,-0.3266816735267639,0.9576393365859985,0.13606734040746862,0.8241543769836426,-0.12040139734745026,2.348301410675049,1.0720505714416504,1.511614441871643,1.3762905597686768,0.09336122125387192,0.10253588110208511,0.9956318736076355,0.6975349744517889,0.5234662294387817,-0.07608906924724579,4.757205486297607,1.0720645189285278,0.545486569404602,0.5687987208366394,-0.25097841024398804,-0.24069218337535858,0.9679925441741943,0.09083181047941351,0.8038294911384583,0.008417114615440369,1.4826726913452148,1.0626205205917358
cifar10_dirichlet,cifar10,dirichlet,3,federaser,0.5,cifar10_dirichlet/seed3/federaser_alpha0.50,0.4697,0.1761111111111111,0.9252222222222222,0.7491111111111111,True,0.6643,0.8038888888888889,20,2,9.639655113220215,1.6403825283050537,0.33637112379074097,1.9765533208847046,0.9417359232902527,-0.8077386021614075,0.25141775608062744,5.585043430328369,1.763841986656189,3.5968761444091797,0.3561606705188751,0.7397469282150269,7.470722198486328,0.6728851199150085,0.13921950034879874,-0.942268431186676,0.09246677160263062,0.9216819405555725,3.938007354736328,4.416503429412842,0.5885294079780579,0.4549144208431244,3.413811683654785,0.8905353546142578,0.20989732091215238,-0.8448570966720581,0.26417577266693115,2.348301410675049,1.8824015855789185,6.918927192687988,1.3762905597686768,0.23970124125480652,1.2049731016159058,0.9708503484725952,0.5151632006135771,-0.7181015014648438,0.300139456987381,4.757205486297607,1.4974325895309448,3.551381826400757,0.5687987208366394,0.4486592411994934,2.8012735843658447,0.8937029242515564,0.1357200396999206,-0.9198772311210632,0.11592350900173187,1.4826726913452148,2.4863474369049072
cifar10_dirichlet,cifar10,dirichlet,3,grad_negation,0.5,cifar10_dirichlet/seed3/grad_negation_alpha0.50,0.6685,0.8902222222222222,0.9252222222222222,0.03499999999999992,True,0.6643,0.8038888888888889,20,2,1.868510127067566,1.6403825283050537,-0.03219100832939148,-0.03666556254029274,0.9994816184043884,0.6295912861824036,-0.061062704771757126,5.585043430328369,1.0736796855926514,0.5190578103065491,0.3561606705188751,-0.6917916536331177,-1.0081959962844849,0.7220972180366516,0.07716455700697253,0.9383550882339478,-0.005099631380289793,0.9216819405555725,1.1501727104187012,0.761646032333374,0.5885294079780579,-0.2537310719490051,-0.3283659517765045,0.9672751426696777,0.16614750571598288,0.756601095199585,-0.09869023412466049,2.348301410675049,1.0813020467758179,1.5324528217315674,1.3762905597686768,0.09544892609119415,0.10627386718988419,0.995434045791626,0.6726282827851046,0.5281385779380798,-0.06609516590833664,4.757205486297607,1.0706803798675537,0.5417519807815552,0.5687987208366394,-0.18936924636363983,-0.1803646981716156,0.9819061160087585,0.08405963742064151,0.7474969029426575,0.02934161201119423,1.4826726913452148,1.0545458793640137
cifar10_dirichlet,cifar10,dirichlet,3,full_retrain,0.5,cifar10_dirichlet/seed3/full_retrain_alpha0.50,0.6691,0.817,0.9252222222222222,0.10822222222222222,True,0.6643,0.8038888888888889,20,2,23.941265106201172,1.6403825283050537,0.20012228190898895,2.9205918312072754,0.9797730445861816,-0.5620112419128418,0.08075366169214249,5.585043430328369,4.322420597076416,10.75637149810791,0.3561606705188751,0.45699021220207214,13.80151081085205,0.8894717693328857,0.2018442577129835,-0.6124102473258972,-0.04889757186174393,0.9216819405555725,11.76175594329834,11.82347583770752,0.5885294079780579,0.27885282039642334,5.602108478546143,0.9603335857391357,0.24387930705865793,-0.5631923079490662,0.0757734403014183,2.348301410675049,5.058381080627441,15.43181324005127,1.3762905597686768,0.13254739344120026,1.486128807067871,0.9911752939224243,0.415458624190252,-0.5176920294761658,0.11884745210409164,4.757205486297607,3.2789855003356934,8.920316696166992,0.5687987208366394,0.266685426235199,4.182357311248779,0.9637836813926697,0.13881789089753693,-0.6278438568115234,0.034316081553697586,1.4826726913452148,6.064970970153809
cifar10_dirichlet,cifar10,dirichlet,3,short_retrain,0.75,cifar10_dirichlet/seed3/short_retrain_alpha0.75,0.6719,0.8543333333333333,0.9252222222222222,0.07088888888888889,True,0.6685,0.3808888888888889,20,2,1.9042178392410278,2.2578606605529785,-0.023799611255526543,-0.020070621743798256,0.9997144341468811,0.6353043913841248,-0.04888389632105827,6.486448287963867,1.0558768510818481,0.5165437459945679,0.5377479195594788,-0.6217753291130066,-0.5972577333450317,0.7831956744194031,0.07358045222864355,0.9332253932952881,0.027724601328372955,1.2293344736099243,1.0738964080810547,0.6901975274085999,0.8928091526031494,-0.26596981287002563,-0.20561102032661438,0.9639819860458374,0.13136988238709965,0.8192015290260315,-0.12138894945383072,2.8189072608947754,1.0580129623413086,1.596880555152893,1.814496397972107,0.11453086137771606,0.10078924894332886,0.993419885635376,0.7032467977339782,0.5250569581985474,-0.05282614752650261,5.475690841674805,1.0563404560089111,0.5769708156585693,0.8481763601303101,-0.1993924081325531,-0.13563643395900726,0.979919970035553,0.09180283477584171,0.794096052646637,0.08188784867525101,1.6231261491775513,1.0335092544555664
cifar10_dirichlet,cifar10,dirichlet,3,federaser,0.75,cifar10_dirichlet/seed3/federaser_alpha0.75,0.4631,0.12877777777777777,0.9252222222222222,0.7964444444444444,True,0.6685,0.3808888888888889,20,2,9.737284660339355,2.2578606605529785,0.37967950105667114,1.6373041868209839,0.9251280426979065,-0.757177472114563,0.2848222553730011,6.486448287963867,1.5486871004104614,3.595296859741211,0.5377479195594788,0.723752498626709,4.838893413543701,0.6900595426559448,0.13632185600966562,-0.9265596866607666,0.10730288922786713,1.2293344736099243,2.9875707626342773,4.492000579833984,0.8928091526031494,0.4876876473426819,2.4537038803100586,0.8730180859565735,0.21280213756245595,-0.7961167693138123,0.33245038986206055,2.8189072608947754,1.5747334957122803,7.008551120758057,1.814496397972107,0.28443336486816406,1.098570704460144,0.9586990475654602,0.5180475914686102,-0.658757209777832,0.33187082409858704,5.475690841674805,1.3374334573745728,3.5489301681518555,0.8481763601303101,0.4568369686603546,1.9114925861358643,0.889550507068634,0.13282841495926817,-0.8657594919204712,0.09885988384485245,1.6231261491775513,2.3126561641693115
cifar10_dirichlet,cifar10,dirichlet,3,grad_negation,0.75,cifar10_dirichlet/seed3/grad_negation_alpha0.75,0.6676,0.8446666666666667,0.9252222222222222,0.08055555555555549,True,0.6685,0.3808888888888889,20,2,2.007476568222046,2.2578606605529785,-0.02258392795920372,-0.020078178495168686,0.9997439384460449,0.615307629108429,-0.03705247864127159,6.486448287963867,1.0576921701431274,0.5443041920661926,0.5377479195594788,-0.6357855796813965,-0.6435370445251465,0.771865725517273,0.07351290990046154,0.9343624114990234,0.029791157692670822,1.2293344736099243,1.0815073251724243,0.8362850546836853,0.8928091526031494,-0.22316405177116394,-0.20903508365154266,0.9747808575630188,0.17353604991973315,0.7123371958732605,-0.0853111669421196,2.8189072608947754,1.0670664310455322,1.6412163972854614,1.814496397972107,0.11078913509845734,0.10020335763692856,0.9938422441482544,0.6683824928346692,0.5212997794151306,-0.04555724561214447,5.475690841674805,1.0569509267807007,0.5838004946708679,0.8481763601303101,-0.16070300340652466,-0.11061201989650726,0.9870028495788574,0.08456860650407581,0.7343887090682983,0.1140986979007721,1.6231261491775513,1.0233720541000366
cifar10_dirichlet,cifar10,dirichlet,3,full_retrain,0.75,cifar10_dirichlet/seed3/full_retrain_alpha0.75,0.6752,0.3768888888888889,0.9252222222222222,0.5483333333333333,True,0.6685,0.3808888888888889,20,2,24.084964752197266,2.2578606605529785,0.20828160643577576,2.2216274738311768,0.9780701994895935,-0.5425511002540588,0.08576109260320663,6.486448287963867,3.76171612739563,10.857760429382324,0.5377479195594788,0.42900046706199646,8.662020683288574,0.9033042788505554,0.20322068421387096,-0.6111802458763123,-0.04374654218554497,1.2293344736099243,8.932021141052246,11.887615203857422,0.8928091526031494,0.26801010966300964,3.568506956100464,0.9634161591529846,0.2435998696206415,-0.5482491254806519,0.0846455916762352,2.8189072608947754,4.250885486602783,15.528444290161133,1.814496397972107,0.14462193846702576,1.237602949142456,0.9894871711730957,0.41567237325362993,-0.49256178736686707,0.12773679196834564,5.475690841674805,2.8840601444244385,8.931388854980469,0.8481763601303101,0.25110653042793274,2.644179105758667,0.9679595828056335,0.13750719127594593,-0.6007934808731079,0.019605394452810287,1.6231261491775513,5.573389530181885
cifar10_dirichlet,cifar10,dirichlet,3,short_retrain,1.0,cifar10_dirichlet/seed3/short_retrain_alpha1.00,0.6704,0.8486666666666667,0.9252222222222222,0.07655555555555549,True,0.6681,0.02811111111111111,20,2,1.954999566078186,2.407501697540283,-0.020366022363305092,-0.016537008807063103,0.9997937083244324,0.6357131004333496,-0.031342629343271255,7.08780574798584,1.0456428527832031,0.5312422513961792,0.5891531705856323,-0.6081778407096863,-0.5483970046043396,0.7938006520271301,0.07383657171222766,0.9300783276557922,0.0577770434319973,1.439903974533081,1.045698881149292,0.7108935117721558,0.9987031817436218,-0.2298789769411087,-0.16363149881362915,0.9732193350791931,0.13221962441641374,0.8155410289764404,-0.10551677644252777,3.2217907905578613,1.046543002128601,1.639747977256775,1.918862223625183,0.11553075164556503,0.09872071444988251,0.9933040142059326,0.7034878505899456,0.5271355509757996,-0.03634575754404068,5.904084205627441,1.0475294589996338,0.5879976153373718,0.8773369789123535,-0.20511078834533691,-0.13746674358844757,0.9787387847900391,0.09045602345585355,0.7949816584587097,0.11435740441083908,1.7108588218688965,1.0195655822753906
cifar10_dirichlet,cifar10,dirichlet,3,federaser,1.0,cifar10_dirichlet/seed3/federaser_alpha1.00,0.4586,0.01411111111111111,0.9252222222222222,0.9111111111111111,True,0.6681,0.02811111111111111,20,2,9.768741607666016,2.407501697540283,0.39670681953430176,1.60957932472229,0.9179645776748657,-0.7393943071365356,0.296468049287796,7.08780574798584,1.443055510520935,3.5631930828094482,0.5891531705856323,0.7213424444198608,4.362673759460449,0.6925784349441528,0.13303624719259574,-0.9152830243110657,0.09474052488803864,1.439903974533081,2.5796852111816406,4.516913414001465,0.9987031817436218,0.4786875545978546,2.1649956703186035,0.8779860734939575,0.21378426504166717,-0.7810947299003601,0.3570884168148041,3.2217907905578613,1.4015376567840576,7.05267333984375,1.918862223625183,0.30666255950927734,1.1270627975463867,0.9518226385116577,0.5212127602729771,-0.6358578205108643,0.3442758619785309,5.904084205627441,1.2666717767715454,3.5488414764404297,0.8773369789123535,0.4837207794189453,1.956657886505127,0.875222384929657,0.13196674747855244,-0.8616324663162231,0.08383452147245407,1.7108588218688965,2.2259700298309326
cifar10_dirichlet,cifar10,dirichlet,3,grad_negation,1.0,cifar10_dirichlet/seed3/grad_negation_alpha1.00,0.6654,0.7825555555555556,0.9252222222222222,0.1426666666666666,True,0.6681,0.02811111111111111,20,2,2.2784087657928467,2.407501697540283,-0.015344069339334965,-0.01452032383531332,0.9998806118965149,0.5564087629318237,-0.016533827409148216,7.08780574798584,1.055445671081543,0.5797328948974609,0.5891531705856323,-0.6060093641281128,-0.5963196754455566,0.7954574823379517,0.06473923011059173,0.9230572581291199,0.05990920960903168,1.439903974533081,1.0553961992263794,1.0430837869644165,0.9987031817436218,-0.1896483600139618,-0.1980758011341095,0.9818524122238159,0.2095804799962378,0.5736523866653442,-0.06600063294172287,3.2217907905578613,1.0712413787841797,1.8341214656829834,1.918862223625183,0.10849349200725555,0.1036968007683754,0.9940951466560364,0.6480119133827342,0.4817454218864441,-0.020580226555466652,5.904084205627441,1.053230881690979,0.634989321231842,0.8773369789123535,-0.11031290143728256,-0.07984106242656708,0.9938967823982239,0.07766839373241292,0.6781696677207947,0.1174984946846962,1.7108588218688965,1.0249556303024292
cifar10_dirichlet,cifar10,dirichlet,3,full_retrain,1.0,cifar10_dirichlet/seed3/full_retrain_alpha1.00,0.6758,0.035444444444444445,0.9252222222222222,0.8897777777777778,True,0.6681,0.02811111111111111,20,2,24.249109268188477,2.407501697540283,0.20888067781925201,2.103769540786743,0.9779414534568787,-0.5348831415176392,0.08334095776081085,7.08780574798584,3.4834775924682617,10.902775764465332,0.5891531705856323,0.4173729419708252,7.723839282989502,0.9087352752685547,0.2021452624787587,-0.6049562096595764,-0.035957206040620804,1.439903974533081,7.673191070556641,11.965373992919922,0.9987031817436218,0.2564643323421478,3.0726730823516846,0.9665541648864746,0.2434682608350878,-0.5387296080589294,0.09067954868078232,3.2217907905578613,3.7575857639312744,15.640892028808594,1.918862223625183,0.14548563957214355,1.1858102083206177,0.9893549680709839,0.4160252412883158,-0.48461413383483887,0.12717652320861816,5.904084205627441,2.7100274562835693,9.020126342773438,0.8773369789123535,0.26312869787216187,2.7052934169769287,0.9647607207298279,0.13836128729449443,-0.5970699191093445,-0.022762643173336983,1.7108588218688965,5.388595104217529
cifar10_dirichlet,cifar10,dirichlet,4,short_retrain,0.25,cifar10_dirichlet/seed4/short_retrain_alpha0.25,0.6657,0.8846666666666667,0.8844444444444445,-0.00022222222222223476,True,0.6599,0.8293333333333334,20,2,1.630845069885254,0.8287472724914551,-0.048720479011535645,-0.09586741030216217,0.9988106489181519,0.6321666240692139,-0.015092861838638783,3.232384204864502,1.1268504858016968,0.4719707667827606,0.1399301141500473,-0.5187502503395081,-1.7496949434280396,0.8549257516860962,0.08374980414028611,0.934916079044342,0.1909986436367035,0.39170584082603455,1.4112187623977661,0.6244077682495117,0.31811413168907166,-0.20466405153274536,-0.40172278881073,0.978831946849823,0.14658519709313708,0.8179771900177002,0.015794457867741585,1.0401898622512817,1.158178687095642,1.3397804498672485,0.7004082798957825,0.03020063415169716,0.057766031473875046,0.9995434880256653,0.6748922816392768,0.49447181820869446,-0.036858931183815,2.8719775676727295,1.118929147720337,0.5020708441734314,0.27476024627685547,-0.1397315263748169,-0.25533217191696167,0.9901896119117737,0.09477278435603477,0.8191589713096619,0.033851612359285355,0.9822986721992493,1.1075369119644165
cifar10_dirichlet,cifar10,dirichlet,4,federaser,0.25,cifar10_dirichlet/seed4/federaser_alpha0.25,0.4885,0.5943333333333334,0.8844444444444445,0.2901111111111111,True,0.6599,0.8293333333333334,20,2,8.790091514587402,0.8287472724914551,0.17690081894397736,1.8761605024337769,0.9842326641082764,-0.8453590869903564,0.10719982534646988,3.232384204864502,2.794994354248047,3.374943494796753,0.1399301141500473,0.531022846698761,12.807626724243164,0.8473573923110962,0.14740726903059317,-0.9412921667098999,-0.1805219203233719,0.39170584082603455,8.851354598999023,4.025344371795654,0.31811413168907166,0.2737501561641693,3.4639689922332764,0.9618009924888611,0.20969693645581639,-0.8724866509437561,0.051027119159698486,1.0401898622512817,3.947221517562866,6.222482681274414,0.7004082798957825,0.10396267473697662,0.9235575795173645,0.9945837259292603,0.5011091025994451,-0.7726786136627197,0.16586177051067352,2.8719775676727295,2.2305922508239746,3.3099751472473145,0.27476024627685547,0.2575860917568207,3.1030824184417725,0.9662556648254395,0.14178669191414542,-0.9440225958824158,0.03283722698688507,0.9822986721992493,3.4832537174224854
cifar10_dirichlet,cifar10,dirichlet,4,grad_negation,0.25,cifar10_dirichlet/seed4/grad_negation_alpha0.25,0.6628,0.8656666666666667,0.8844444444444445,0.018777777777777782,True,0.6599,0.8293333333333334,20,2,1.8265184164047241,0.8287472724914551,-0.04999713599681854,-0.11018334329128265,0.998752772808075,0.5826161503791809,-0.008488438092172146,3.232384204864502,1.1527814865112305,0.5052855014801025,0.1399301141500473,-0.5226669907569885,-1.8873430490493774,0.8525370359420776,0.07652425372841021,0.9410915374755859,0.19388620555400848,0.39170584082603455,1.4709826707839966,0.8299767971038818,0.31811413168907166,-0.19692063331604004,-0.5137759447097778,0.9804200530052185,0.20647038474131982,0.66117924451828,0.020791662856936455,1.0401898622512817,1.2662863731384277,1.4498846530914307,0.7004082798957825,0.020451104268431664,0.04233241826295853,0.9997919797897339,0.63009871681433,0.46964409947395325,-0.027896057814359665,2.8719775676727295,1.1327029466629028,0.5384731292724609,0.27476024627685547,-0.05071059241890907,-0.09938225895166397,0.9987133145332336,0.08690671617633167,0.7042446732521057,0.01837562583386898,0.9822986721992493,1.1315263509750366
cifar10_dirichlet,cifar10,dirichlet,4,full_retrain,0.25,cifar10_dirichlet/seed4/full_retrain_alpha0.25,0.6624,0.8402222222222222,0.8844444444444445,0.044222222222222274,True,0.6599,0.8293333333333334,20,2,23.399486541748047,0.8287472724914551,0.11414655297994614,3.222670555114746,0.9934675097465515,-0.5846084356307983,0.029668180271983147,3.232384204864502,7.278407096862793,10.840774536132812,0.1399301141500473,0.3234953284263611,25.062088012695312,0.946229875087738,0.2146268009879476,-0.6479203104972839,-0.14737752079963684,0.39170584082603455,27.840757369995117,11.510884284973145,0.31811413168907166,0.15905322134494781,5.75529670715332,0.9872696399688721,0.2419805611790275,-0.568647027015686,0.006010070908814669,1.0401898622512817,11.105237007141113,14.837186813354492,0.7004082798957825,0.07352158427238464,1.5573610067367554,0.9972925782203674,0.40204583469600813,-0.537294864654541,0.07212784886360168,2.8719775676727295,5.190781116485596,8.797544479370117,0.27476024627685547,0.15570534765720367,4.985527992248535,0.9878035187721252,0.141346900669979,-0.6586121320724487,-0.031899452209472656,0.9822986721992493,9.043380737304688
cifar10_dirichlet,cifar10,dirichlet,4,short_retrain,0.5,cifar10_dirichlet/seed4/short_retrain_alpha0.50,0.6659,0.8435555555555555,0.8844444444444445,0.040888888888888975,True,0.6606,0.7313333333333333,20,2,1.6952697038650513,1.3502978086471558,-0.04223249852657318,-0.053017694503068924,0.999112069606781,0.6385183334350586,0.03524461388587952,3.9949562549591064,1.0724579095840454,0.489021897315979,0.29079633951187134,-0.5476288795471191,-0.9209281206130981,0.8367214202880859,0.08320608154069237,0.933651864528656,0.24337393045425415,0.6083497405052185,1.1202242374420166,0.64224773645401,0.5609323382377625,-0.22924824059009552,-0.26248082518577576,0.9733677506446838,0.14351704377660757,0.819653332233429,0.030056919902563095,1.4319517612457275,1.0836063623428345,1.3949507474899292,1.1131428480148315,0.06790738552808762,0.08509418368339539,0.9976916313171387,0.6770632376705125,0.5075970888137817,0.015733996406197548,3.5032639503479004,1.0705264806747437,0.5258588790893555,0.430215448141098,-0.18412920832633972,-0.22506392002105713,0.9829020500183105,0.09621368885858295,0.8187925815582275,0.10436263680458069,1.1253595352172852,1.0586868524551392
cifar10_dirichlet,cifar10,dirichlet,4,federaser,0.5,cifar10_dirichlet/seed4/federaser_alpha0.50,0.4393,0.2528888888888889,0.8844444444444445,0.6315555555555556,True,0.6606,0.7313333333333333,20,2,8.854073524475098,1.3502978086471558,0.27993103861808777,1.8353945016860962,0.9600292444229126,-0.8208933472633362,0.12068533152341843,3.9949562549591064,2.3188488483428955,3.3761470317840576,0.29079633951187134,0.6020718216896057,6.990057468414307,0.7984420657157898,0.14538715272320785,-0.9349388480186462,-0.18260467052459717,0.6083497405052185,5.815991401672363,4.069210529327393,0.5609323382377625,0.3843543231487274,2.7882449626922607,0.9231852293014526,0.2112046142972487,-0.8485270142555237,0.1180977150797844,1.4319517612457275,2.8989968299865723,6.276762008666992,1.1131428480148315,0.19491355121135712,1.0990101099014282,0.9808262586593628,0.5025483986519738,-0.7390221953392029,0.17975734174251556,3.5032639503479004,1.8884097337722778,3.3231654167175293,0.430215448141098,0.3612707257270813,2.790607213973999,0.9324609637260437,0.14085985865595776,-0.9299260973930359,0.0008096819510683417,1.1253595352172852,3.1169400215148926
cifar10_dirichlet,cifar10,dirichlet,4,grad_negation,0.5,cifar10_dirichlet/seed4/grad_negation_alpha0.50,0.6651,0.8265555555555556,0.8844444444444445,0.05788888888888888,True,0.6606,0.7313333333333333,20,2,1.749820351600647,1.3502978086471558,-0.043207306414842606,-0.055986836552619934,0.9990696907043457,0.6287497878074646,0.042565856128931046,3.9949562549591064,1.074507713317871,0.5037655234336853,0.29079633951187134,-0.5852908492088318,-1.0139377117156982,0.8108232617378235,0.08287900617666918,0.9375747442245483,0.2293013036251068,0.6083497405052185,1.1427874565124512,0.7105229496955872,0.5609323382377625,-0.20962762832641602,-0.2655312418937683,0.9777811169624329,0.16487088699610564,0.7719575762748718,0.030349407345056534,1.4319517612457275,1.102764368057251,1.4246304035186768,1.1131428480148315,0.05772767215967178,0.07387717068195343,0.9983322024345398,0.6628363033170632,0.5092059373855591,0.023163769394159317,3.5032639503479004,1.0707640647888184,0.5232491493225098,0.430215448141098,-0.10814954340457916,-0.13153676688671112,0.9941346645355225,0.08941385217416761,0.7669890522956848,0.1372116655111313,1.1253595352172852,1.0433566570281982
cifar10_dirichlet,cifar10,dirichlet,4,full_retrain,0.5,cifar10_dirichlet/seed4/full_retrain_alpha0.50,0.6687,0.7472222222222222,0.8844444444444445,0.13722222222222225,True,0.6606,0.7313333333333333,20,2,23.550140380859375,1.3502978086471558,0.15645304322242737,2.7284297943115234,0.9876857995986938,-0.5754317045211792,0.017911501228809357,3.9949562549591064,5.961485862731934,10.891254425048828,0.29079633951187134,0.3460339903831482,12.960082054138184,0.9382219910621643,0.21387039807551259,-0.6465924978256226,-0.188043013215065,0.6083497405052185,18.117633819580078,11.575209617614746,0.5609323382377625,0.20274533331394196,4.183778762817383,0.9792318344116211,0.24157544297710104,-0.5620089769363403,-0.004511105362325907,1.4319517612457275,8.14961051940918,14.924504280090332,1.1131428480148315,0.10558710992336273,1.4155813455581665,0.9944103360176086,0.40161011302291877,-0.5225613117218018,0.06743326783180237,3.5032639503479004,4.309811592102051,8.904009819030762,0.430215448141098,0.2111099362373352,4.369263648986816,0.9774622917175293,0.14294405968023885,-0.6540564894676208,-0.05188309773802757,1.1253595352172852,8.026398658752441
cifar10_dirichlet,cifar10,dirichlet,4,short_retrain,0.75,cifar10_dirichlet/seed4/short_retrain_alpha0.75,0.6601,0.7826666666666666,0.8844444444444445,0.10177777777777786,True,0.665,0.30622222222222223,20,2,1.7712770700454712,1.9961220026016235,-0.026178263127803802,-0.023227617144584656,0.9996554255485535,0.6340598464012146,0.01926467753946781,5.404445648193359,1.0463238954544067,0.497550368309021,0.4533403813838959,-0.5485423803329468,-0.6020365953445435,0.8361226916313171,0.0789005399643038,0.9317653179168701,0.14853951334953308,1.0160694122314453,1.046094536781311,0.6667037010192871,0.8725447654724121,-0.18779240548610687,-0.14349035918712616,0.9822092056274414,0.1416680420524586,0.8116593956947327,0.009316652081906796,2.2983882427215576,1.0386229753494263,1.4664639234542847,1.5818387269973755,0.0931856706738472,0.08638372272253036,0.9956502318382263,0.6854327039689531,0.5116167068481445,0.00413596211001277,4.561873912811279,1.049136757850647,0.5430727601051331,0.7180604934692383,-0.194247305393219,-0.14691020548343658,0.9809526801109314,0.09399869976650356,0.8049949407577515,0.08596666902303696,1.4432039260864258,1.0377386808395386
cifar10_dirichlet,cifar10,dirichlet,4,federaser,0.75,cifar10_dirichlet/seed4/federaser_alpha0.75,0.4277,0.036333333333333336,0.8844444444444445,0.8481111111111111,True,0.665,0.30622222222222223,20,2,8.896407127380371,1.9961220026016235,0.3490247130393982,1.5554218292236328,0.9371270537376404,-0.7688096165657043,0.22005851566791534,5.404445648193359,1.7277952432632446,3.3334219455718994,0.4533403813838959,0.636803388595581,4.682429790496826,0.7710262537002563,0.1403853086498293,-0.9135518670082092,-0.030095672234892845,1.0160694122314453,3.458392858505249,4.119984149932861,0.8725447654724121,0.4382520616054535,2.0693376064300537,0.8988521099090576,0.2144531227408637,-0.7917510867118835,0.24478909373283386,2.2983882427215576,1.826377034187317,6.3310546875,1.5818387269973755,0.268636554479599,1.0751091241836548,0.963248074054718,0.5064237546917743,-0.6786474585533142,0.2766707241535187,4.561873912811279,1.4690639972686768,3.31380558013916,0.7180604934692383,0.40764376521110535,1.8812510967254639,0.9131413102149963,0.1387379464535295,-0.8861774206161499,0.07814657688140869,1.4432039260864258,2.431750774383545
cifar10_dirichlet,cifar10,dirichlet,4,grad_negation,0.75,cifar10_dirichlet/seed4/grad_negation_alpha0.75,0.6556,0.7358888888888889,0.8844444444444445,0.14855555555555555,True,0.665,0.30622222222222223,20,2,1.7942414283752441,1.9961220026016235,-0.016117757186293602,-0.014486478641629219,0.9998725652694702,0.6364976167678833,0.02805337868630886,5.404445648193359,1.044793725013733,0.5126053094863892,0.4533403813838959,-0.5739337205886841,-0.6489638090133667,0.8189016580581665,0.08161731756715576,0.9318892359733582,0.13742941617965698,1.0160694122314453,1.0563393831253052,0.7093561291694641,0.8725447654724121,-0.16421052813529968,-0.13349874317646027,0.9864256381988525,0.15629498628532726,0.7934670448303223,0.014747138135135174,2.2983882427215576,1.0421862602233887,1.4742045402526855,1.5818387269973755,0.10092205554246902,0.09404921531677246,0.9948931336402893,0.675067895757675,0.5199130177497864,0.015933886170387268,4.561873912811279,1.046012043952942,0.5292990803718567,0.7180604934692383,-0.15276455879211426,-0.11260630935430527,0.9882625937461853,0.08701985593132289,0.7845430970191956,0.09065518528223038,1.4432039260864258,1.0334464311599731
cifar10_dirichlet,cifar10,dirichlet,4,full_retrain,0.75,cifar10_dirichlet/seed4/full_retrain_alpha0.75,0.6747,0.2797777777777778,0.8844444444444445,0.6046666666666667,True,0.665,0.30622222222222223,20,2,23.659046173095703,1.9961220026016235,0.17283716797828674,2.0483856201171875,0.9849539995193481,-0.5578296780586243,0.04449497163295746,5.404445648193359,4.4468889236450195,10.943531036376953,0.4533403813838959,0.34419941902160645,8.308894157409668,0.9388965368270874,0.2139433537420477,-0.6448938250541687,-0.1371414214372635,1.0160694122314453,10.952482223510742,11.614784240722656,0.8725447654724121,0.208394393324852,2.7740163803100586,0.9780449867248535,0.2409938592859614,-0.5454860925674438,0.03728146478533745,2.2983882427215576,5.1147356033325195,15.021263122558594,1.5818387269973755,0.12205782532691956,1.159000039100647,0.9925224781036377,0.4030944427404775,-0.4996601939201355,0.09485528618097305,4.561873912811279,3.3492953777313232,8.914640426635742,0.7180604934692383,0.22536930441856384,2.7979347705841064,0.9742733836174011,0.14196833060220082,-0.6358033418655396,-0.021838964894413948,1.4432039260864258,6.278921127319336
cifar10_dirichlet,cifar10,dirichlet,4,short_retrain,1.0,cifar10_dirichlet/seed4/short_retrain_alpha1.00,0.6612,0.7641111111111111,0.8844444444444445,0.1203333333333334,True,0.6669,0.025777777777777778,20,2,1.828253149986267,2.1695327758789062,-0.020220085978507996,-0.017037933692336082,0.9997981190681458,0.6283217668533325,0.05899873003363609,5.713710308074951,1.0318104028701782,0.5103956460952759,0.49587681889533997,-0.5358047485351562,-0.5514926314353943,0.844342052936554,0.07793277933196588,0.9329855442047119,0.22252370417118073,1.1052449941635132,1.0038591623306274,0.6863026022911072,0.9512844681739807,-0.17630435526371002,-0.12719441950321198,0.9843353033065796,0.14090853100195133,0.8036317229270935,0.037781618535518646,2.4337515830993652,1.028694748878479,1.5163047313690186,1.7079503536224365,0.09387925267219543,0.08333944529294968,0.9955837726593018,0.6878504144953325,0.5056466460227966,0.04167534038424492,4.81171178817749,1.0358768701553345,0.5584793090820312,0.7994565367698669,-0.1626405417919159,-0.11361639946699142,0.9866852164268494,0.09330832866506297,0.8029041290283203,0.14438293874263763,1.5329391956329346,1.0136692523956299
cifar10_dirichlet,cifar10,dirichlet,4,federaser,1.0,cifar10_dirichlet/seed4/federaser_alpha1.00,0.4765,0.08688888888888889,0.8844444444444445,0.7975555555555556,True,0.6669,0.025777777777777778,20,2,8.865474700927734,2.1695327758789062,0.3423576056957245,1.3988771438598633,0.9395807385444641,-0.7512143850326538,0.1970091462135315,5.713710308074951,1.672173261642456,3.2900519371032715,0.49587681889533997,0.616966187953949,4.09345817565918,0.7869896292686462,0.13771238057263016,-0.908912718296051,-0.09630491584539413,1.1052449941635132,3.230242967605591,4.0909552574157715,0.9512844681739807,0.4334647059440613,1.8640942573547363,0.9011706709861755,0.21292034473976015,-0.7741134166717529,0.21917667984962463,2.4337515830993652,1.757461667060852,6.342998027801514,1.7079503536224365,0.26517295837402344,0.984732449054718,0.9642099738121033,0.5118927976288464,-0.6578434109687805,0.2618240416049957,4.81171178817749,1.4309128522872925,3.287209987640381,0.7994565367698669,0.38762563467025757,1.5938410758972168,0.921816885471344,0.13747458625560252,-0.8713966012001038,0.031036222353577614,1.5329391956329346,2.3377928733825684
cifar10_dirichlet,cifar10,dirichlet,4,grad_negation,1.0,cifar10_dirichlet/seed4/grad_negation_alpha1.00,0.6644,0.6361111111111111,0.8844444444444445,0.2483333333333334,True,0.6669,0.025777777777777778,20,2,2.057142496109009,2.1695327758789062,-0.010486909188330173,-0.009942817501723766,0.9999482035636902,0.5775270462036133,0.061877742409706116,5.713710308074951,1.041666030883789,0.548981249332428,0.49587681889533997,-0.5385400652885437,-0.5962134599685669,0.8425998091697693,0.07121349696742303,0.9251532554626465,0.2140774130821228,1.1052449941635132,1.016882061958313,0.9391326904296875,0.9512844681739807,-0.14073972404003143,-0.13894183933734894,0.9900467991828918,0.20840169729665173,0.6192565560340881,0.03363475576043129,2.4337515830993652,1.059691309928894,1.6424130201339722,1.7079503536224365,0.09315745532512665,0.08957657217979431,0.9956518411636353,0.6374277347557094,0.4876164495944977,0.05110921338200569,4.81171178817749,1.0400111675262451,0.5925199389457703,0.7994565367698669,-0.07554540038108826,-0.05599072575569153,0.9971421957015991,0.08295702168605194,0.706262469291687,0.12840446829795837,1.5329391956329346,1.0247626304626465
cifar10_dirichlet,cifar10,dirichlet,4,full_retrain,1.0,cifar10_dirichlet/seed4/full_retrain_alpha1.00,0.6686,0.018,0.8844444444444445,0.8664444444444445,True,0.6669,0.025777777777777778,20,2,23.822378158569336,2.1695327758789062,0.1658499389886856,1.820949912071228,0.986155092716217,-0.54909747838974,0.031751640141010284,5.713710308074951,4.256598472595215,11.005423545837402,0.49587681889533997,0.3303470313549042,7.3316779136657715,0.9438595771789551,0.21341359279975936,-0.6408047676086426,-0.17825892567634583,1.1052449941635132,10.183361053466797,11.681553840637207,0.9512844681739807,0.19967983663082123,2.4520211219787598,0.9798614382743835,0.24044173087886422,-0.5378619432449341,0.026025069877505302,2.4337515830993652,4.87733268737793,15.138168334960938,1.7079503536224365,0.11873815953731537,1.0523449182510376,0.9929261803627014,0.40379777118099147,-0.4902579188346863,0.08734546601772308,4.81171178817749,3.2169015407562256,8.988140106201172,0.7994565367698669,0.20595794916152954,2.3155462741851807,0.9785609245300293,0.1423469857988419,-0.623087465763092,-0.04442113637924194,1.5329391956329346,5.991631984710693
cifar10_iid_federaser_r1,cifar10,iid,0,federaser,1.0,cifar10_iid_federaser_r1/seed0/federaser_alpha1.00,0.6312,0.023666666666666666,0.9093333333333333,0.8856666666666667,True,0.6854,0.022444444444444444,20,2,8.159863471984863,2.442732334136963,0.4425490200519562,1.4782042503356934,0.8967588543891907,-0.6011534929275513,0.528674840927124,7.650215148925781,1.0049593448638916,2.977142572402954,0.6436229348182678,0.7826145887374878,3.620062828063965,0.6225067377090454,0.13310896836570826,-0.873542070388794,0.18887005746364594,1.490855097770691,2.057530641555786,3.5764973163604736,1.0500116348266602,0.5371100902557373,1.8294763565063477,0.8435124158859253,0.1920986683385764,-0.6723092198371887,0.5383598208427429,3.1245391368865967,1.0381498336791992,6.19125509262085,1.9542163610458374,0.3502504527568817,1.1095770597457886,0.9366636276245117,0.5756849650952182,-0.4667350649833679,0.59452885389328,6.476042747497559,0.8816302418708801,2.5689120292663574,0.7946255207061768,0.5225492715835571,1.6893274784088135,0.8526090383529663,0.09910744832799862,-0.7551639080047607,0.41920146346092224,2.145451068878174,1.1957533359527588
cifar10_iid_federaser_r1,cifar10,iid,0,full_retrain,1.0,cifar10_iid_federaser_r1/seed0/full_retrain_alpha1.00,0.6891,0.023444444444444445,0.9093333333333333,0.8858888888888888,True,0.6854,0.022444444444444444,20,2,24.66401481628418,2.442732334136963,0.23897702991962433,2.4127378463745117,0.9710270762443542,-0.5535327792167664,0.10078058391809464,7.650215148925781,3.2778241634368896,11.308614730834961,0.6436229348182678,0.4797576069831848,8.429461479187012,0.8774012327194214,0.2102192314553379,-0.6510933637619019,-0.021623438224196434,1.490855097770691,7.672362804412842,11.984188079833984,1.0500116348266602,0.27309033274650574,3.1168832778930664,0.9619884490966797,0.23608632387168677,-0.5525891184806824,0.08071090281009674,3.1245391368865967,3.884840250015259,15.825742721557617,1.9542163610458374,0.16486786305904388,1.3350580930709839,0.9863169193267822,0.41170994896582197,-0.4906505346298218,0.14895032346248627,6.476042747497559,2.4987823963165283,9.293808937072754,0.7946255207061768,0.3209954500198364,3.7543087005615234,0.9470807909965515,0.14198452078981075,-0.6307345628738403,0.05478958785533905,2.145451068878174,4.392083168029785
cifar10_iid_federaser_r1,cifar10,iid,1,federaser,1.0,cifar10_iid_federaser_r1/seed1/federaser_alpha1.00,0.6235,0.025333333333333333,0.9164444444444444,0.8911111111111111,True,0.6929,0.017777777777777778,20,2,8.134281158447266,2.3985962867736816,0.4346787631511688,1.474003791809082,0.9006004333496094,-0.603767454624176,0.5140593647956848,7.398934364318848,1.0384654998779297,2.8947081565856934,0.6229283809661865,0.7697631120681763,3.577040433883667,0.6383295655250549,0.12663208129754341,-0.8737376928329468,0.20480024814605713,1.5320392847061157,1.9483566284179688,3.6765048503875732,0.9848732948303223,0.514122486114502,1.9192034006118774,0.8577168583869934,0.20427007418776708,-0.6872553825378418,0.5306229591369629,3.0613317489624023,1.0806374549865723,6.115250587463379,1.9040344953536987,0.3482935130596161,1.1185650825500488,0.9373933672904968,0.565171412205608,-0.4714193642139435,0.5680848956108093,6.164833068847656,0.9257450699806213,2.622382640838623,0.8775684833526611,0.510981559753418,1.526934266090393,0.8595917820930481,0.10392650437074144,-0.7261473536491394,0.4495502710342407,2.2408668994903564,1.14774489402771
cifar10_iid_federaser_r1,cifar10,iid,1,full_retrain,1.0,cifar10_iid_federaser_r1/seed1/full_retrain_alpha1.00,0.6863,0.022111111111111113,0.9164444444444444,0.8943333333333333,True,0.6929,0.017777777777777778,20,2,24.031156539916992,2.3985962867736816,0.23796026408672333,2.383911609649658,0.9712786674499512,-0.5331199169158936,0.09117546677589417,7.398934364318848,3.310112476348877,10.288565635681152,0.6229283809661865,0.4571877717971802,7.551120758056641,0.8893702030181885,0.1832904449084452,-0.5767933130264282,-0.01841113716363907,1.5320392847061157,6.80783224105835,11.849700927734375,0.9848732948303223,0.2852250039577484,3.431739091873169,0.9584605097770691,0.24313356299927216,-0.5341367125511169,0.07745363563299179,3.0613317489624023,3.9221439361572266,15.715391159057617,1.9040344953536987,0.16825854778289795,1.388685703277588,0.9857398867607117,0.4276500243232272,-0.48968151211738586,0.13848049938678741,6.164833068847656,2.6062211990356445,9.180179595947266,0.8775684833526611,0.3007231056690216,3.1458427906036377,0.9537114500999451,0.1459259413479961,-0.6225332021713257,0.013396220281720161,2.2408668994903564,4.203958034515381
cifar10_iid_federaser_r1,cifar10,iid,2,federaser,1.0,cifar10_iid_federaser_r1/seed2/federaser_alpha1.00,0.6396,0.03977777777777778,0.9155555555555556,0.8757777777777778,True,0.6913,0.021444444444444443,20,2,7.959141731262207,2.4576330184936523,0.4394513964653015,1.4230830669403076,0.8982810974121094,-0.6006854176521301,0.49203699827194214,7.214247703552246,1.0637433528900146,2.928715944290161,0.6144750118255615,0.8238903880119324,3.9268321990966797,0.5667490363121033,0.13539213187974594,-0.8773584365844727,0.23609688878059387,1.5558346509933472,1.9117003679275513,3.579436779022217,1.0070531368255615,0.5251662731170654,1.8666322231292725,0.8510003089904785,0.2022407578995641,-0.6739146709442139,0.5457413792610168,3.094754219055176,1.0369826555252075,5.958644866943359,1.9630482196807861,0.35002484917640686,1.0624151229858398,0.9367514848709106,0.5604716387397115,-0.45422905683517456,0.5399041771888733,6.032421112060547,0.9534865021705627,2.540726900100708,0.8915672898292542,0.4970475435256958,1.4164520502090454,0.8677232265472412,0.10189550158808991,-0.7648299932479858,0.3548019826412201,1.9127463102340698,1.3497557640075684
cifar10_iid_federaser_r1,cifar10,iid,2,full_retrain,1.0,cifar10_iid_federaser_r1/seed2/full_retrain_alpha1.00,0.6705,0.02311111111111111,0.9155555555555556,0.8924444444444445,True,0.6913,0.021444444444444443,20,2,24.10108757019043,2.4576330184936523,0.22405847907066345,2.1971068382263184,0.974574863910675,-0.5492709279060364,0.08340490609407425,7.214247703552246,3.406376838684082,10.409582138061523,0.6144750118255615,0.4283878207206726,7.257149696350098,0.9035948514938354,0.1865410321705902,-0.6123683452606201,-0.0315808542072773,1.5558346509933472,6.796152591705322,11.877869606018066,1.0070531368255615,0.2637792229652405,3.111189365386963,0.9645835757255554,0.24287634030116217,-0.5600075125694275,0.0738706961274147,3.094754219055176,3.89406156539917,15.724584579467773,1.9630482196807861,0.16163142025470734,1.2946512699127197,0.9868529438972473,0.4256734656094441,-0.4863583445549011,0.12458331137895584,6.032421112060547,2.67307186126709,9.174742698669434,0.8915672898292542,0.2917768359184265,3.0025527477264404,0.9564865827560425,0.14490910938269655,-0.6506438851356506,0.027359262108802795,1.9127463102340698,4.872907638549805
cifar10_iid_federaser_r1,cifar10,iid,3,federaser,1.0,cifar10_iid_federaser_r1/seed3/federaser_alpha1.00,0.6262,0.02311111111111111,0.9108888888888889,0.8877777777777778,True,0.6838,0.021111111111111112,20,2,8.292572021484375,2.442943572998047,0.42933323979377747,1.4572612047195435,0.903160035610199,-0.5990843176841736,0.5816109776496887,8.209630966186523,0.9194557070732117,2.9686198234558105,0.630424439907074,0.7725033760070801,3.63765811920166,0.635010838508606,0.12814521026440695,-0.8772667050361633,0.32221731543540955,1.829430103302002,1.608551263809204,3.9011552333831787,1.0351555347442627,0.5412132143974304,2.0396480560302734,0.8408858776092529,0.22129948311423672,-0.6563320159912109,0.6567310094833374,3.918611764907837,0.8267420530319214,6.211900234222412,1.940380334854126,0.3319053649902344,1.0624921321868896,0.9433176517486572,0.5611246924778212,-0.4730663001537323,0.6247614026069641,6.708156585693359,0.8369476199150085,2.479971170425415,0.8568196892738342,0.5015024542808533,1.4515438079833984,0.8651562929153442,0.08943066961290369,-0.7378325462341309,0.3715420961380005,1.9230901002883911,1.3056583404541016
cifar10_iid_federaser_r1,cifar10,iid,3,full_retrain,1.0,cifar10_iid_federaser_r1/seed3/full_retrain_alpha1.00,0.6892,0.021111111111111112,0.9108888888888889,0.8897777777777778,True,0.6838,0.021111111111111112,20,2,24.213232040405273,2.442943572998047,0.22785551846027374,2.25821852684021,0.9736987948417664,-0.5328614115715027,0.1187039390206337,8.209630966186523,2.9997715950012207,10.929068565368652,0.630424439907074,0.4168938994407654,7.227292060852051,0.9089551568031311,0.20372306548480357,-0.6104350090026855,-0.010403702035546303,1.829430103302002,6.067399024963379,11.875306129455566,1.0351555347442627,0.2680225968360901,3.0747499465942383,0.9634129405021667,0.24052698521227606,-0.5369483828544617,0.12872245907783508,3.918611764907837,3.066542625427246,15.726641654968262,1.940380334854126,0.16183917224407196,1.3116158246994019,0.9868181347846985,0.4218472246107568,-0.48520132899284363,0.16679924726486206,6.708156585693359,2.390434980392456,8.860489845275879,0.8568196892738342,0.3124742805957794,3.2313385009765625,0.9499262571334839,0.13390272469216358,-0.5873469114303589,0.012754838913679123,1.9230901002883911,4.702213287353516
cifar10_iid_federaser_r1,cifar10,iid,4,federaser,1.0,cifar10_iid_federaser_r1/seed4/federaser_alpha1.00,0.6236,0.022222222222222223,0.9066666666666666,0.8844444444444444,True,0.6854,0.023555555555555555,20,2,8.186990737915039,2.4874093532562256,0.44220590591430664,1.4553616046905518,0.8969240188598633,-0.592860996723175,0.5170005559921265,7.662850856781006,1.018235683441162,2.8325035572052,0.600085437297821,0.7402242422103882,3.4939815998077393,0.6723601222038269,0.11969208220823312,-0.8681567907333374,0.2318192571401596,1.5488473176956177,1.8699065446853638,3.7937307357788086,1.0590442419052124,0.548854410648346,1.9661160707473755,0.8359183073043823,0.21471265725793784,-0.6506054401397705,0.587513267993927,3.509019136428833,0.9478883147239685,6.180818557739258,1.9903777837753296,0.3611985445022583,1.121579885482788,0.9324974417686462,0.5699489089544092,-0.4668724536895752,0.560346245765686,6.355264663696289,0.9251885414123535,2.5320510864257812,0.8626244068145752,0.5028788447380066,1.4760942459106445,0.8643568754196167,0.09564655076256413,-0.7511222958564758,0.3291347324848175,1.9023752212524414,1.3767328262329102
cifar10_iid_federaser_r1,cifar10,iid,4,full_retrain,1.0,cifar10_iid_federaser_r1/seed4/full_retrain_alpha1.00,0.694,0.025,0.9066666666666666,0.8816666666666666,True,0.6854,0.023555555555555555,20,2,24.638412475585938,2.4874093532562256,0.21756845712661743,2.1549179553985596,0.9760469794273376,-0.5435661673545837,0.0850609689950943,7.662850856781006,3.284992218017578,11.14264965057373,0.600085437297821,0.40059658885002136,7.438451766967773,0.9162546992301941,0.20451763727698602,-0.6262021660804749,-0.08851116895675659,1.5488473176956177,7.350470066070557,12.135564804077148,1.0590442419052124,0.270820677280426,3.103325128555298,0.9626299738883972,0.24259063953257484,-0.5492121577262878,0.09726680815219879,3.509019136428833,3.505383253097534,15.824591636657715,1.9903777837753296,0.16147609055042267,1.283745527267456,0.9868786931037903,0.4125048698499609,-0.48537227511405945,0.13659819960594177,6.355264663696289,2.553403377532959,9.231796264648438,0.8626244068145752,0.26227447390556335,2.8068583011627197,0.9649932980537415,0.14038677793634988,-0.6227450370788574,-0.01665561832487583,1.9023752212524414,4.971022605895996
cifar10_iid_federaser_dt1,cifar10,iid,0,federaser,1.0,cifar10_iid_federaser_dt1/seed0/federaser_alpha1.00,0.6022,0.012222222222222223,0.9093333333333333,0.8971111111111111,True,0.6854,0.022444444444444444,40,1,8.190370559692383,4.842743396759033,0.39926379919052124,0.6752029061317444,0.916847825050354,-0.39103639125823975,0.6088136434555054,7.650215148925781,0.9179710149765015,2.1460764408111572,1.2722396850585938,0.8084158301353455,1.363675594329834,0.5886116027832031,0.06865297197409144,-0.7626510858535767,0.4136466383934021,1.490855097770691,1.3715898990631104,3.2047598361968994,2.0536062717437744,0.5286669731140137,0.8250111937522888,0.8488293886184692,0.15309469846622537,-0.5619819760322571,0.7175216674804688,3.1245391368865967,0.7616565823554993,6.720184803009033,3.8918614387512207,0.3141731321811676,0.5424523949623108,0.9493752717971802,0.6732115875692221,-0.23147501051425934,0.6234227418899536,6.476042747497559,0.8848851323127747,2.654571056365967,1.5718228816986084,0.4632437229156494,0.7823482155799866,0.886231005191803,0.10504072066687001,-0.6212754845619202,0.4402492046356201,2.145451068878174,1.2006137371063232
cifar10_iid_federaser_dt1,cifar10,iid,0,full_retrain,1.0,cifar10_iid_federaser_dt1/seed0/full_retrain_alpha1.00,0.6891,0.023444444444444445,0.9093333333333333,0.8858888888888888,True,0.6854,0.022444444444444444,40,1,24.66401481628418,4.842743396759033,0.24273112416267395,1.2361183166503906,0.9700960516929626,-0.5565310716629028,0.10078058391809464,7.650215148925781,3.2778241634368896,11.308614730834961,1.2722396850585938,0.4861714243888855,4.321454048156738,0.873863697052002,0.2102192314553379,-0.6521497964859009,-0.021623438224196434,1.490855097770691,7.672362804412842,11.984188079833984,2.0536062717437744,0.279739111661911,1.6324652433395386,0.9600763320922852,0.23608632387168677,-0.5525680780410767,0.08071090281009674,3.1245391368865967,3.884840250015259,15.825742721557617,3.8918614387512207,0.16629275679588318,0.6761589646339417,0.9860779047012329,0.41170994896582197,-0.4956846535205841,0.14895032346248627,6.476042747497559,2.4987823963165283,9.293808937072754,1.5718228816986084,0.33341842889785767,1.971421718597412,0.942779004573822,0.14198452078981075,-0.6315158605575562,0.05478958785533905,2.145451068878174,4.392083168029785
cifar10_iid_federaser_dt1,cifar10,iid,1,federaser,1.0,cifar10_iid_federaser_dt1/seed1/federaser_alpha1.00,0.5542,0.07177777777777777,0.9164444444444444,0.8446666666666667,True,0.6929,0.017777777777777778,40,1,8.022992134094238,4.767478942871094,0.37746891379356384,0.6351811289787292,0.9260319471359253,-0.3945722281932831,0.6205869317054749,7.398934364318848,0.911051332950592,2.140204668045044,1.243944525718689,0.7695562839508057,1.3240203857421875,0.6385791897773743,0.07115641029895607,-0.7286944389343262,0.4861810505390167,1.5320392847061157,1.2622023820877075,3.1564455032348633,1.9528695344924927,0.5005689859390259,0.8090748190879822,0.8656966686248779,0.15477481996738315,-0.5652865767478943,0.7359165549278259,3.0613317489624023,0.7386085391044617,6.52375602722168,3.792656421661377,0.30074068903923035,0.5172766447067261,0.9537116885185242,0.6611776076877127,-0.2396276742219925,0.6331732273101807,6.164833068847656,0.8830738067626953,2.695742130279541,1.7275310754776,0.39995530247688293,0.6241138577461243,0.9165346622467041,0.11289119908359961,-0.6099916696548462,0.4418153166770935,2.2408668994903564,1.176514983177185
cifar10_iid_federaser_dt1,cifar10,iid,1,full_retrain,1.0,cifar10_iid_federaser_dt1/seed1/full_retrain_alpha1.00,0.6863,0.022111111111111113,0.9164444444444444,0.8943333333333333,True,0.6929,0.017777777777777778,40,1,24.031156539916992,4.767478942871094,0.24100880324840546,1.214751958847046,0.9705271124839783,-0.537964403629303,0.09117546677589417,7.398934364318848,3.310112476348877,10.288565635681152,1.243944525718689,0.46079444885253906,3.8111939430236816,0.887506902217865,0.1832904449084452,-0.5798372626304626,-0.01841113716363907,1.5320392847061157,6.80783224105835,11.849700927734375,1.9528695344924927,0.2897224426269531,1.7579883337020874,0.9571102857589722,0.24313356299927216,-0.5383927822113037,0.07745363563299179,3.0613317489624023,3.9221439361572266,15.715391159057617,3.792656421661377,0.170074000954628,0.70468670129776,0.9854304194450378,0.4276500243232272,-0.4948256313800812,0.13848049938678741,6.164833068847656,2.6062211990356445,9.180179595947266,1.7275310754776,0.30727526545524597,1.6328744888305664,0.951620876789093,0.1459259413479961,-0.6246541142463684,0.013396220281720161,2.2408668994903564,4.203958034515381
cifar10_iid_federaser_dt1,cifar10,iid,2,federaser,1.0,cifar10_iid_federaser_dt1/seed2/federaser_alpha1.00,0.5934,0.006222222222222222,0.9155555555555556,0.9093333333333333,True,0.6913,0.021444444444444443,40,1,7.8889923095703125,4.880146503448486,0.4036496579647064,0.6524772047996521,0.914927065372467,-0.39663150906562805,0.6015258431434631,7.214247703552246,0.9382504820823669,2.196014404296875,1.2445083856582642,0.8451505899429321,1.4913220405578613,0.5345281958580017,0.07748223025166233,-0.7650051712989807,0.4429035484790802,1.5558346509933472,1.319832444190979,3.2641825675964355,1.991082787513733,0.515697181224823,0.8454338908195496,0.8567708730697632,0.1711910259208395,-0.5678435564041138,0.7085663676261902,3.094754219055176,0.7859873175621033,6.330005168914795,3.9011268615722656,0.31540557742118835,0.5117546319961548,0.9489639401435852,0.6438135913851801,-0.214826762676239,0.6211513876914978,6.032421112060547,0.8930674195289612,2.58681321144104,1.7563023567199707,0.4600697457790375,0.6776251196861267,0.8878828287124634,0.10751325203908288,-0.6427190899848938,0.37285086512565613,1.9127463102340698,1.34926438331604
cifar10_iid_federaser_dt1,cifar10,iid,2,full_retrain,1.0,cifar10_iid_federaser_dt1/seed2/full_retrain_alpha1.00,0.6705,0.02311111111111111,0.9155555555555556,0.8924444444444445,True,0.6913,0.021444444444444443,40,1,24.10108757019043,4.880146503448486,0.2293102741241455,1.1323987245559692,0.9733549952507019,-0.5518659949302673,0.08340490609407425,7.214247703552246,3.406376838684082,10.409582138061523,1.2445083856582642,0.43416014313697815,3.6314945220947266,0.9008356928825378,0.1865410321705902,-0.6121566891670227,-0.0315808542072773,1.5558346509933472,6.796152591705322,11.877869606018066,1.991082787513733,0.27226099371910095,1.6241810321807861,0.9622242450714111,0.24287634030116217,-0.5608038902282715,0.0738706961274147,3.094754219055176,3.89406156539917,15.724584579467773,3.9011268615722656,0.16295047104358673,0.6567848324775696,0.9866353869438171,0.4256734656094441,-0.49047359824180603,0.12458331137895584,6.032421112060547,2.67307186126709,9.174742698669434,1.7563023567199707,0.30479758977890015,1.5922313928604126,0.952417254447937,0.14490910938269655,-0.6516815423965454,0.027359262108802795,1.9127463102340698,4.872907638549805
cifar10_iid_federaser_dt1,cifar10,iid,3,federaser,1.0,cifar10_iid_federaser_dt1/seed3/federaser_alpha1.00,0.5973,0.03244444444444444,0.9108888888888889,0.8784444444444444,True,0.6838,0.021111111111111112,40,1,8.215022087097168,4.909717559814453,0.38952115178108215,0.6517035365104675,0.9210300445556641,-0.4045831859111786,0.6662742495536804,8.209630966186523,0.8172931671142578,2.2131268978118896,1.268041968345642,0.7767131328582764,1.3556057214736938,0.6298543214797974,0.07257209234104896,-0.7235625386238098,0.5728515386581421,1.829430103302002,1.0380089282989502,3.6254730224609375,2.0890865325927734,0.5204381942749023,0.9031853079795837,0.8539001941680908,0.19475443753871755,-0.5607072710990906,0.800179660320282,3.918611764907837,0.6126535534858704,6.566836357116699,3.9004299640655518,0.2929888069629669,0.4932515621185303,0.9561219811439514,0.6389807621872641,-0.24915102124214172,0.6680951714515686,6.708156585693359,0.8064267635345459,2.5146324634552,1.7089985609054565,0.48511505126953125,0.7138016819953918,0.8744504451751709,0.09369280684639142,-0.6291603446006775,0.3757786154747009,1.9230901002883911,1.3141847848892212
cifar10_iid_federaser_dt1,cifar10,iid,3,full_retrain,1.0,cifar10_iid_federaser_dt1/seed3/full_retrain_alpha1.00,0.6892,0.021111111111111112,0.9108888888888889,0.8897777777777778,True,0.6838,0.021111111111111112,40,1,24.213232040405273,4.909717559814453,0.2296164333820343,1.1323117017745972,0.9732856154441833,-0.5378277897834778,0.1187039390206337,8.209630966186523,2.9997715950012207,10.929068565368652,1.268041968345642,0.4208276867866516,3.6270527839660645,0.9071404933929443,0.20372306548480357,-0.6160498261451721,-0.010403702035546303,1.829430103302002,6.067399024963379,11.875306129455566,2.0890865325927734,0.26866069436073303,1.5271860361099243,0.9632351994514465,0.24052698521227606,-0.5408391952514648,0.12872245907783508,3.918611764907837,3.066542625427246,15.726641654968262,3.9004299640655518,0.16307729482650757,0.6574923992156982,0.9866142272949219,0.4218472246107568,-0.4896756708621979,0.16679924726486206,6.708156585693359,2.390434980392456,8.860489845275879,1.7089985609054565,0.316751629114151,1.6422333717346191,0.9485085010528564,0.13390272469216358,-0.5890896320343018,0.012754838913679123,1.9230901002883911,4.702213287353516
cifar10_iid_federaser_dt1,cifar10,iid,4,federaser,1.0,cifar10_iid_federaser_dt1/seed4/federaser_alpha1.00,0.5769,0.036333333333333336,0.9066666666666666,0.8703333333333333,True,0.6854,0.023555555555555555,40,1,8.184371948242188,4.953341960906982,0.4045855402946472,0.6684462428092957,0.9145106077194214,-0.39700159430503845,0.6069878935813904,7.662850856781006,0.9188171029090881,2.1554267406463623,1.2107820510864258,0.7671732902526855,1.3657171726226807,0.6414399147033691,0.06935385739939129,-0.7453577518463135,0.4456155598163605,1.5488473176956177,1.3024498224258423,3.5353057384490967,2.1034533977508545,0.5389745831489563,0.9058616161346436,0.8423223495483398,0.18657710977697733,-0.5399670600891113,0.7434248924255371,3.509019136428833,0.7190626859664917,6.572618007659912,3.970283031463623,0.319498747587204,0.5288841724395752,0.9475930333137512,0.6449130199223734,-0.24139182269573212,0.6143747568130493,6.355264663696289,0.8937906622886658,2.577256679534912,1.697868824005127,0.4694841206073761,0.7126471400260925,0.882940948009491,0.09915611967523853,-0.6296238899230957,0.34562447667121887,1.9023752212524414,1.3780033588409424
cifar10_iid_federaser_dt1,cifar10,iid,4,full_retrain,1.0,cifar10_iid_federaser_dt1/seed4/full_retrain_alpha1.00,0.694,0.025,0.9066666666666666,0.8816666666666666,True,0.6854,0.023555555555555555,40,1,24.638412475585938,4.953341960906982,0.220962256193161,1.0990097522735596,0.9752857089042664,-0.5473054647445679,0.0850609689950943,7.662850856781006,3.284992218017578,11.14264965057373,1.2107820510864258,0.40309104323387146,3.7095882892608643,0.9151599407196045,0.20451763727698602,-0.6271944046020508,-0.08851116895675659,1.5488473176956177,7.350470066070557,12.135564804077148,2.1034533977508545,0.27450239658355713,1.583699345588684,0.9615868330001831,0.24259063953257484,-0.5500799417495728,0.09726680815219879,3.509019136428833,3.505383253097534,15.824591636657715,3.970283031463623,0.16346418857574463,0.6514905691146851,0.9865503907203674,0.4125048698499609,-0.4905373454093933,0.13659819960594177,6.355264663696289,2.553403377532959,9.231796264648438,1.697868824005127,0.27122586965560913,1.4747326374053955,0.9625158309936523,0.14038677793634988,-0.6260198354721069,-0.01665561832487583,1.9023752212524414,4.971022605895996
