exp_id,dataset,architecture,partition,num_clients,num_malicious,poison_rate,rounds,local_epochs,batch_size,optimizer,lr,config_path,compromised_checkpoint_sha256,alpha,seed,method,BA,ASR,counterfactual_BA,counterfactual_ASR,runtime,status,checkpoint_path,checkpoint_sha256,run_id,deleted_clients,num_parameters
cifar10_dirichlet,cifar10,simplecnn,dirichlet0.5,20,4,0.5,40,2,64,sgd,0.01,configs/final/cifar10_dirichlet.json,5a9fa9c5c223df70cf81d1a3b3835eefb09a31e836bd8041cad81b6c716ff2dc,0.0,0,before,0.6708,0.9381111111111111,,,202.45906376838684,completed,checkpoints/cifar10_dirichlet/seed0/compromised.pt,5a9fa9c5c223df70cf81d1a3b3835eefb09a31e836bd8041cad81b6c716ff2dc,cifar10_dirichlet/seed0/compromised,,545098
cifar10_dirichlet,cifar10,simplecnn,dirichlet0.5,20,4,0.5,40,2,64,sgd,0.01,configs/final/cifar10_dirichlet.json,5a9fa9c5c223df70cf81d1a3b3835eefb09a31e836bd8041cad81b6c716ff2dc,0.25,0,cf_sameinit,0.6682,0.9218888888888889,0.6682,0.9218888888888889,191.93198108673096,completed,checkpoints_v2/cifar10_dirichlet/seed0/cf_sameinit_alpha0.25.pt,22db00970c0f3e83546845bfeb3ad855b279a1bed00db674408cc9d64e58c54e,cifar10_dirichlet/seed0/cf_sameinit_alpha0.25,0,545098
cifar10_dirichlet,cifar10,simplecnn,dirichlet0.5,20,4,0.5,40,2,64,sgd,0.01,configs/final/cifar10_dirichlet.json,5a9fa9c5c223df70cf81d1a3b3835eefb09a31e836bd8041cad81b6c716ff2dc,0.25,0,federaser,0.4824,0.722,0.6682,0.9218888888888889,49.176121950149536,completed,checkpoints_v2/cifar10_dirichlet/seed0/federaser_alpha0.25.pt,f6b741a5227551a8ed1342f5cf567ecab3ea9174a0290604f821557138878587,cifar10_dirichlet/seed0/federaser_alpha0.25,0,545098
cifar10_dirichlet,cifar10,simplecnn,dirichlet0.5,20,4,0.5,40,2,64,sgd,0.01,configs/final/cifar10_dirichlet.json,5a9fa9c5c223df70cf81d1a3b3835eefb09a31e836bd8041cad81b6c716ff2dc,0.25,0,full_retrain,0.6599,0.9194444444444444,0.6682,0.9218888888888889,182.69371581077576,completed,checkpoints/cifar10_dirichlet/seed0/full_retrain_alpha0.25.pt,f09bf0e06c708bcba79f8f89dc18f4fc60c1cafba6beba5f9dab2730d0d247e3,cifar10_dirichlet/seed0/full_retrain_alpha0.25,0,545098
cifar10_dirichlet,cifar10,simplecnn,dirichlet0.5,20,4,0.5,40,2,64,sgd,0.01,configs/final/cifar10_dirichlet.json,5a9fa9c5c223df70cf81d1a3b3835eefb09a31e836bd8041cad81b6c716ff2dc,0.25,0,grad_negation,0.6744,0.9357777777777778,0.6682,0.9218888888888889,25.636853218078613,completed,checkpoints/cifar10_dirichlet/seed0/grad_negation_alpha0.25.pt,acf7262ad818d1adaaf340790c3297dc5017455154d09221f780967954e82222,cifar10_dirichlet/seed0/grad_negation_alpha0.25,0,545098
cifar10_dirichlet,cifar10,simplecnn,dirichlet0.5,20,4,0.5,40,2,64,sgd,0.01,configs/final/cifar10_dirichlet.json,5a9fa9c5c223df70cf81d1a3b3835eefb09a31e836bd8041cad81b6c716ff2dc,0.25,0,short_retrain,0.6721,0.9368888888888889,0.6682,0.9218888888888889,22.867957830429077,completed,checkpoints/cifar10_dirichlet/seed0/short_retrain_alpha0.25.pt,0792dc70ba6f47283ae61da4384a72ebaa676bd387bd42956ffaa3ef4359753c,cifar10_dirichlet/seed0/short_retrain_alpha0.25,0,545098
cifar10_dirichlet,cifar10,simplecnn,dirichlet0.5,20,4,0.5,40,2,64,sgd,0.01,configs/final/cifar10_dirichlet.json,5a9fa9c5c223df70cf81d1a3b3835eefb09a31e836bd8041cad81b6c716ff2dc,0.5,0,cf_sameinit,0.6681,0.8984444444444445,0.6681,0.8984444444444445,187.13616800308228,completed,checkpoints_v2/cifar10_dirichlet/seed0/cf_sameinit_alpha0.50.pt,95c489201d497ab5db8bf36744ca6738b20f45081360818ce905e1f70d2b82d3,cifar10_dirichlet/seed0/cf_sameinit_alpha0.50,0 1,545098
cifar10_dirichlet,cifar10,simplecnn,dirichlet0.5,20,4,0.5,40,2,64,sgd,0.01,configs/final/cifar10_dirichlet.json,5a9fa9c5c223df70cf81d1a3b3835eefb09a31e836bd8041cad81b6c716ff2dc,0.5,0,federaser,0.4908,0.372,0.6681,0.8984444444444445,46.038002014160156,completed,checkpoints_v2/cifar10_dirichlet/seed0/federaser_alpha0.50.pt,78f0452398cb91cdae7099024bf57bf9f0d819347c381070ca4334a1428a70b7,cifar10_dirichlet/seed0/federaser_alpha0.50,0 1,545098
cifar10_dirichlet,cifar10,simplecnn,dirichlet0.5,20,4,0.5,40,2,64,sgd,0.01,configs/final/cifar10_dirichlet.json,5a9fa9c5c223df70cf81d1a3b3835eefb09a31e836bd8041cad81b6c716ff2dc,0.5,0,full_retrain,0.6602,0.9031111111111111,0.6681,0.8984444444444445,175.69967222213745,completed,checkpoints/cifar10_dirichlet/seed0/full_retrain_alpha0.50.pt,11d4d96f8a28bb0631d6df7cdbbde2a82639c9e712c46bcda431b3718aaf507f,cifar10_dirichlet/seed0/full_retrain_alpha0.50,0 1,545098
cifar10_dirichlet,cifar10,simplecnn,dirichlet0.5,20,4,0.5,40,2,64,sgd,0.01,configs/final/cifar10_dirichlet.json,5a9fa9c5c223df70cf81d1a3b3835eefb09a31e836bd8041cad81b6c716ff2dc,0.5,0,grad_negation,0.666,0.9205555555555556,0.6681,0.8984444444444445,25.23047399520874,completed,checkpoints/cifar10_dirichlet/seed0/grad_negation_alpha0.50.pt,9edd8f3974b0d05fa5081431438ebcba80dcd1ae7d9962b75f5946ab94a73e97,cifar10_dirichlet/seed0/grad_negation_alpha0.50,0 1,545098
cifar10_dirichlet,cifar10,simplecnn,dirichlet0.5,20,4,0.5,40,2,64,sgd,0.01,configs/final/cifar10_dirichlet.json,5a9fa9c5c223df70cf81d1a3b3835eefb09a31e836bd8041cad81b6c716ff2dc,0.5,0,short_retrain,0.6724,0.9208888888888889,0.6681,0.8984444444444445,22.236294746398926,completed,checkpoints/cifar10_dirichlet/seed0/short_retrain_alpha0.50.pt,717bb9da3cc206d41123a09ecba767e47320ca7c690491b782171c999c86bd67,cifar10_dirichlet/seed0/short_retrain_alpha0.50,0 1,545098
cifar10_dirichlet,cifar10,simplecnn,dirichlet0.5,20,4,0.5,40,2,64,sgd,0.01,configs/final/cifar10_dirichlet.json,5a9fa9c5c223df70cf81d1a3b3835eefb09a31e836bd8041cad81b6c716ff2dc,0.75,0,cf_sameinit,0.6617,0.5571111111111111,0.6617,0.5571111111111111,169.6350119113922,completed,checkpoints_v2/cifar10_dirichlet/seed0/cf_sameinit_alpha0.75.pt,20483088a445ec159d06de493df707a6b93a3c68d536835f314c156d3f3ae5a1,cifar10_dirichlet/seed0/cf_sameinit_alpha0.75,0 1 2,545098
cifar10_dirichlet,cifar10,simplecnn,dirichlet0.5,20,4,0.5,40,2,64,sgd,0.01,configs/final/cifar10_dirichlet.json,5a9fa9c5c223df70cf81d1a3b3835eefb09a31e836bd8041cad81b6c716ff2dc,0.75,0,federaser,0.4463,0.01877777777777778,0.6617,0.5571111111111111,42.21491312980652,completed,checkpoints_v2/cifar10_dirichlet/seed0/federaser_alpha0.75.pt,b124b8e88694846f3fedb6d27d3406cb83cb982debc2897a83d7afd32308a398,cifar10_dirichlet/seed0/federaser_alpha0.75,0 1 2,545098
cifar10_dirichlet,cifar10,simplecnn,dirichlet0.5,20,4,0.5,40,2,64,sgd,0.01,configs/final/cifar10_dirichlet.json,5a9fa9c5c223df70cf81d1a3b3835eefb09a31e836bd8041cad81b6c716ff2dc,0.75,0,full_retrain,0.6549,0.5051111111111111,0.6617,0.5571111111111111,159.35626602172852,completed,checkpoints/cifar10_dirichlet/seed0/full_retrain_alpha0.75.pt,72fe607bd0fbd996e7d5b5887da5bf6c06653f140f15227edd159fa13992b5fb,cifar10_dirichlet/seed0/full_retrain_alpha0.75,0 1 2,545098
cifar10_dirichlet,cifar10,simplecnn,dirichlet0.5,20,4,0.5,40,2,64,sgd,0.01,configs/final/cifar10_dirichlet.json,5a9fa9c5c223df70cf81d1a3b3835eefb09a31e836bd8041cad81b6c716ff2dc,0.75,0,grad_negation,0.6625,0.882,0.6617,0.5571111111111111,26.787176847457886,completed,checkpoints/cifar10_dirichlet/seed0/grad_negation_alpha0.75.pt,a3b3a8465d6c4e39ad46f436a8167f1dd94984ccc27883672621142d4a0ada15,cifar10_dirichlet/seed0/grad_negation_alpha0.75,0 1 2,545098
cifar10_dirichlet,cifar10,simplecnn,dirichlet0.5,20,4,0.5,40,2,64,sgd,0.01,configs/final/cifar10_dirichlet.json,5a9fa9c5c223df70cf81d1a3b3835eefb09a31e836bd8041cad81b6c716ff2dc,0.75,0,short_retrain,0.6721,0.9022222222222223,0.6617,0.5571111111111111,20.24807095527649,completed,checkpoints/cifar10_dirichlet/seed0/short_retrain_alpha0.75.pt,91f74fb79fcf29cd61b1b0221290463dbd4fcef29b1dfa51a5f7dd139185a4b6,cifar10_dirichlet/seed0/short_retrain_alpha0.75,0 1 2,545098
cifar10_dirichlet,cifar10,simplecnn,dirichlet0.5,20,4,0.5,40,2,64,sgd,0.01,configs/final/cifar10_dirichlet.json,5a9fa9c5c223df70cf81d1a3b3835eefb09a31e836bd8041cad81b6c716ff2dc,1.0,0,cf_sameinit,0.6656,0.024,0.6656,0.024,158.69161701202393,completed,checkpoints_v2/cifar10_dirichlet/seed0/cf_sameinit_alpha1.00.pt,7b5ce3450450c5e8db7bf1f01547b6fd3200a123f212afc87acff5dee6e84ba8,cifar10_dirichlet/seed0/cf_sameinit_alpha1.00,0 1 2 3,545098
cifar10_dirichlet,cifar10,simplecnn,dirichlet0.5,20,4,0.5,40,2,64,sgd,0.01,configs/final/cifar10_dirichlet.json,5a9fa9c5c223df70cf81d1a3b3835eefb09a31e836bd8041cad81b6c716ff2dc,1.0,0,federaser,0.4713,0.0044444444444444444,0.6656,0.024,40.061997175216675,completed,checkpoints_v2/cifar10_dirichlet/seed0/federaser_alpha1.00.pt,b0067ca2050e8def2fa02c526329c990f6e5cbabea4baa5c31abd0184891dda2,cifar10_dirichlet/seed0/federaser_alpha1.00,0 1 2 3,545098
cifar10_dirichlet,cifar10,simplecnn,dirichlet0.5,20,4,0.5,40,2,64,sgd,0.01,configs/final/cifar10_dirichlet.json,5a9fa9c5c223df70cf81d1a3b3835eefb09a31e836bd8041cad81b6c716ff2dc,1.0,0,full_retrain,0.6616,0.028333333333333332,0.6656,0.024,147.2712140083313,completed,checkpoints/cifar10_dirichlet/seed0/full_retrain_alpha1.00.pt,e28271dad0f483f312212152129a06b3befc01328303a21e40b8950f37e4af00,cifar10_dirichlet/seed0/full_retrain_alpha1.00,0 1 2 3,545098
cifar10_dirichlet,cifar10,simplecnn,dirichlet0.5,20,4,0.5,40,2,64,sgd,0.01,configs/final/cifar10_dirichlet.json,5a9fa9c5c223df70cf81d1a3b3835eefb09a31e836bd8041cad81b6c716ff2dc,1.0,0,grad_negation,0.6653,0.8143333333333334,0.6656,0.024,25.282530784606934,completed,checkpoints/cifar10_dirichlet/seed0/grad_negation_alpha1.00.pt,18b80a7691d4afe267ce617c47dd53a5aa377fa3cf2600e58f2f00a74fb58b47,cifar10_dirichlet/seed0/grad_negation_alpha1.00,0 1 2 3,545098
cifar10_dirichlet,cifar10,simplecnn,dirichlet0.5,20,4,0.5,40,2,64,sgd,0.01,configs/final/cifar10_dirichlet.json,5a9fa9c5c223df70cf81d1a3b3835eefb09a31e836bd8041cad81b6c716ff2dc,1.0,0,short_retrain,0.6715,0.8887777777777778,0.6656,0.024,19.02974271774292,completed,checkpoints/cifar10_dirichlet/seed0/short_retrain_alpha1.00.pt,cc845a0fdb8107f3953b8f498812c3d4b41c44bcb68297b5a4f46064e0b99891,cifar10_dirichlet/seed0/short_retrain_alpha1.00,0 1 2 3,545098
cifar10_dirichlet,cifar10,simplecnn,dirichlet0.5,20,4,0.5,40,2,64,sgd,0.01,configs/final/cifar10_dirichlet.json,7a8e9e91a6fb309221cf8a4453cf01e02eb18bacb82c53df5a32013d103764d0,0.0,1,before,0.6639,0.9451111111111111,,,179.67013931274414,completed,checkpoints/cifar10_dirichlet/seed1/compromised.pt,7a8e9e91a6fb309221cf8a4453cf01e02eb18bacb82c53df5a32013d103764d0,cifar10_dirichlet/seed1/compromised,,545098
cifar10_dirichlet,cifar10,simplecnn,dirichlet0.5,20,4,0.5,40,2,64,sgd,0.01,configs/final/cifar10_dirichlet.json,7a8e9e91a6fb309221cf8a4453cf01e02eb18bacb82c53df5a32013d103764d0,0.25,1,cf_sameinit,0.6666,0.9386666666666666,0.6666,0.9386666666666666,196.81235098838806,completed,checkpoints_v2/cifar10_dirichlet/seed1/cf_sameinit_alpha0.25.pt,e543ede7ef42d850621a1917f79536923757668ba50c09bfe53d24a579987c97,cifar10_dirichlet/seed1/cf_sameinit_alpha0.25,0,545098
cifar10_dirichlet,cifar10,simplecnn,dirichlet0.5,20,4,0.5,40,2,64,sgd,0.01,configs/final/cifar10_dirichlet.json,7a8e9e91a6fb309221cf8a4453cf01e02eb18bacb82c53df5a32013d103764d0,0.25,1,federaser,0.4267,0.7892222222222223,0.6666,0.9386666666666666,52.02464318275452,completed,checkpoints_v2/cifar10_dirichlet/seed1/federaser_alpha0.25.pt,69d3809bc54a61e4a1882de750fb0cf373167dc0991be85d99e02ddab0edd60d,cifar10_dirichlet/seed1/federaser_alpha0.25,0,545098
cifar10_dirichlet,cifar10,simplecnn,dirichlet0.5,20,4,0.5,40,2,64,sgd,0.01,configs/final/cifar10_dirichlet.json,7a8e9e91a6fb309221cf8a4453cf01e02eb18bacb82c53df5a32013d103764d0,0.25,1,full_retrain,0.6627,0.9442222222222222,0.6666,0.9386666666666666,125.76411509513855,completed,checkpoints/cifar10_dirichlet/seed1/full_retrain_alpha0.25.pt,11a686daf0e5dd6690d5093cb84e339f2345fa88952b732c866c6dfb5637cc80,cifar10_dirichlet/seed1/full_retrain_alpha0.25,0,545098
cifar10_dirichlet,cifar10,simplecnn,dirichlet0.5,20,4,0.5,40,2,64,sgd,0.01,configs/final/cifar10_dirichlet.json,7a8e9e91a6fb309221cf8a4453cf01e02eb18bacb82c53df5a32013d103764d0,0.25,1,grad_negation,0.6605,0.9448888888888889,0.6666,0.9386666666666666,17.210472345352173,completed,checkpoints/cifar10_dirichlet/seed1/grad_negation_alpha0.25.pt,e7050241f4727ffe12f4026b5d0b360a4a1ca94c63445378aba0b74a54fdcc6d,cifar10_dirichlet/seed1/grad_negation_alpha0.25,0,545098
cifar10_dirichlet,cifar10,simplecnn,dirichlet0.5,20,4,0.5,40,2,64,sgd,0.01,configs/final/cifar10_dirichlet.json,7a8e9e91a6fb309221cf8a4453cf01e02eb18bacb82c53df5a32013d103764d0,0.25,1,short_retrain,0.6717,0.9461111111111111,0.6666,0.9386666666666666,15.377807855606079,completed,checkpoints/cifar10_dirichlet/seed1/short_retrain_alpha0.25.pt,bbf41396b500f0291c55dd81257a0d7b63e1d1cb7394d03daae3a0ad0fc9a607,cifar10_dirichlet/seed1/short_retrain_alpha0.25,0,545098
cifar10_dirichlet,cifar10,simplecnn,dirichlet0.5,20,4,0.5,40,2,64,sgd,0.01,configs/final/cifar10_dirichlet.json,7a8e9e91a6fb309221cf8a4453cf01e02eb18bacb82c53df5a32013d103764d0,0.5,1,cf_sameinit,0.6652,0.8002222222222222,0.6652,0.8002222222222222,162.34132981300354,completed,checkpoints_v2/cifar10_dirichlet/seed1/cf_sameinit_alpha0.50.pt,09d778fbadb935206f28f8e51c82f6d58cf13fe5398f192af53ffa963dee4af2,cifar10_dirichlet/seed1/cf_sameinit_alpha0.50,0 1,545098
cifar10_dirichlet,cifar10,simplecnn,dirichlet0.5,20,4,0.5,40,2,64,sgd,0.01,configs/final/cifar10_dirichlet.json,7a8e9e91a6fb309221cf8a4453cf01e02eb18bacb82c53df5a32013d103764d0,0.5,1,federaser,0.4473,0.05511111111111111,0.6652,0.8002222222222222,44.72184920310974,completed,checkpoints_v2/cifar10_dirichlet/seed1/federaser_alpha0.50.pt,1f8a7dc55ac18201394ce1cc154ebe6a38730ee6920b2c40b6e0311d26c69c2c,cifar10_dirichlet/seed1/federaser_alpha0.50,0 1,545098
cifar10_dirichlet,cifar10,simplecnn,dirichlet0.5,20,4,0.5,40,2,64,sgd,0.01,configs/final/cifar10_dirichlet.json,7a8e9e91a6fb309221cf8a4453cf01e02eb18bacb82c53df5a32013d103764d0,0.5,1,full_retrain,0.6627,0.7767777777777778,0.6652,0.8002222222222222,112.03049421310425,completed,checkpoints/cifar10_dirichlet/seed1/full_retrain_alpha0.50.pt,612a9d6f5e2ced4b10a573946f504f6fdb9d417323a1b32a65740fad95f3b915,cifar10_dirichlet/seed1/full_retrain_alpha0.50,0 1,545098
cifar10_dirichlet,cifar10,simplecnn,dirichlet0.5,20,4,0.5,40,2,64,sgd,0.01,configs/final/cifar10_dirichlet.json,7a8e9e91a6fb309221cf8a4453cf01e02eb18bacb82c53df5a32013d103764d0,0.5,1,grad_negation,0.6622,0.9152222222222223,0.6652,0.8002222222222222,18.86550498008728,completed,checkpoints/cifar10_dirichlet/seed1/grad_negation_alpha0.50.pt,f62f316428b00dd87ac94eb9e3feba7894fa9e650d2ba684211ee170e2e9808e,cifar10_dirichlet/seed1/grad_negation_alpha0.50,0 1,545098
cifar10_dirichlet,cifar10,simplecnn,dirichlet0.5,20,4,0.5,40,2,64,sgd,0.01,configs/final/cifar10_dirichlet.json,7a8e9e91a6fb309221cf8a4453cf01e02eb18bacb82c53df5a32013d103764d0,0.5,1,short_retrain,0.6721,0.9301111111111111,0.6652,0.8002222222222222,14.366821765899658,completed,checkpoints/cifar10_dirichlet/seed1/short_retrain_alpha0.50.pt,5174c18d50885781be1798dad31699789746622c94ff9e836a1044c6e711c18f,cifar10_dirichlet/seed1/short_retrain_alpha0.50,0 1,545098
cifar10_dirichlet,cifar10,simplecnn,dirichlet0.5,20,4,0.5,40,2,64,sgd,0.01,configs/final/cifar10_dirichlet.json,7a8e9e91a6fb309221cf8a4453cf01e02eb18bacb82c53df5a32013d103764d0,0.75,1,cf_sameinit,0.6599,0.596,0.6599,0.596,149.47012495994568,completed,checkpoints_v2/cifar10_dirichlet/seed1/cf_sameinit_alpha0.75.pt,91cb725233c9ea861ae2eda9df25ba696e9577fb151bb6dc560fcd420262b891,cifar10_dirichlet/seed1/cf_sameinit_alpha0.75,0 1 2,545098
cifar10_dirichlet,cifar10,simplecnn,dirichlet0.5,20,4,0.5,40,2,64,sgd,0.01,configs/final/cifar10_dirichlet.json,7a8e9e91a6fb309221cf8a4453cf01e02eb18bacb82c53df5a32013d103764d0,0.75,1,federaser,0.432,0.2773333333333333,0.6599,0.596,38.98831510543823,completed,checkpoints_v2/cifar10_dirichlet/seed1/federaser_alpha0.75.pt,2773badad578d29318e1256bea4a57f56707c1052f8ef2f800fc5b26c378ed06,cifar10_dirichlet/seed1/federaser_alpha0.75,0 1 2,545098
cifar10_dirichlet,cifar10,simplecnn,dirichlet0.5,20,4,0.5,40,2,64,sgd,0.01,configs/final/cifar10_dirichlet.json,7a8e9e91a6fb309221cf8a4453cf01e02eb18bacb82c53df5a32013d103764d0,0.75,1,full_retrain,0.6623,0.5696666666666667,0.6599,0.596,104.23496890068054,completed,checkpoints/cifar10_dirichlet/seed1/full_retrain_alpha0.75.pt,eee232ca0321dee1827033a4499aef93ffc67420cd0e85730309660f2a013862,cifar10_dirichlet/seed1/full_retrain_alpha0.75,0 1 2,545098
cifar10_dirichlet,cifar10,simplecnn,dirichlet0.5,20,4,0.5,40,2,64,sgd,0.01,configs/final/cifar10_dirichlet.json,7a8e9e91a6fb309221cf8a4453cf01e02eb18bacb82c53df5a32013d103764d0,0.75,1,grad_negation,0.6608,0.8961111111111111,0.6599,0.596,20.127066135406494,completed,checkpoints/cifar10_dirichlet/seed1/grad_negation_alpha0.75.pt,9548983ab8289d60b7aafd06df0364dc8012290db2ffddeb6aff1262746f669c,cifar10_dirichlet/seed1/grad_negation_alpha0.75,0 1 2,545098
cifar10_dirichlet,cifar10,simplecnn,dirichlet0.5,20,4,0.5,40,2,64,sgd,0.01,configs/final/cifar10_dirichlet.json,7a8e9e91a6fb309221cf8a4453cf01e02eb18bacb82c53df5a32013d103764d0,0.75,1,short_retrain,0.6752,0.9116666666666666,0.6599,0.596,13.65606689453125,completed,checkpoints/cifar10_dirichlet/seed1/short_retrain_alpha0.75.pt,fd029503c31278c571ba27d4a846760a0b8e24b2ac1d88452e34ebc394581fcf,cifar10_dirichlet/seed1/short_retrain_alpha0.75,0 1 2,545098
cifar10_dirichlet,cifar10,simplecnn,dirichlet0.5,20,4,0.5,40,2,64,sgd,0.01,configs/final/cifar10_dirichlet.json,7a8e9e91a6fb309221cf8a4453cf01e02eb18bacb82c53df5a32013d103764d0,1.0,1,cf_sameinit,0.6568,0.03211111111111111,0.6568,0.03211111111111111,141.53896188735962,completed,checkpoints_v2/cifar10_dirichlet/seed1/cf_sameinit_alpha1.00.pt,ec32172d5cdbf2a52e4bb905eb4b3116abfea1688c1a6f1c4d94364739f9be01,cifar10_dirichlet/seed1/cf_sameinit_alpha1.00,0 1 2 3,545098
cifar10_dirichlet,cifar10,simplecnn,dirichlet0.5,20,4,0.5,40,2,64,sgd,0.01,configs/final/cifar10_dirichlet.json,7a8e9e91a6fb309221cf8a4453cf01e02eb18bacb82c53df5a32013d103764d0,1.0,1,federaser,0.4339,0.074,0.6568,0.03211111111111111,35.84459090232849,completed,checkpoints_v2/cifar10_dirichlet/seed1/federaser_alpha1.00.pt,a0ea7069b0e57374d564a0a973b8924229173920311fa4a0d561ae2e1a4a5dcc,cifar10_dirichlet/seed1/federaser_alpha1.00,0 1 2 3,545098
cifar10_dirichlet,cifar10,simplecnn,dirichlet0.5,20,4,0.5,40,2,64,sgd,0.01,configs/final/cifar10_dirichlet.json,7a8e9e91a6fb309221cf8a4453cf01e02eb18bacb82c53df5a32013d103764d0,1.0,1,full_retrain,0.6571,0.042333333333333334,0.6568,0.03211111111111111,98.48212504386902,completed,checkpoints/cifar10_dirichlet/seed1/full_retrain_alpha1.00.pt,70a3303a67e894a0ab0e9bfdfa5c442bd8b6180da6c7505d595e54f819e54989,cifar10_dirichlet/seed1/full_retrain_alpha1.00,0 1 2 3,545098
cifar10_dirichlet,cifar10,simplecnn,dirichlet0.5,20,4,0.5,40,2,64,sgd,0.01,configs/final/cifar10_dirichlet.json,7a8e9e91a6fb309221cf8a4453cf01e02eb18bacb82c53df5a32013d103764d0,1.0,1,grad_negation,0.6651,0.8664444444444445,0.6568,0.03211111111111111,19.38962697982788,completed,checkpoints/cifar10_dirichlet/seed1/grad_negation_alpha1.00.pt,ed89eb5ff10b1dcc9472049a4432dc70f64882d2ca1ceb6e81afe9cfb5703caa,cifar10_dirichlet/seed1/grad_negation_alpha1.00,0 1 2 3,545098
cifar10_dirichlet,cifar10,simplecnn,dirichlet0.5,20,4,0.5,40,2,64,sgd,0.01,configs/final/cifar10_dirichlet.json,7a8e9e91a6fb309221cf8a4453cf01e02eb18bacb82c53df5a32013d103764d0,1.0,1,short_retrain,0.6685,0.9013333333333333,0.6568,0.03211111111111111,12.796133995056152,completed,checkpoints/cifar10_dirichlet/seed1/short_retrain_alpha1.00.pt,a484b5b28ad6dcfaddbf4746031cfb3aa0c8d4c2781e6a306f06feccb043b876,cifar10_dirichlet/seed1/short_retrain_alpha1.00,0 1 2 3,545098
cifar10_dirichlet,cifar10,simplecnn,dirichlet0.5,20,4,0.5,40,2,64,sgd,0.01,configs/final/cifar10_dirichlet.json,5ae8b738a035e8d67d79e9e05aef4f21350f20846d387a53bec02d1a9a99e79c,0.0,2,before,0.6623,0.9214444444444444,,,133.90014910697937,completed,checkpoints/cifar10_dirichlet/seed2/compromised.pt,5ae8b738a035e8d67d79e9e05aef4f21350f20846d387a53bec02d1a9a99e79c,cifar10_dirichlet/seed2/compromised,,545098
cifar10_dirichlet,cifar10,simplecnn,dirichlet0.5,20,4,0.5,40,2,64,sgd,0.01,configs/final/cifar10_dirichlet.json,5ae8b738a035e8d67d79e9e05aef4f21350f20846d387a53bec02d1a9a99e79c,0.25,2,cf_sameinit,0.6618,0.8814444444444445,0.6618,0.8814444444444445,163.25657892227173,completed,checkpoints_v2/cifar10_dirichlet/seed2/cf_sameinit_alpha0.25.pt,122d9fa0f674af50912973510942818ca86881dd7ef47f51a747f82279328d4f,cifar10_dirichlet/seed2/cf_sameinit_alpha0.25,0,545098
cifar10_dirichlet,cifar10,simplecnn,dirichlet0.5,20,4,0.5,40,2,64,sgd,0.01,configs/final/cifar10_dirichlet.json,5ae8b738a035e8d67d79e9e05aef4f21350f20846d387a53bec02d1a9a99e79c,0.25,2,federaser,0.4697,0.2408888888888889,0.6618,0.8814444444444445,46.17797088623047,completed,checkpoints_v2/cifar10_dirichlet/seed2/federaser_alpha0.25.pt,737175ddb68cc4a5a5c16c2f390764f4cc4056695de4f4cb9057b2c6618de794,cifar10_dirichlet/seed2/federaser_alpha0.25,0,545098
cifar10_dirichlet,cifar10,simplecnn,dirichlet0.5,20,4,0.5,40,2,64,sgd,0.01,configs/final/cifar10_dirichlet.json,5ae8b738a035e8d67d79e9e05aef4f21350f20846d387a53bec02d1a9a99e79c,0.25,2,full_retrain,0.6623,0.8617777777777778,0.6618,0.8814444444444445,127.11338877677917,completed,checkpoints/cifar10_dirichlet/seed2/full_retrain_alpha0.25.pt,84e24fc981c74f76e4b245f98946794055813a7ebab637ebeb5e01078c669183,cifar10_dirichlet/seed2/full_retrain_alpha0.25,0,545098
cifar10_dirichlet,cifar10,simplecnn,dirichlet0.5,20,4,0.5,40,2,64,sgd,0.01,configs/final/cifar10_dirichlet.json,5ae8b738a035e8d67d79e9e05aef4f21350f20846d387a53bec02d1a9a99e79c,0.25,2,grad_negation,0.6547,0.9106666666666666,0.6618,0.8814444444444445,17.490328073501587,completed,checkpoints/cifar10_dirichlet/seed2/grad_negation_alpha0.25.pt,b0b736d3200b9740eed0da518464707c98da444094b6a85498035cffa95af069,cifar10_dirichlet/seed2/grad_negation_alpha0.25,0,545098
cifar10_dirichlet,cifar10,simplecnn,dirichlet0.5,20,4,0.5,40,2,64,sgd,0.01,configs/final/cifar10_dirichlet.json,5ae8b738a035e8d67d79e9e05aef4f21350f20846d387a53bec02d1a9a99e79c,0.25,2,short_retrain,0.6713,0.9173333333333333,0.6618,0.8814444444444445,15.211805820465088,completed,checkpoints/cifar10_dirichlet/seed2/short_retrain_alpha0.25.pt,934b1d585cee34f4e3d5c3e78f0180a82c24e2fcb31fdf983a4614d4ba31a083,cifar10_dirichlet/seed2/short_retrain_alpha0.25,0,545098
cifar10_dirichlet,cifar10,simplecnn,dirichlet0.5,20,4,0.5,40,2,64,sgd,0.01,configs/final/cifar10_dirichlet.json,5ae8b738a035e8d67d79e9e05aef4f21350f20846d387a53bec02d1a9a99e79c,0.5,2,cf_sameinit,0.667,0.832,0.667,0.832,130.22077584266663,completed,checkpoints_v2/cifar10_dirichlet/seed2/cf_sameinit_alpha0.50.pt,d2e4814c0b281ddfa4af7dace733618edf822825291b250a2f47be6b7b2c17b0,cifar10_dirichlet/seed2/cf_sameinit_alpha0.50,0 1,545098
cifar10_dirichlet,cifar10,simplecnn,dirichlet0.5,20,4,0.5,40,2,64,sgd,0.01,configs/final/cifar10_dirichlet.json,5ae8b738a035e8d67d79e9e05aef4f21350f20846d387a53bec02d1a9a99e79c,0.5,2,federaser,0.5082,0.24333333333333335,0.667,0.832,32.558462381362915,completed,checkpoints_v2/cifar10_dirichlet/seed2/federaser_alpha0.50.pt,8b1ef14c1b1e59998f05c49f13060d56195d600efa7c010acc2bac6b71641b69,cifar10_dirichlet/seed2/federaser_alpha0.50,0 1,545098
cifar10_dirichlet,cifar10,simplecnn,dirichlet0.5,20,4,0.5,40,2,64,sgd,0.01,configs/final/cifar10_dirichlet.json,5ae8b738a035e8d67d79e9e05aef4f21350f20846d387a53bec02d1a9a99e79c,0.5,2,full_retrain,0.6601,0.8194444444444444,0.667,0.832,132.4413869380951,completed,checkpoints/cifar10_dirichlet/seed2/full_retrain_alpha0.50.pt,ba44a4e834d09e9972e1a0339d5fe8c50ba393467a21440ebaac9764c46258bc,cifar10_dirichlet/seed2/full_retrain_alpha0.50,0 1,545098
cifar10_dirichlet,cifar10,simplecnn,dirichlet0.5,20,4,0.5,40,2,64,sgd,0.01,configs/final/cifar10_dirichlet.json,5ae8b738a035e8d67d79e9e05aef4f21350f20846d387a53bec02d1a9a99e79c,0.5,2,grad_negation,0.6652,0.8963333333333333,0.667,0.832,17.746634006500244,completed,checkpoints/cifar10_dirichlet/seed2/grad_negation_alpha0.50.pt,9becc84d7ff10150db7460288d61f802a1e5b0880b4e5f4fa485dabcd2d57979,cifar10_dirichlet/seed2/grad_negation_alpha0.50,0 1,545098
cifar10_dirichlet,cifar10,simplecnn,dirichlet0.5,20,4,0.5,40,2,64,sgd,0.01,configs/final/cifar10_dirichlet.json,5ae8b738a035e8d67d79e9e05aef4f21350f20846d387a53bec02d1a9a99e79c,0.5,2,short_retrain,0.67,0.8991111111111111,0.667,0.832,15.447235822677612,completed,checkpoints/cifar10_dirichlet/seed2/short_retrain_alpha0.50.pt,2b2f905e5e638891fe49f95c3a9d5638306dbc0154e4cc61841318064c8face7,cifar10_dirichlet/seed2/short_retrain_alpha0.50,0 1,545098
cifar10_dirichlet,cifar10,simplecnn,dirichlet0.5,20,4,0.5,40,2,64,sgd,0.01,configs/final/cifar10_dirichlet.json,5ae8b738a035e8d67d79e9e05aef4f21350f20846d387a53bec02d1a9a99e79c,0.75,2,cf_sameinit,0.664,0.6666666666666666,0.664,0.6666666666666666,119.60736989974976,completed,checkpoints_v2/cifar10_dirichlet/seed2/cf_sameinit_alpha0.75.pt,610d569e2660cea0395cf026119dfb973e37d4e63acf8177869b51bd7cc7f90d,cifar10_dirichlet/seed2/cf_sameinit_alpha0.75,0 1 2,545098
cifar10_dirichlet,cifar10,simplecnn,dirichlet0.5,20,4,0.5,40,2,64,sgd,0.01,configs/final/cifar10_dirichlet.json,5ae8b738a035e8d67d79e9e05aef4f21350f20846d387a53bec02d1a9a99e79c,0.75,2,federaser,0.4368,0.39855555555555555,0.664,0.6666666666666666,30.503378868103027,completed,checkpoints_v2/cifar10_dirichlet/seed2/federaser_alpha0.75.pt,0665f936ffd361f7a73b32c528fdfaae3efcb9ca11c17d0db047d6443386696c,cifar10_dirichlet/seed2/federaser_alpha0.75,0 1 2,545098
cifar10_dirichlet,cifar10,simplecnn,dirichlet0.5,20,4,0.5,40,2,64,sgd,0.01,configs/final/cifar10_dirichlet.json,5ae8b738a035e8d67d79e9e05aef4f21350f20846d387a53bec02d1a9a99e79c,0.75,2,full_retrain,0.6629,0.6413333333333333,0.664,0.6666666666666666,160.4012451171875,completed,checkpoints/cifar10_dirichlet/seed2/full_retrain_alpha0.75.pt,49ff7eba886b823a25fb1c1364153c96234ef64f041574a5955e61224cc82b69,cifar10_dirichlet/seed2/full_retrain_alpha0.75,0 1 2,545098
cifar10_dirichlet,cifar10,simplecnn,dirichlet0.5,20,4,0.5,40,2,64,sgd,0.01,configs/final/cifar10_dirichlet.json,5ae8b738a035e8d67d79e9e05aef4f21350f20846d387a53bec02d1a9a99e79c,0.75,2,grad_negation,0.6677,0.8651111111111112,0.664,0.6666666666666666,22.884740114212036,completed,checkpoints/cifar10_dirichlet/seed2/grad_negation_alpha0.75.pt,0f188ad0b3a870d6b45913258e0c705c4c3a6f64df9a3f357075fd7c1c9fdd3f,cifar10_dirichlet/seed2/grad_negation_alpha0.75,0 1 2,545098
cifar10_dirichlet,cifar10,simplecnn,dirichlet0.5,20,4,0.5,40,2,64,sgd,0.01,configs/final/cifar10_dirichlet.json,5ae8b738a035e8d67d79e9e05aef4f21350f20846d387a53bec02d1a9a99e79c,0.75,2,short_retrain,0.6707,0.8807777777777778,0.664,0.6666666666666666,20.41811990737915,completed,checkpoints/cifar10_dirichlet/seed2/short_retrain_alpha0.75.pt,2f78ce12e9528f6b2d2c1d6cf74b5d4021751b1c96c653f72f35e5b946b70438,cifar10_dirichlet/seed2/short_retrain_alpha0.75,0 1 2,545098
cifar10_dirichlet,cifar10,simplecnn,dirichlet0.5,20,4,0.5,40,2,64,sgd,0.01,configs/final/cifar10_dirichlet.json,5ae8b738a035e8d67d79e9e05aef4f21350f20846d387a53bec02d1a9a99e79c,1.0,2,cf_sameinit,0.6639,0.043111111111111114,0.6639,0.043111111111111114,114.93002390861511,completed,checkpoints_v2/cifar10_dirichlet/seed2/cf_sameinit_alpha1.00.pt,9be93d8a1c8b9ce2168335ff2a5e4c585ba6fdf5aaa4f51ebdeb2732ee3bf107,cifar10_dirichlet/seed2/cf_sameinit_alpha1.00,0 1 2 3,545098
cifar10_dirichlet,cifar10,simplecnn,dirichlet0.5,20,4,0.5,40,2,64,sgd,0.01,configs/final/cifar10_dirichlet.json,5ae8b738a035e8d67d79e9e05aef4f21350f20846d387a53bec02d1a9a99e79c,1.0,2,federaser,0.4357,0.24655555555555556,0.6639,0.043111111111111114,30.01300883293152,completed,checkpoints_v2/cifar10_dirichlet/seed2/federaser_alpha1.00.pt,f75c6094f6c11e24a097350177820d2c018d50e0a20085336848a1aa46bfdf14,cifar10_dirichlet/seed2/federaser_alpha1.00,0 1 2 3,545098
cifar10_dirichlet,cifar10,simplecnn,dirichlet0.5,20,4,0.5,40,2,64,sgd,0.01,configs/final/cifar10_dirichlet.json,5ae8b738a035e8d67d79e9e05aef4f21350f20846d387a53bec02d1a9a99e79c,1.0,2,full_retrain,0.6623,0.022,0.6639,0.043111111111111114,149.54737186431885,completed,checkpoints/cifar10_dirichlet/seed2/full_retrain_alpha1.00.pt,3583a5507855d94d486b2a4c10a2be314866630dbaed2767a14ac16038d72d02,cifar10_dirichlet/seed2/full_retrain_alpha1.00,0 1 2 3,545098
cifar10_dirichlet,cifar10,simplecnn,dirichlet0.5,20,4,0.5,40,2,64,sgd,0.01,configs/final/cifar10_dirichlet.json,5ae8b738a035e8d67d79e9e05aef4f21350f20846d387a53bec02d1a9a99e79c,1.0,2,grad_negation,0.6677,0.8057777777777778,0.6639,0.043111111111111114,22.75503396987915,completed,checkpoints/cifar10_dirichlet/seed2/grad_negation_alpha1.00.pt,adbdeb0f9881d13ef87bc7abd4d4ec8e4da3347163a70f674e5970f2684f7f5f,cifar10_dirichlet/seed2/grad_negation_alpha1.00,0 1 2 3,545098
cifar10_dirichlet,cifar10,simplecnn,dirichlet0.5,20,4,0.5,40,2,64,sgd,0.01,configs/final/cifar10_dirichlet.json,5ae8b738a035e8d67d79e9e05aef4f21350f20846d387a53bec02d1a9a99e79c,1.0,2,short_retrain,0.6651,0.8625555555555555,0.6639,0.043111111111111114,19.210917234420776,completed,checkpoints/cifar10_dirichlet/seed2/short_retrain_alpha1.00.pt,11dfc62167d1ad2c556756b4522a69d27936e8f149cfa1fd6872f4ffae9d8eb4,cifar10_dirichlet/seed2/short_retrain_alpha1.00,0 1 2 3,545098
cifar10_dirichlet,cifar10,simplecnn,dirichlet0.5,20,4,0.5,40,2,64,sgd,0.01,configs/final/cifar10_dirichlet.json,a0e97b295c303d36d40661d8614aa29fcbc218e6e70d0874a18c5005f1aa3ab9,0.0,3,before,0.6653,0.9252222222222222,,,194.51862621307373,completed,checkpoints/cifar10_dirichlet/seed3/compromised.pt,a0e97b295c303d36d40661d8614aa29fcbc218e6e70d0874a18c5005f1aa3ab9,cifar10_dirichlet/seed3/compromised,,545098
cifar10_dirichlet,cifar10,simplecnn,dirichlet0.5,20,4,0.5,40,2,64,sgd,0.01,configs/final/cifar10_dirichlet.json,a0e97b295c303d36d40661d8614aa29fcbc218e6e70d0874a18c5005f1aa3ab9,0.25,3,cf_sameinit,0.6659,0.9118888888888889,0.6659,0.9118888888888889,132.62544584274292,completed,checkpoints_v2/cifar10_dirichlet/seed3/cf_sameinit_alpha0.25.pt,349050c3ddb5faa370d68ed37cf4456bcf12537cd285a46af25bd93020985911,cifar10_dirichlet/seed3/cf_sameinit_alpha0.25,0,545098
cifar10_dirichlet,cifar10,simplecnn,dirichlet0.5,20,4,0.5,40,2,64,sgd,0.01,configs/final/cifar10_dirichlet.json,a0e97b295c303d36d40661d8614aa29fcbc218e6e70d0874a18c5005f1aa3ab9,0.25,3,federaser,0.3575,0.936,0.6659,0.9118888888888889,34.11108183860779,completed,checkpoints_v2/cifar10_dirichlet/seed3/federaser_alpha0.25.pt,60ceddf162a22563030f6b06de8a60ae663d7605b9233dad266e0f06cf2e521c,cifar10_dirichlet/seed3/federaser_alpha0.25,0,545098
cifar10_dirichlet,cifar10,simplecnn,dirichlet0.5,20,4,0.5,40,2,64,sgd,0.01,configs/final/cifar10_dirichlet.json,a0e97b295c303d36d40661d8614aa29fcbc218e6e70d0874a18c5005f1aa3ab9,0.25,3,full_retrain,0.6714,0.91,0.6659,0.9118888888888889,183.48633289337158,completed,checkpoints/cifar10_dirichlet/seed3/full_retrain_alpha0.25.pt,70a36150ce06331549cab82cb10ef7567f0c0b2ad4bdb8ca08767be8a85f3183,cifar10_dirichlet/seed3/full_retrain_alpha0.25,0,545098
cifar10_dirichlet,cifar10,simplecnn,dirichlet0.5,20,4,0.5,40,2,64,sgd,0.01,configs/final/cifar10_dirichlet.json,a0e97b295c303d36d40661d8614aa29fcbc218e6e70d0874a18c5005f1aa3ab9,0.25,3,grad_negation,0.6725,0.9225555555555556,0.6659,0.9118888888888889,24.54604196548462,completed,checkpoints/cifar10_dirichlet/seed3/grad_negation_alpha0.25.pt,34013ed32fa76f50516ab64a65c5a76597061e2d0fa15263fd5212219babb351,cifar10_dirichlet/seed3/grad_negation_alpha0.25,0,545098
cifar10_dirichlet,cifar10,simplecnn,dirichlet0.5,20,4,0.5,40,2,64,sgd,0.01,configs/final/cifar10_dirichlet.json,a0e97b295c303d36d40661d8614aa29fcbc218e6e70d0874a18c5005f1aa3ab9,0.25,3,short_retrain,0.6699,0.925,0.6659,0.9118888888888889,21.84135603904724,completed,checkpoints/cifar10_dirichlet/seed3/short_retrain_alpha0.25.pt,ee75534cd029f91c4f909fb9f73f7247dbc55dec8c3d698e0a21d3043cb6c5e9,cifar10_dirichlet/seed3/short_retrain_alpha0.25,0,545098
cifar10_dirichlet,cifar10,simplecnn,dirichlet0.5,20,4,0.5,40,2,64,sgd,0.01,configs/final/cifar10_dirichlet.json,a0e97b295c303d36d40661d8614aa29fcbc218e6e70d0874a18c5005f1aa3ab9,0.5,3,cf_sameinit,0.6643,0.8038888888888889,0.6643,0.8038888888888889,122.68557286262512,completed,checkpoints_v2/cifar10_dirichlet/seed3/cf_sameinit_alpha0.50.pt,1d9951c0d5cd69ca2d49eaf6f389daa15a705fa891f1714e49992944000617b2,cifar10_dirichlet/seed3/cf_sameinit_alpha0.50,0 1,545098
cifar10_dirichlet,cifar10,simplecnn,dirichlet0.5,20,4,0.5,40,2,64,sgd,0.01,configs/final/cifar10_dirichlet.json,a0e97b295c303d36d40661d8614aa29fcbc218e6e70d0874a18c5005f1aa3ab9,0.5,3,federaser,0.4697,0.1761111111111111,0.6643,0.8038888888888889,30.893681049346924,completed,checkpoints_v2/cifar10_dirichlet/seed3/federaser_alpha0.50.pt,c617d959a90ecd9ed44b4272e4cdd5041eeed3981cd63bde6a5ca127cdc8e641,cifar10_dirichlet/seed3/federaser_alpha0.50,0 1,545098
cifar10_dirichlet,cifar10,simplecnn,dirichlet0.5,20,4,0.5,40,2,64,sgd,0.01,configs/final/cifar10_dirichlet.json,a0e97b295c303d36d40661d8614aa29fcbc218e6e70d0874a18c5005f1aa3ab9,0.5,3,full_retrain,0.6691,0.817,0.6643,0.8038888888888889,171.79748702049255,completed,checkpoints/cifar10_dirichlet/seed3/full_retrain_alpha0.50.pt,ff6466015d7a5b48f672e84c2bd93cf60ee2fed292f867e0d294a01db55ad45d,cifar10_dirichlet/seed3/full_retrain_alpha0.50,0 1,545098
cifar10_dirichlet,cifar10,simplecnn,dirichlet0.5,20,4,0.5,40,2,64,sgd,0.01,configs/final/cifar10_dirichlet.json,a0e97b295c303d36d40661d8614aa29fcbc218e6e70d0874a18c5005f1aa3ab9,0.5,3,grad_negation,0.6685,0.8902222222222222,0.6643,0.8038888888888889,24.94955325126648,completed,checkpoints/cifar10_dirichlet/seed3/grad_negation_alpha0.50.pt,a443bb890e3e3a7fa1d3a775c4f5785fcd8c8bff0c249c6a762e79f8669be4db,cifar10_dirichlet/seed3/grad_negation_alpha0.50,0 1,545098
cifar10_dirichlet,cifar10,simplecnn,dirichlet0.5,20,4,0.5,40,2,64,sgd,0.01,configs/final/cifar10_dirichlet.json,a0e97b295c303d36d40661d8614aa29fcbc218e6e70d0874a18c5005f1aa3ab9,0.5,3,short_retrain,0.6686,0.9046666666666666,0.6643,0.8038888888888889,21.845042943954468,completed,checkpoints/cifar10_dirichlet/seed3/short_retrain_alpha0.50.pt,69cf36bccd8795f6b0a7beadb1fe5b883e82a4e010e76011656ace993750fc54,cifar10_dirichlet/seed3/short_retrain_alpha0.50,0 1,545098
cifar10_dirichlet,cifar10,simplecnn,dirichlet0.5,20,4,0.5,40,2,64,sgd,0.01,configs/final/cifar10_dirichlet.json,a0e97b295c303d36d40661d8614aa29fcbc218e6e70d0874a18c5005f1aa3ab9,0.75,3,cf_sameinit,0.6685,0.3808888888888889,0.6685,0.3808888888888889,115.4053270816803,completed,checkpoints_v2/cifar10_dirichlet/seed3/cf_sameinit_alpha0.75.pt,deee91cb467b80efbaac094aae0e0c0a78f1fd5b7626a71415195a27f51643d5,cifar10_dirichlet/seed3/cf_sameinit_alpha0.75,0 1 2,545098
cifar10_dirichlet,cifar10,simplecnn,dirichlet0.5,20,4,0.5,40,2,64,sgd,0.01,configs/final/cifar10_dirichlet.json,a0e97b295c303d36d40661d8614aa29fcbc218e6e70d0874a18c5005f1aa3ab9,0.75,3,federaser,0.4631,0.12877777777777777,0.6685,0.3808888888888889,29.36468505859375,completed,checkpoints_v2/cifar10_dirichlet/seed3/federaser_alpha0.75.pt,c35f389fcded5716b771b777b8836e8d736ab213132ad366c89675495b29395b,cifar10_dirichlet/seed3/federaser_alpha0.75,0 1 2,545098
cifar10_dirichlet,cifar10,simplecnn,dirichlet0.5,20,4,0.5,40,2,64,sgd,0.01,configs/final/cifar10_dirichlet.json,a0e97b295c303d36d40661d8614aa29fcbc218e6e70d0874a18c5005f1aa3ab9,0.75,3,full_retrain,0.6752,0.3768888888888889,0.6685,0.3808888888888889,158.2476658821106,completed,checkpoints/cifar10_dirichlet/seed3/full_retrain_alpha0.75.pt,8489dc23236b0056e17d4459c3fa3f6a11d39fd3f8ee3a8f278cb7506787bc1c,cifar10_dirichlet/seed3/full_retrain_alpha0.75,0 1 2,545098
cifar10_dirichlet,cifar10,simplecnn,dirichlet0.5,20,4,0.5,40,2,64,sgd,0.01,configs/final/cifar10_dirichlet.json,a0e97b295c303d36d40661d8614aa29fcbc218e6e70d0874a18c5005f1aa3ab9,0.75,3,grad_negation,0.6676,0.8446666666666667,0.6685,0.3808888888888889,24.637860774993896,completed,checkpoints/cifar10_dirichlet/seed3/grad_negation_alpha0.75.pt,635ed394afd405fa71f05c5e9f2fd99cbdd132650c14913d4b028c2a38ee6cd3,cifar10_dirichlet/seed3/grad_negation_alpha0.75,0 1 2,545098
cifar10_dirichlet,cifar10,simplecnn,dirichlet0.5,20,4,0.5,40,2,64,sgd,0.01,configs/final/cifar10_dirichlet.json,a0e97b295c303d36d40661d8614aa29fcbc218e6e70d0874a18c5005f1aa3ab9,0.75,3,short_retrain,0.6719,0.8543333333333333,0.6685,0.3808888888888889,20.474976062774658,completed,checkpoints/cifar10_dirichlet/seed3/short_retrain_alpha0.75.pt,549266cebb31ea6bafab2cfa2f9e08ba740c32cfa0028b3f999c60977dba9491,cifar10_dirichlet/seed3/short_retrain_alpha0.75,0 1 2,545098
cifar10_dirichlet,cifar10,simplecnn,dirichlet0.5,20,4,0.5,40,2,64,sgd,0.01,configs/final/cifar10_dirichlet.json,a0e97b295c303d36d40661d8614aa29fcbc218e6e70d0874a18c5005f1aa3ab9,1.0,3,cf_sameinit,0.6681,0.02811111111111111,0.6681,0.02811111111111111,110.70095992088318,completed,checkpoints_v2/cifar10_dirichlet/seed3/cf_sameinit_alpha1.00.pt,19f1f28b1498b68105213a031d3b96c154c552ad64cc0a4f32b038f430de9fd7,cifar10_dirichlet/seed3/cf_sameinit_alpha1.00,0 1 2 3,545098
cifar10_dirichlet,cifar10,simplecnn,dirichlet0.5,20,4,0.5,40,2,64,sgd,0.01,configs/final/cifar10_dirichlet.json,a0e97b295c303d36d40661d8614aa29fcbc218e6e70d0874a18c5005f1aa3ab9,1.0,3,federaser,0.4586,0.01411111111111111,0.6681,0.02811111111111111,28.287802934646606,completed,checkpoints_v2/cifar10_dirichlet/seed3/federaser_alpha1.00.pt,828e5bd18077c04e85ed9d9f4c528b2526f1bc275b7aae8ebabb65428bf0e9d3,cifar10_dirichlet/seed3/federaser_alpha1.00,0 1 2 3,545098
cifar10_dirichlet,cifar10,simplecnn,dirichlet0.5,20,4,0.5,40,2,64,sgd,0.01,configs/final/cifar10_dirichlet.json,a0e97b295c303d36d40661d8614aa29fcbc218e6e70d0874a18c5005f1aa3ab9,1.0,3,full_retrain,0.6758,0.035444444444444445,0.6681,0.02811111111111111,151.9333460330963,completed,checkpoints/cifar10_dirichlet/seed3/full_retrain_alpha1.00.pt,2d213661adf971840bfc0e907611033ab3bf9fb5e6e14ecc326de0a2a7943537,cifar10_dirichlet/seed3/full_retrain_alpha1.00,0 1 2 3,545098
cifar10_dirichlet,cifar10,simplecnn,dirichlet0.5,20,4,0.5,40,2,64,sgd,0.01,configs/final/cifar10_dirichlet.json,a0e97b295c303d36d40661d8614aa29fcbc218e6e70d0874a18c5005f1aa3ab9,1.0,3,grad_negation,0.6654,0.7825555555555556,0.6681,0.02811111111111111,23.492127895355225,completed,checkpoints/cifar10_dirichlet/seed3/grad_negation_alpha1.00.pt,264921a61a347e4f950251eb8bc6dffc984547cf4461c6affb472c746089233f,cifar10_dirichlet/seed3/grad_negation_alpha1.00,0 1 2 3,545098
cifar10_dirichlet,cifar10,simplecnn,dirichlet0.5,20,4,0.5,40,2,64,sgd,0.01,configs/final/cifar10_dirichlet.json,a0e97b295c303d36d40661d8614aa29fcbc218e6e70d0874a18c5005f1aa3ab9,1.0,3,short_retrain,0.6704,0.8486666666666667,0.6681,0.02811111111111111,19.85805606842041,completed,checkpoints/cifar10_dirichlet/seed3/short_retrain_alpha1.00.pt,c7f75d36ea25a32a64e6043e9916b9755d656f3626ac6d6dee4ed45c51476e1e,cifar10_dirichlet/seed3/short_retrain_alpha1.00,0 1 2 3,545098
cifar10_dirichlet,cifar10,simplecnn,dirichlet0.5,20,4,0.5,40,2,64,sgd,0.01,configs/final/cifar10_dirichlet.json,b94aa05b280842774116ec5388de93c95ba1ee1dd0ec02c837c35cef545e859c,0.0,4,before,0.6595,0.8844444444444445,,,177.9429202079773,completed,checkpoints/cifar10_dirichlet/seed4/compromised.pt,b94aa05b280842774116ec5388de93c95ba1ee1dd0ec02c837c35cef545e859c,cifar10_dirichlet/seed4/compromised,,545098
cifar10_dirichlet,cifar10,simplecnn,dirichlet0.5,20,4,0.5,40,2,64,sgd,0.01,configs/final/cifar10_dirichlet.json,b94aa05b280842774116ec5388de93c95ba1ee1dd0ec02c837c35cef545e859c,0.25,4,cf_sameinit,0.6599,0.8293333333333334,0.6599,0.8293333333333334,133.74428009986877,completed,checkpoints_v2/cifar10_dirichlet/seed4/cf_sameinit_alpha0.25.pt,eb7aadf21ded4997e011da62fd28e9eacf398ea4723b2c5b57d635d6954a55c0,cifar10_dirichlet/seed4/cf_sameinit_alpha0.25,0,545098
cifar10_dirichlet,cifar10,simplecnn,dirichlet0.5,20,4,0.5,40,2,64,sgd,0.01,configs/final/cifar10_dirichlet.json,b94aa05b280842774116ec5388de93c95ba1ee1dd0ec02c837c35cef545e859c,0.25,4,federaser,0.4885,0.5943333333333334,0.6599,0.8293333333333334,34.44405508041382,completed,checkpoints_v2/cifar10_dirichlet/seed4/federaser_alpha0.25.pt,a900a0a497d8015cec11e353b45c255cc2485d7b9f1973f3bce7cbd46caefde7,cifar10_dirichlet/seed4/federaser_alpha0.25,0,545098
cifar10_dirichlet,cifar10,simplecnn,dirichlet0.5,20,4,0.5,40,2,64,sgd,0.01,configs/final/cifar10_dirichlet.json,b94aa05b280842774116ec5388de93c95ba1ee1dd0ec02c837c35cef545e859c,0.25,4,full_retrain,0.6624,0.8402222222222222,0.6599,0.8293333333333334,183.00991106033325,completed,checkpoints/cifar10_dirichlet/seed4/full_retrain_alpha0.25.pt,1c1c410d0f36b94df2249fe9d38ff71f05884b71bceaa3551b332f06e7af9cfe,cifar10_dirichlet/seed4/full_retrain_alpha0.25,0,545098
cifar10_dirichlet,cifar10,simplecnn,dirichlet0.5,20,4,0.5,40,2,64,sgd,0.01,configs/final/cifar10_dirichlet.json,b94aa05b280842774116ec5388de93c95ba1ee1dd0ec02c837c35cef545e859c,0.25,4,grad_negation,0.6628,0.8656666666666667,0.6599,0.8293333333333334,26.024384021759033,completed,checkpoints/cifar10_dirichlet/seed4/grad_negation_alpha0.25.pt,08977d443b88d16ac1a9428f5dd0ba2033a0dfbb237ef92a54365b27ec625693,cifar10_dirichlet/seed4/grad_negation_alpha0.25,0,545098
cifar10_dirichlet,cifar10,simplecnn,dirichlet0.5,20,4,0.5,40,2,64,sgd,0.01,configs/final/cifar10_dirichlet.json,b94aa05b280842774116ec5388de93c95ba1ee1dd0ec02c837c35cef545e859c,0.25,4,short_retrain,0.6657,0.8846666666666667,0.6599,0.8293333333333334,27.83833122253418,completed,checkpoints/cifar10_dirichlet/seed4/short_retrain_alpha0.25.pt,63e117ad99107ead04727b85803f27b740b53538aff8b62e7c4d6161c2effde5,cifar10_dirichlet/seed4/short_retrain_alpha0.25,0,545098
cifar10_dirichlet,cifar10,simplecnn,dirichlet0.5,20,4,0.5,40,2,64,sgd,0.01,configs/final/cifar10_dirichlet.json,b94aa05b280842774116ec5388de93c95ba1ee1dd0ec02c837c35cef545e859c,0.5,4,cf_sameinit,0.6606,0.7313333333333333,0.6606,0.7313333333333333,124.72657513618469,completed,checkpoints_v2/cifar10_dirichlet/seed4/cf_sameinit_alpha0.50.pt,7f0d0beb279c060d57515a4b2457126dc52a6970d86c9fa8cda3c980b5f75ce2,cifar10_dirichlet/seed4/cf_sameinit_alpha0.50,0 1,545098
cifar10_dirichlet,cifar10,simplecnn,dirichlet0.5,20,4,0.5,40,2,64,sgd,0.01,configs/final/cifar10_dirichlet.json,b94aa05b280842774116ec5388de93c95ba1ee1dd0ec02c837c35cef545e859c,0.5,4,federaser,0.4393,0.2528888888888889,0.6606,0.7313333333333333,31.761122226715088,completed,checkpoints_v2/cifar10_dirichlet/seed4/federaser_alpha0.50.pt,4ef42ac204a873c72390054d69283e00695b6ea1becd7457fda790a4e5c4dd0f,cifar10_dirichlet/seed4/federaser_alpha0.50,0 1,545098
cifar10_dirichlet,cifar10,simplecnn,dirichlet0.5,20,4,0.5,40,2,64,sgd,0.01,configs/final/cifar10_dirichlet.json,b94aa05b280842774116ec5388de93c95ba1ee1dd0ec02c837c35cef545e859c,0.5,4,full_retrain,0.6687,0.7472222222222222,0.6606,0.7313333333333333,179.50836396217346,completed,checkpoints/cifar10_dirichlet/seed4/full_retrain_alpha0.50.pt,dc1cccf06f95799a4d4aab837fb5bca37f56f214d822bf195be7ebf8f41c8bac,cifar10_dirichlet/seed4/full_retrain_alpha0.50,0 1,545098
cifar10_dirichlet,cifar10,simplecnn,dirichlet0.5,20,4,0.5,40,2,64,sgd,0.01,configs/final/cifar10_dirichlet.json,b94aa05b280842774116ec5388de93c95ba1ee1dd0ec02c837c35cef545e859c,0.5,4,grad_negation,0.6651,0.8265555555555556,0.6606,0.7313333333333333,25.048407077789307,completed,checkpoints/cifar10_dirichlet/seed4/grad_negation_alpha0.50.pt,1e80a98e94d2155399168c87784bf77182c7e1f1cfb522095aa0601f29077a31,cifar10_dirichlet/seed4/grad_negation_alpha0.50,0 1,545098
cifar10_dirichlet,cifar10,simplecnn,dirichlet0.5,20,4,0.5,40,2,64,sgd,0.01,configs/final/cifar10_dirichlet.json,b94aa05b280842774116ec5388de93c95ba1ee1dd0ec02c837c35cef545e859c,0.5,4,short_retrain,0.6659,0.8435555555555555,0.6606,0.7313333333333333,22.627766847610474,completed,checkpoints/cifar10_dirichlet/seed4/short_retrain_alpha0.50.pt,0581f2721d877ee276cad907ae9ff9d37f64967672bcbd6f941d431e0e460751,cifar10_dirichlet/seed4/short_retrain_alpha0.50,0 1,545098
cifar10_dirichlet,cifar10,simplecnn,dirichlet0.5,20,4,0.5,40,2,64,sgd,0.01,configs/final/cifar10_dirichlet.json,b94aa05b280842774116ec5388de93c95ba1ee1dd0ec02c837c35cef545e859c,0.75,4,cf_sameinit,0.665,0.30622222222222223,0.665,0.30622222222222223,119.82042384147644,completed,checkpoints_v2/cifar10_dirichlet/seed4/cf_sameinit_alpha0.75.pt,ab7fbfa851a465042d7b339f37afda04b72f095c34f0439bfa1ce0522f5963a3,cifar10_dirichlet/seed4/cf_sameinit_alpha0.75,0 1 2,545098
cifar10_dirichlet,cifar10,simplecnn,dirichlet0.5,20,4,0.5,40,2,64,sgd,0.01,configs/final/cifar10_dirichlet.json,b94aa05b280842774116ec5388de93c95ba1ee1dd0ec02c837c35cef545e859c,0.75,4,federaser,0.4277,0.036333333333333336,0.665,0.30622222222222223,30.132878065109253,completed,checkpoints_v2/cifar10_dirichlet/seed4/federaser_alpha0.75.pt,07c78968f1aa5174029aaa45bdfb67913db017e6b543701bc0c01789156ed691,cifar10_dirichlet/seed4/federaser_alpha0.75,0 1 2,545098
cifar10_dirichlet,cifar10,simplecnn,dirichlet0.5,20,4,0.5,40,2,64,sgd,0.01,configs/final/cifar10_dirichlet.json,b94aa05b280842774116ec5388de93c95ba1ee1dd0ec02c837c35cef545e859c,0.75,4,full_retrain,0.6747,0.2797777777777778,0.665,0.30622222222222223,171.6684410572052,completed,checkpoints/cifar10_dirichlet/seed4/full_retrain_alpha0.75.pt,bfcf9418e75c9164b0d1fae111e72b06a4915b7d8679b882dc7fbbbef79a0b84,cifar10_dirichlet/seed4/full_retrain_alpha0.75,0 1 2,545098
cifar10_dirichlet,cifar10,simplecnn,dirichlet0.5,20,4,0.5,40,2,64,sgd,0.01,configs/final/cifar10_dirichlet.json,b94aa05b280842774116ec5388de93c95ba1ee1dd0ec02c837c35cef545e859c,0.75,4,grad_negation,0.6556,0.7358888888888889,0.665,0.30622222222222223,23.901777982711792,completed,checkpoints/cifar10_dirichlet/seed4/grad_negation_alpha0.75.pt,13fdb82b147c3eb812662a2b4f5f81cd82833a5e982e9722f7b8607187e77b71,cifar10_dirichlet/seed4/grad_negation_alpha0.75,0 1 2,545098
cifar10_dirichlet,cifar10,simplecnn,dirichlet0.5,20,4,0.5,40,2,64,sgd,0.01,configs/final/cifar10_dirichlet.json,b94aa05b280842774116ec5388de93c95ba1ee1dd0ec02c837c35cef545e859c,0.75,4,short_retrain,0.6601,0.7826666666666666,0.665,0.30622222222222223,20.787935972213745,completed,checkpoints/cifar10_dirichlet/seed4/short_retrain_alpha0.75.pt,92aa4e54c97887c54a965e2b28be9bfcb3ce3404b049fddbea6d9457ed412b3e,cifar10_dirichlet/seed4/short_retrain_alpha0.75,0 1 2,545098
cifar10_dirichlet,cifar10,simplecnn,dirichlet0.5,20,4,0.5,40,2,64,sgd,0.01,configs/final/cifar10_dirichlet.json,b94aa05b280842774116ec5388de93c95ba1ee1dd0ec02c837c35cef545e859c,1.0,4,cf_sameinit,0.6669,0.025777777777777778,0.6669,0.025777777777777778,111.73383808135986,completed,checkpoints_v2/cifar10_dirichlet/seed4/cf_sameinit_alpha1.00.pt,3c89b6781b0d9f26f6d636122e1d2401dce970af59b4f9efe62300fcafeed13e,cifar10_dirichlet/seed4/cf_sameinit_alpha1.00,0 1 2 3,545098
cifar10_dirichlet,cifar10,simplecnn,dirichlet0.5,20,4,0.5,40,2,64,sgd,0.01,configs/final/cifar10_dirichlet.json,b94aa05b280842774116ec5388de93c95ba1ee1dd0ec02c837c35cef545e859c,1.0,4,federaser,0.4765,0.08688888888888889,0.6669,0.025777777777777778,28.424658060073853,completed,checkpoints_v2/cifar10_dirichlet/seed4/federaser_alpha1.00.pt,46e3c5b5f2496b406c06f52a2f53850f3e62549cfb88b04aa2a476e8155da39d,cifar10_dirichlet/seed4/federaser_alpha1.00,0 1 2 3,545098
cifar10_dirichlet,cifar10,simplecnn,dirichlet0.5,20,4,0.5,40,2,64,sgd,0.01,configs/final/cifar10_dirichlet.json,b94aa05b280842774116ec5388de93c95ba1ee1dd0ec02c837c35cef545e859c,1.0,4,full_retrain,0.6686,0.018,0.6669,0.025777777777777778,156.32988214492798,completed,checkpoints/cifar10_dirichlet/seed4/full_retrain_alpha1.00.pt,35b128a61c0c4b7d76e8d2452d3d5bd4907f24872f75f21604c451cdd24b7ea3,cifar10_dirichlet/seed4/full_retrain_alpha1.00,0 1 2 3,545098
cifar10_dirichlet,cifar10,simplecnn,dirichlet0.5,20,4,0.5,40,2,64,sgd,0.01,configs/final/cifar10_dirichlet.json,b94aa05b280842774116ec5388de93c95ba1ee1dd0ec02c837c35cef545e859c,1.0,4,grad_negation,0.6644,0.6361111111111111,0.6669,0.025777777777777778,25.8353271484375,completed,checkpoints/cifar10_dirichlet/seed4/grad_negation_alpha1.00.pt,14d3b926fbdd21621373bae89fa1b893b1e21fbee274e8d5c9438f0170a7a245,cifar10_dirichlet/seed4/grad_negation_alpha1.00,0 1 2 3,545098
cifar10_dirichlet,cifar10,simplecnn,dirichlet0.5,20,4,0.5,40,2,64,sgd,0.01,configs/final/cifar10_dirichlet.json,b94aa05b280842774116ec5388de93c95ba1ee1dd0ec02c837c35cef545e859c,1.0,4,short_retrain,0.6612,0.7641111111111111,0.6669,0.025777777777777778,20.156634092330933,completed,checkpoints/cifar10_dirichlet/seed4/short_retrain_alpha1.00.pt,a183a044461e00d0dc055f2b5defe8e31b17cafb449101120aeb6701f9874acf,cifar10_dirichlet/seed4/short_retrain_alpha1.00,0 1 2 3,545098
cifar10_iid,cifar10,simplecnn,iid,20,4,0.5,40,2,64,sgd,0.01,configs/final/cifar10_iid.json,71ba2b115e5d387e2ef5e5175301d7b1a5120580908b76b5df952219d03f7cde,0.0,0,before,0.6886,0.9093333333333333,,,127.89005398750305,completed,checkpoints/cifar10_iid/seed0/compromised.pt,71ba2b115e5d387e2ef5e5175301d7b1a5120580908b76b5df952219d03f7cde,cifar10_iid/seed0/compromised,,545098
cifar10_iid,cifar10,simplecnn,iid,20,4,0.5,40,2,64,sgd,0.01,configs/final/cifar10_iid.json,71ba2b115e5d387e2ef5e5175301d7b1a5120580908b76b5df952219d03f7cde,0.25,0,cf_sameinit,0.6902,0.8803333333333333,0.6902,0.8803333333333333,245.95820212364197,completed,checkpoints_v2/cifar10_iid/seed0/cf_sameinit_alpha0.25.pt,63ee20d7738f864bd00d2a7136172cf6c2cdc3af0d1a1c9d911e9b762d7e13bc,cifar10_iid/seed0/cf_sameinit_alpha0.25,0,545098
cifar10_iid,cifar10,simplecnn,iid,20,4,0.5,40,2,64,sgd,0.01,configs/final/cifar10_iid.json,71ba2b115e5d387e2ef5e5175301d7b1a5120580908b76b5df952219d03f7cde,0.25,0,federaser,0.4247,0.4102222222222222,0.6902,0.8803333333333333,43.510531187057495,completed,checkpoints_v2/cifar10_iid/seed0/federaser_alpha0.25.pt,309decf4011de98cfc04c4fdb316dffa1e18e72a2975a95ac7a2e097ee843530,cifar10_iid/seed0/federaser_alpha0.25,0,545098
cifar10_iid,cifar10,simplecnn,iid,20,4,0.5,40,2,64,sgd,0.01,configs/final/cifar10_iid.json,71ba2b115e5d387e2ef5e5175301d7b1a5120580908b76b5df952219d03f7cde,0.25,0,fine_pruning,0.6862,0.88,0.6902,0.8803333333333333,27.93722438812256,completed,checkpoints/cifar10_iid/seed0/fine_pruning_alpha0.25.pt,ef66877649fd5181df45ff10fa1b6cd1e785bce0730dadf4c2b3865511dc6ba8,cifar10_iid/seed0/fine_pruning_alpha0.25,0,545098
cifar10_iid,cifar10,simplecnn,iid,20,4,0.5,40,2,64,sgd,0.01,configs/final/cifar10_iid.json,71ba2b115e5d387e2ef5e5175301d7b1a5120580908b76b5df952219d03f7cde,0.25,0,full_retrain,0.6858,0.8812222222222222,0.6902,0.8803333333333333,177.29319596290588,completed,checkpoints/cifar10_iid/seed0/full_retrain_alpha0.25.pt,e97e94c412107cea3ff62e77154888fe7d180e26f6f6f5bd7ccd94a2040adf73,cifar10_iid/seed0/full_retrain_alpha0.25,0,545098
cifar10_iid,cifar10,simplecnn,iid,20,4,0.5,40,2,64,sgd,0.01,configs/final/cifar10_iid.json,71ba2b115e5d387e2ef5e5175301d7b1a5120580908b76b5df952219d03f7cde,0.25,0,grad_negation,0.6874,0.9114444444444444,0.6902,0.8803333333333333,19.06062602996826,completed,checkpoints/cifar10_iid/seed0/grad_negation_alpha0.25.pt,e9c5e90b770662a2bdf0247d1ea2016f0d674a28f15996d4edc4a7acbde520a3,cifar10_iid/seed0/grad_negation_alpha0.25,0,545098
cifar10_iid,cifar10,simplecnn,iid,20,4,0.5,40,2,64,sgd,0.01,configs/final/cifar10_iid.json,71ba2b115e5d387e2ef5e5175301d7b1a5120580908b76b5df952219d03f7cde,0.25,0,short_retrain,0.6916,0.9125555555555556,0.6902,0.8803333333333333,15.227581977844238,completed,checkpoints/cifar10_iid/seed0/short_retrain_alpha0.25.pt,fc6e46b4207e7608201511e2fe1803dad38ec68c8ee17a170c24e3aa3a7c0313,cifar10_iid/seed0/short_retrain_alpha0.25,0,545098
cifar10_iid,cifar10,simplecnn,iid,20,4,0.5,40,2,64,sgd,0.01,configs/final/cifar10_iid.json,71ba2b115e5d387e2ef5e5175301d7b1a5120580908b76b5df952219d03f7cde,0.5,0,cf_sameinit,0.6928,0.8057777777777778,0.6928,0.8057777777777778,229.99830198287964,completed,checkpoints_v2/cifar10_iid/seed0/cf_sameinit_alpha0.50.pt,da3d0b15f28adb532de11488fe1046f3a7f9df4d03cd7e36cae3c213086f6b11,cifar10_iid/seed0/cf_sameinit_alpha0.50,0 1,545098
cifar10_iid,cifar10,simplecnn,iid,20,4,0.5,40,2,64,sgd,0.01,configs/final/cifar10_iid.json,71ba2b115e5d387e2ef5e5175301d7b1a5120580908b76b5df952219d03f7cde,0.5,0,federaser,0.4674,0.25533333333333336,0.6928,0.8057777777777778,64.17853498458862,completed,checkpoints_v2/cifar10_iid/seed0/federaser_alpha0.50.pt,0b7f0248c31a58b54a815fe54a059db322158f420e2da44b2129fc4d7150a724,cifar10_iid/seed0/federaser_alpha0.50,0 1,545098
cifar10_iid,cifar10,simplecnn,iid,20,4,0.5,40,2,64,sgd,0.01,configs/final/cifar10_iid.json,71ba2b115e5d387e2ef5e5175301d7b1a5120580908b76b5df952219d03f7cde,0.5,0,fine_pruning,0.6874,0.8536666666666667,0.6928,0.8057777777777778,26.874722242355347,completed,checkpoints/cifar10_iid/seed0/fine_pruning_alpha0.50.pt,7d573f37ab784e160b10b5e944857118a757eb5e277139f794adf50c5977a99a,cifar10_iid/seed0/fine_pruning_alpha0.50,0 1,545098
cifar10_iid,cifar10,simplecnn,iid,20,4,0.5,40,2,64,sgd,0.01,configs/final/cifar10_iid.json,71ba2b115e5d387e2ef5e5175301d7b1a5120580908b76b5df952219d03f7cde,0.5,0,full_retrain,0.6849,0.8127777777777778,0.6928,0.8057777777777778,120.38104486465454,completed,checkpoints/cifar10_iid/seed0/full_retrain_alpha0.50.pt,1f4561acd2fc862ebd4a13a5f94af341b5eaba570a41f278eb737df405c13b8c,cifar10_iid/seed0/full_retrain_alpha0.50,0 1,545098
cifar10_iid,cifar10,simplecnn,iid,20,4,0.5,40,2,64,sgd,0.01,configs/final/cifar10_iid.json,71ba2b115e5d387e2ef5e5175301d7b1a5120580908b76b5df952219d03f7cde,0.5,0,grad_negation,0.6873,0.886,0.6928,0.8057777777777778,17.207580089569092,completed,checkpoints/cifar10_iid/seed0/grad_negation_alpha0.50.pt,2ae1b82c4bf14eaeeed86d4df2b442eb56856320b59aafa6fb33364a9f9b3306,cifar10_iid/seed0/grad_negation_alpha0.50,0 1,545098
cifar10_iid,cifar10,simplecnn,iid,20,4,0.5,40,2,64,sgd,0.01,configs/final/cifar10_iid.json,71ba2b115e5d387e2ef5e5175301d7b1a5120580908b76b5df952219d03f7cde,0.5,0,short_retrain,0.693,0.8978888888888888,0.6928,0.8057777777777778,14.292722940444946,completed,checkpoints/cifar10_iid/seed0/short_retrain_alpha0.50.pt,3da939a1377f75131f7ad436bf836ddd18052ea0d18207559c9c96c124356585,cifar10_iid/seed0/short_retrain_alpha0.50,0 1,545098
cifar10_iid,cifar10,simplecnn,iid,20,4,0.5,40,2,64,sgd,0.01,configs/final/cifar10_iid.json,71ba2b115e5d387e2ef5e5175301d7b1a5120580908b76b5df952219d03f7cde,0.75,0,cf_sameinit,0.6849,0.5758888888888889,0.6849,0.5758888888888889,215.07022285461426,completed,checkpoints_v2/cifar10_iid/seed0/cf_sameinit_alpha0.75.pt,824816cb81d14534553f6b6296b1b6f7f731a76a6726b620370b30a417e75db3,cifar10_iid/seed0/cf_sameinit_alpha0.75,0 1 2,545098
cifar10_iid,cifar10,simplecnn,iid,20,4,0.5,40,2,64,sgd,0.01,configs/final/cifar10_iid.json,71ba2b115e5d387e2ef5e5175301d7b1a5120580908b76b5df952219d03f7cde,0.75,0,federaser,0.4103,0.05588888888888889,0.6849,0.5758888888888889,56.391258001327515,completed,checkpoints_v2/cifar10_iid/seed0/federaser_alpha0.75.pt,98313e432ff35f98d306dd02225039588b4736b4c59496f7f1b02192a0622fcb,cifar10_iid/seed0/federaser_alpha0.75,0 1 2,545098
cifar10_iid,cifar10,simplecnn,iid,20,4,0.5,40,2,64,sgd,0.01,configs/final/cifar10_iid.json,71ba2b115e5d387e2ef5e5175301d7b1a5120580908b76b5df952219d03f7cde,0.75,0,fine_pruning,0.6841,0.7966666666666666,0.6849,0.5758888888888889,25.510677814483643,completed,checkpoints/cifar10_iid/seed0/fine_pruning_alpha0.75.pt,22a4d5a97f53ac325190c3b752986648063a7898b902cd724302070141aae528,cifar10_iid/seed0/fine_pruning_alpha0.75,0 1 2,545098
cifar10_iid,cifar10,simplecnn,iid,20,4,0.5,40,2,64,sgd,0.01,configs/final/cifar10_iid.json,71ba2b115e5d387e2ef5e5175301d7b1a5120580908b76b5df952219d03f7cde,0.75,0,full_retrain,0.6897,0.589,0.6849,0.5758888888888889,111.26483702659607,completed,checkpoints/cifar10_iid/seed0/full_retrain_alpha0.75.pt,023303a28c84287398e7acaefade5acd69ddc0951f1ae737c8cddfc322dcb5de,cifar10_iid/seed0/full_retrain_alpha0.75,0 1 2,545098
cifar10_iid,cifar10,simplecnn,iid,20,4,0.5,40,2,64,sgd,0.01,configs/final/cifar10_iid.json,71ba2b115e5d387e2ef5e5175301d7b1a5120580908b76b5df952219d03f7cde,0.75,0,grad_negation,0.6801,0.8364444444444444,0.6849,0.5758888888888889,16.78051495552063,completed,checkpoints/cifar10_iid/seed0/grad_negation_alpha0.75.pt,62684b6d83afa7d2c57a7b6fc60bb6809bf59677e00cca678f0333a413754105,cifar10_iid/seed0/grad_negation_alpha0.75,0 1 2,545098
cifar10_iid,cifar10,simplecnn,iid,20,4,0.5,40,2,64,sgd,0.01,configs/final/cifar10_iid.json,71ba2b115e5d387e2ef5e5175301d7b1a5120580908b76b5df952219d03f7cde,0.75,0,short_retrain,0.691,0.8808888888888889,0.6849,0.5758888888888889,13.888460636138916,completed,checkpoints/cifar10_iid/seed0/short_retrain_alpha0.75.pt,9309a4f0eaee0dcda4ca56519e93b0bb37b2ab76af09aab42a9136f77170f67f,cifar10_iid/seed0/short_retrain_alpha0.75,0 1 2,545098
cifar10_iid,cifar10,simplecnn,iid,20,4,0.5,40,2,64,sgd,0.01,configs/final/cifar10_iid.json,71ba2b115e5d387e2ef5e5175301d7b1a5120580908b76b5df952219d03f7cde,1.0,0,cf_sameinit,0.6854,0.022444444444444444,0.6854,0.022444444444444444,185.272851228714,completed,checkpoints_v2/cifar10_iid/seed0/cf_sameinit_alpha1.00.pt,9bc77617917a868513eb11698b03244c517aa8090e7071951693ddfacd5ceb8f,cifar10_iid/seed0/cf_sameinit_alpha1.00,0 1 2 3,545098
cifar10_iid,cifar10,simplecnn,iid,20,4,0.5,40,2,64,sgd,0.01,configs/final/cifar10_iid.json,71ba2b115e5d387e2ef5e5175301d7b1a5120580908b76b5df952219d03f7cde,1.0,0,federaser,0.4616,0.060333333333333336,0.6854,0.022444444444444444,47.20869565010071,completed,checkpoints_v2/cifar10_iid/seed0/federaser_alpha1.00.pt,bf4a43daa509702e37cb48f910c234c1e9659ca5bfe06f3898f74d63297fd4d6,cifar10_iid/seed0/federaser_alpha1.00,0 1 2 3,545098
cifar10_iid,cifar10,simplecnn,iid,20,4,0.5,40,2,64,sgd,0.01,configs/final/cifar10_iid.json,71ba2b115e5d387e2ef5e5175301d7b1a5120580908b76b5df952219d03f7cde,1.0,0,fine_pruning,0.6849,0.6874444444444444,0.6854,0.022444444444444444,30.246630907058716,completed,checkpoints/cifar10_iid/seed0/fine_pruning_alpha1.00.pt,463b5bd9634f452fe008ea93f460f3ffbf153163cb7c686e845a903b44e4fa6c,cifar10_iid/seed0/fine_pruning_alpha1.00,0 1 2 3,545098
cifar10_iid,cifar10,simplecnn,iid,20,4,0.5,40,2,64,sgd,0.01,configs/final/cifar10_iid.json,71ba2b115e5d387e2ef5e5175301d7b1a5120580908b76b5df952219d03f7cde,1.0,0,full_retrain,0.6891,0.023444444444444445,0.6854,0.022444444444444444,104.05144619941711,completed,checkpoints/cifar10_iid/seed0/full_retrain_alpha1.00.pt,4a82f1aa7f391c79622643c11f7554e480d12e825e5c9131ecd24ce2e204be13,cifar10_iid/seed0/full_retrain_alpha1.00,0 1 2 3,545098
cifar10_iid,cifar10,simplecnn,iid,20,4,0.5,40,2,64,sgd,0.01,configs/final/cifar10_iid.json,71ba2b115e5d387e2ef5e5175301d7b1a5120580908b76b5df952219d03f7cde,1.0,0,grad_negation,0.6899,0.7164444444444444,0.6854,0.022444444444444444,16.41290020942688,completed,checkpoints/cifar10_iid/seed0/grad_negation_alpha1.00.pt,69bd26251354a491ea63db0275224df6b9a4d6a311f8f1c4761b9ad17b132760,cifar10_iid/seed0/grad_negation_alpha1.00,0 1 2 3,545098
cifar10_iid,cifar10,simplecnn,iid,20,4,0.5,40,2,64,sgd,0.01,configs/final/cifar10_iid.json,71ba2b115e5d387e2ef5e5175301d7b1a5120580908b76b5df952219d03f7cde,1.0,0,short_retrain,0.6926,0.842,0.6854,0.022444444444444444,13.435243844985962,completed,checkpoints/cifar10_iid/seed0/short_retrain_alpha1.00.pt,a9a5e411f318f59f873571ece4a7707440523a7b966235ba3d953719076f1191,cifar10_iid/seed0/short_retrain_alpha1.00,0 1 2 3,545098
cifar10_iid,cifar10,simplecnn,iid,20,4,0.5,40,2,64,sgd,0.01,configs/final/cifar10_iid.json,7ffb0b59777d8bdfcb1ebc564115490456906b9dd2f730f08ad7cd814e55c033,0.0,1,before,0.6859,0.9164444444444444,,,131.17931294441223,completed,checkpoints/cifar10_iid/seed1/compromised.pt,7ffb0b59777d8bdfcb1ebc564115490456906b9dd2f730f08ad7cd814e55c033,cifar10_iid/seed1/compromised,,545098
cifar10_iid,cifar10,simplecnn,iid,20,4,0.5,40,2,64,sgd,0.01,configs/final/cifar10_iid.json,7ffb0b59777d8bdfcb1ebc564115490456906b9dd2f730f08ad7cd814e55c033,0.25,1,cf_sameinit,0.6858,0.8842222222222222,0.6858,0.8842222222222222,219.31390404701233,completed,checkpoints_v2/cifar10_iid/seed1/cf_sameinit_alpha0.25.pt,512c9a213ead21fba508592026a7a7f57b7a28ca352663204ef26b300a2a38ce,cifar10_iid/seed1/cf_sameinit_alpha0.25,0,545098
cifar10_iid,cifar10,simplecnn,iid,20,4,0.5,40,2,64,sgd,0.01,configs/final/cifar10_iid.json,7ffb0b59777d8bdfcb1ebc564115490456906b9dd2f730f08ad7cd814e55c033,0.25,1,federaser,0.3661,0.4816666666666667,0.6858,0.8842222222222222,54.725016832351685,completed,checkpoints_v2/cifar10_iid/seed1/federaser_alpha0.25.pt,4ca686576f97fc01b5cbb5eec0707437370f5cafa7fd8791a33f827deddc029f,cifar10_iid/seed1/federaser_alpha0.25,0,545098
cifar10_iid,cifar10,simplecnn,iid,20,4,0.5,40,2,64,sgd,0.01,configs/final/cifar10_iid.json,7ffb0b59777d8bdfcb1ebc564115490456906b9dd2f730f08ad7cd814e55c033,0.25,1,fine_pruning,0.6858,0.8834444444444445,0.6858,0.8842222222222222,28.666286945343018,completed,checkpoints/cifar10_iid/seed1/fine_pruning_alpha0.25.pt,13b5dc50f30a471b4de98abecac7eee11380afc2d25fd3b888e3798716e592a9,cifar10_iid/seed1/fine_pruning_alpha0.25,0,545098
cifar10_iid,cifar10,simplecnn,iid,20,4,0.5,40,2,64,sgd,0.01,configs/final/cifar10_iid.json,7ffb0b59777d8bdfcb1ebc564115490456906b9dd2f730f08ad7cd814e55c033,0.25,1,full_retrain,0.6867,0.8728888888888889,0.6858,0.8842222222222222,123.8593897819519,completed,checkpoints/cifar10_iid/seed1/full_retrain_alpha0.25.pt,26878931937df2813eae8a7f3dfb11e612490f5357f9278da9cdfc75877a16b6,cifar10_iid/seed1/full_retrain_alpha0.25,0,545098
cifar10_iid,cifar10,simplecnn,iid,20,4,0.5,40,2,64,sgd,0.01,configs/final/cifar10_iid.json,7ffb0b59777d8bdfcb1ebc564115490456906b9dd2f730f08ad7cd814e55c033,0.25,1,grad_negation,0.6798,0.8948888888888888,0.6858,0.8842222222222222,17.3956458568573,completed,checkpoints/cifar10_iid/seed1/grad_negation_alpha0.25.pt,f04e392bad4c487d5a1c935f94f25446abc5c1e08c1165cd4d8f183b835ff085,cifar10_iid/seed1/grad_negation_alpha0.25,0,545098
cifar10_iid,cifar10,simplecnn,iid,20,4,0.5,40,2,64,sgd,0.01,configs/final/cifar10_iid.json,7ffb0b59777d8bdfcb1ebc564115490456906b9dd2f730f08ad7cd814e55c033,0.25,1,short_retrain,0.6912,0.9101111111111111,0.6858,0.8842222222222222,14.832950115203857,completed,checkpoints/cifar10_iid/seed1/short_retrain_alpha0.25.pt,2a9755dcb3563c5fc0c2530494b046a92910c550b8c27ffa855c0e754a142e44,cifar10_iid/seed1/short_retrain_alpha0.25,0,545098
cifar10_iid,cifar10,simplecnn,iid,20,4,0.5,40,2,64,sgd,0.01,configs/final/cifar10_iid.json,7ffb0b59777d8bdfcb1ebc564115490456906b9dd2f730f08ad7cd814e55c033,0.5,1,cf_sameinit,0.6872,0.7938888888888889,0.6872,0.7938888888888889,208.33653593063354,completed,checkpoints_v2/cifar10_iid/seed1/cf_sameinit_alpha0.50.pt,e5637afac8a57a205b8e495eba23db5e6d3e95e9ab9960b449901b0a7a89153d,cifar10_iid/seed1/cf_sameinit_alpha0.50,0 1,545098
cifar10_iid,cifar10,simplecnn,iid,20,4,0.5,40,2,64,sgd,0.01,configs/final/cifar10_iid.json,7ffb0b59777d8bdfcb1ebc564115490456906b9dd2f730f08ad7cd814e55c033,0.5,1,federaser,0.3577,0.19066666666666668,0.6872,0.7938888888888889,53.54703903198242,completed,checkpoints_v2/cifar10_iid/seed1/federaser_alpha0.50.pt,ea4754cfa9b6cbfd2952172dd28d2e8fde12ffbf42435de2df07f2d6f68854aa,cifar10_iid/seed1/federaser_alpha0.50,0 1,545098
cifar10_iid,cifar10,simplecnn,iid,20,4,0.5,40,2,64,sgd,0.01,configs/final/cifar10_iid.json,7ffb0b59777d8bdfcb1ebc564115490456906b9dd2f730f08ad7cd814e55c033,0.5,1,fine_pruning,0.6863,0.8506666666666667,0.6872,0.7938888888888889,27.858484029769897,completed,checkpoints/cifar10_iid/seed1/fine_pruning_alpha0.50.pt,3dd09fa1d5a2f77393d3d5bba442147d35d585b87401cb36a8f6e1bd24ae3b4e,cifar10_iid/seed1/fine_pruning_alpha0.50,0 1,545098
cifar10_iid,cifar10,simplecnn,iid,20,4,0.5,40,2,64,sgd,0.01,configs/final/cifar10_iid.json,7ffb0b59777d8bdfcb1ebc564115490456906b9dd2f730f08ad7cd814e55c033,0.5,1,full_retrain,0.6811,0.8033333333333333,0.6872,0.7938888888888889,116.22883105278015,completed,checkpoints/cifar10_iid/seed1/full_retrain_alpha0.50.pt,dbefdc81f89a118d08ca39d8edb4c99198970744dce4e78c898945197da4e614,cifar10_iid/seed1/full_retrain_alpha0.50,0 1,545098
cifar10_iid,cifar10,simplecnn,iid,20,4,0.5,40,2,64,sgd,0.01,configs/final/cifar10_iid.json,7ffb0b59777d8bdfcb1ebc564115490456906b9dd2f730f08ad7cd814e55c033,0.5,1,grad_negation,0.681,0.8927777777777778,0.6872,0.7938888888888889,15.943572998046875,completed,checkpoints/cifar10_iid/seed1/grad_negation_alpha0.50.pt,8c996317d6ccb5cee2602e04c242fbd0f2e53f9b491c8fc5d4196edb92649ed1,cifar10_iid/seed1/grad_negation_alpha0.50,0 1,545098
cifar10_iid,cifar10,simplecnn,iid,20,4,0.5,40,2,64,sgd,0.01,configs/final/cifar10_iid.json,7ffb0b59777d8bdfcb1ebc564115490456906b9dd2f730f08ad7cd814e55c033,0.5,1,short_retrain,0.69,0.8992222222222223,0.6872,0.7938888888888889,14.961534023284912,completed,checkpoints/cifar10_iid/seed1/short_retrain_alpha0.50.pt,f8ebd58bf6bd7919d52f54318ee631ddb6c9a6287b706027cf89dc8b27330eed,cifar10_iid/seed1/short_retrain_alpha0.50,0 1,545098
cifar10_iid,cifar10,simplecnn,iid,20,4,0.5,40,2,64,sgd,0.01,configs/final/cifar10_iid.json,7ffb0b59777d8bdfcb1ebc564115490456906b9dd2f730f08ad7cd814e55c033,0.75,1,cf_sameinit,0.6851,0.6198888888888889,0.6851,0.6198888888888889,198.3237748146057,completed,checkpoints_v2/cifar10_iid/seed1/cf_sameinit_alpha0.75.pt,40132f2eb3133fe33edb04784311e0f407ad0796b377cb024f26b8e84fc1819f,cifar10_iid/seed1/cf_sameinit_alpha0.75,0 1 2,545098
cifar10_iid,cifar10,simplecnn,iid,20,4,0.5,40,2,64,sgd,0.01,configs/final/cifar10_iid.json,7ffb0b59777d8bdfcb1ebc564115490456906b9dd2f730f08ad7cd814e55c033,0.75,1,federaser,0.4005,0.13366666666666666,0.6851,0.6198888888888889,49.267255783081055,completed,checkpoints_v2/cifar10_iid/seed1/federaser_alpha0.75.pt,9074d09ad017e966a0453665f3d9dfec9d6b02745cd7a2da9baf3480f8d4874b,cifar10_iid/seed1/federaser_alpha0.75,0 1 2,545098
cifar10_iid,cifar10,simplecnn,iid,20,4,0.5,40,2,64,sgd,0.01,configs/final/cifar10_iid.json,7ffb0b59777d8bdfcb1ebc564115490456906b9dd2f730f08ad7cd814e55c033,0.75,1,fine_pruning,0.687,0.8123333333333334,0.6851,0.6198888888888889,26.039700984954834,completed,checkpoints/cifar10_iid/seed1/fine_pruning_alpha0.75.pt,f1393e3aa17814aa3a86f9c0c33d2df1aae7df510b4dfbda1b437c335ba1b571,cifar10_iid/seed1/fine_pruning_alpha0.75,0 1 2,545098
cifar10_iid,cifar10,simplecnn,iid,20,4,0.5,40,2,64,sgd,0.01,configs/final/cifar10_iid.json,7ffb0b59777d8bdfcb1ebc564115490456906b9dd2f730f08ad7cd814e55c033,0.75,1,full_retrain,0.686,0.6017777777777777,0.6851,0.6198888888888889,107.99243998527527,completed,checkpoints/cifar10_iid/seed1/full_retrain_alpha0.75.pt,dab795417afdfe303d030f8a8b9d11c77ac6e83848593ac45e15ef835f4d98da,cifar10_iid/seed1/full_retrain_alpha0.75,0 1 2,545098
cifar10_iid,cifar10,simplecnn,iid,20,4,0.5,40,2,64,sgd,0.01,configs/final/cifar10_iid.json,7ffb0b59777d8bdfcb1ebc564115490456906b9dd2f730f08ad7cd814e55c033,0.75,1,grad_negation,0.6803,0.8401111111111111,0.6851,0.6198888888888889,15.981435060501099,completed,checkpoints/cifar10_iid/seed1/grad_negation_alpha0.75.pt,02b5937d5ff1049211e8f43c4ebce2c84e61dec9e6dd5e1c47aef62c87e0fd5a,cifar10_iid/seed1/grad_negation_alpha0.75,0 1 2,545098
cifar10_iid,cifar10,simplecnn,iid,20,4,0.5,40,2,64,sgd,0.01,configs/final/cifar10_iid.json,7ffb0b59777d8bdfcb1ebc564115490456906b9dd2f730f08ad7cd814e55c033,0.75,1,short_retrain,0.689,0.885,0.6851,0.6198888888888889,14.3576021194458,completed,checkpoints/cifar10_iid/seed1/short_retrain_alpha0.75.pt,ba4f43f814ebc42b3a6b8a57fb03c56dddfe706381f354b2891aa1104d1c7255,cifar10_iid/seed1/short_retrain_alpha0.75,0 1 2,545098
cifar10_iid,cifar10,simplecnn,iid,20,4,0.5,40,2,64,sgd,0.01,configs/final/cifar10_iid.json,7ffb0b59777d8bdfcb1ebc564115490456906b9dd2f730f08ad7cd814e55c033,1.0,1,cf_sameinit,0.6929,0.017777777777777778,0.6929,0.017777777777777778,182.50141525268555,completed,checkpoints_v2/cifar10_iid/seed1/cf_sameinit_alpha1.00.pt,9255e99220956c992a2284ddf4bd7c4851f70dd2e7ae66ef5d6bdba5bbb567a4,cifar10_iid/seed1/cf_sameinit_alpha1.00,0 1 2 3,545098
cifar10_iid,cifar10,simplecnn,iid,20,4,0.5,40,2,64,sgd,0.01,configs/final/cifar10_iid.json,7ffb0b59777d8bdfcb1ebc564115490456906b9dd2f730f08ad7cd814e55c033,1.0,1,federaser,0.4592,0.04533333333333334,0.6929,0.017777777777777778,46.3806357383728,completed,checkpoints_v2/cifar10_iid/seed1/federaser_alpha1.00.pt,3aba26d58f1c7cceb20183140c9cea672ee1f46ff1af49adea35baf2d93907af,cifar10_iid/seed1/federaser_alpha1.00,0 1 2 3,545098
cifar10_iid,cifar10,simplecnn,iid,20,4,0.5,40,2,64,sgd,0.01,configs/final/cifar10_iid.json,7ffb0b59777d8bdfcb1ebc564115490456906b9dd2f730f08ad7cd814e55c033,1.0,1,fine_pruning,0.686,0.6937777777777778,0.6929,0.017777777777777778,25.592947959899902,completed,checkpoints/cifar10_iid/seed1/fine_pruning_alpha1.00.pt,a026df79534b607a019eeeafa24b101456eac4627fdf55fdeeba431ead9ac1e6,cifar10_iid/seed1/fine_pruning_alpha1.00,0 1 2 3,545098
cifar10_iid,cifar10,simplecnn,iid,20,4,0.5,40,2,64,sgd,0.01,configs/final/cifar10_iid.json,7ffb0b59777d8bdfcb1ebc564115490456906b9dd2f730f08ad7cd814e55c033,1.0,1,full_retrain,0.6863,0.022111111111111113,0.6929,0.017777777777777778,101.60991787910461,completed,checkpoints/cifar10_iid/seed1/full_retrain_alpha1.00.pt,2209ae668661dcda50ddc44ebecaee24c0165846f51e6ef6c4b5c4f323e0e886,cifar10_iid/seed1/full_retrain_alpha1.00,0 1 2 3,545098
cifar10_iid,cifar10,simplecnn,iid,20,4,0.5,40,2,64,sgd,0.01,configs/final/cifar10_iid.json,7ffb0b59777d8bdfcb1ebc564115490456906b9dd2f730f08ad7cd814e55c033,1.0,1,grad_negation,0.6809,0.7484444444444445,0.6929,0.017777777777777778,15.998448848724365,completed,checkpoints/cifar10_iid/seed1/grad_negation_alpha1.00.pt,15b46f51aed8e0b35cfd239547adccd06d269761040df3ac8766049dc4a2b37c,cifar10_iid/seed1/grad_negation_alpha1.00,0 1 2 3,545098
cifar10_iid,cifar10,simplecnn,iid,20,4,0.5,40,2,64,sgd,0.01,configs/final/cifar10_iid.json,7ffb0b59777d8bdfcb1ebc564115490456906b9dd2f730f08ad7cd814e55c033,1.0,1,short_retrain,0.6924,0.8492222222222222,0.6929,0.017777777777777778,12.96313214302063,completed,checkpoints/cifar10_iid/seed1/short_retrain_alpha1.00.pt,5bc844168c74f7928372b1621c863de35a0329ce57c556e40d94cc84b42db8ac,cifar10_iid/seed1/short_retrain_alpha1.00,0 1 2 3,545098
cifar10_iid,cifar10,simplecnn,iid,20,4,0.5,40,2,64,sgd,0.01,configs/final/cifar10_iid.json,1cff5ab85e19d20cb6d8fa0b39371035c1fa1aed86dd394d8b1847ba3fbefad9,0.0,2,before,0.6921,0.9155555555555556,,,129.64969420433044,completed,checkpoints/cifar10_iid/seed2/compromised.pt,1cff5ab85e19d20cb6d8fa0b39371035c1fa1aed86dd394d8b1847ba3fbefad9,cifar10_iid/seed2/compromised,,545098
cifar10_iid,cifar10,simplecnn,iid,20,4,0.5,40,2,64,sgd,0.01,configs/final/cifar10_iid.json,1cff5ab85e19d20cb6d8fa0b39371035c1fa1aed86dd394d8b1847ba3fbefad9,0.25,2,cf_sameinit,0.6892,0.8904444444444445,0.6892,0.8904444444444445,245.58062481880188,completed,checkpoints_v2/cifar10_iid/seed2/cf_sameinit_alpha0.25.pt,6e5e29e2c41c4158f60881fd026b390b8fcfd25a731b9b845a84831532f38c28,cifar10_iid/seed2/cf_sameinit_alpha0.25,0,545098
cifar10_iid,cifar10,simplecnn,iid,20,4,0.5,40,2,64,sgd,0.01,configs/final/cifar10_iid.json,1cff5ab85e19d20cb6d8fa0b39371035c1fa1aed86dd394d8b1847ba3fbefad9,0.25,2,federaser,0.3725,0.5281111111111111,0.6892,0.8904444444444445,54.335988998413086,completed,checkpoints_v2/cifar10_iid/seed2/federaser_alpha0.25.pt,dc5367c4a2565859b109412fd7286daaa9e7741ec25ee76f76e2bf11d7390bf6,cifar10_iid/seed2/federaser_alpha0.25,0,545098
cifar10_iid,cifar10,simplecnn,iid,20,4,0.5,40,2,64,sgd,0.01,configs/final/cifar10_iid.json,1cff5ab85e19d20cb6d8fa0b39371035c1fa1aed86dd394d8b1847ba3fbefad9,0.25,2,fine_pruning,0.6863,0.8821111111111111,0.6892,0.8904444444444445,33.05140972137451,completed,checkpoints/cifar10_iid/seed2/fine_pruning_alpha0.25.pt,8920cc9593849cdda5f246663d5c88f12be8e4805f65c897e0a45346af539840,cifar10_iid/seed2/fine_pruning_alpha0.25,0,545098
cifar10_iid,cifar10,simplecnn,iid,20,4,0.5,40,2,64,sgd,0.01,configs/final/cifar10_iid.json,1cff5ab85e19d20cb6d8fa0b39371035c1fa1aed86dd394d8b1847ba3fbefad9,0.25,2,full_retrain,0.6723,0.8762222222222222,0.6892,0.8904444444444445,120.53212904930115,completed,checkpoints/cifar10_iid/seed2/full_retrain_alpha0.25.pt,638675fda890dfe204dfed338b120a7d8f252ec836f236d4bf5b462d9fe68f3e,cifar10_iid/seed2/full_retrain_alpha0.25,0,545098
cifar10_iid,cifar10,simplecnn,iid,20,4,0.5,40,2,64,sgd,0.01,configs/final/cifar10_iid.json,1cff5ab85e19d20cb6d8fa0b39371035c1fa1aed86dd394d8b1847ba3fbefad9,0.25,2,grad_negation,0.6931,0.9148888888888889,0.6892,0.8904444444444445,15.972087860107422,completed,checkpoints/cifar10_iid/seed2/grad_negation_alpha0.25.pt,55a2fafb466eebe913f5f4bf67a0972e5067d476e227251959aa88380a3ef358,cifar10_iid/seed2/grad_negation_alpha0.25,0,545098
cifar10_iid,cifar10,simplecnn,iid,20,4,0.5,40,2,64,sgd,0.01,configs/final/cifar10_iid.json,1cff5ab85e19d20cb6d8fa0b39371035c1fa1aed86dd394d8b1847ba3fbefad9,0.25,2,short_retrain,0.6979,0.9102222222222223,0.6892,0.8904444444444445,15.601242303848267,completed,checkpoints/cifar10_iid/seed2/short_retrain_alpha0.25.pt,8cb0204f2ac66d4654fef04562e7d262ea80f1f60fa0c17640ec1542dec5d84c,cifar10_iid/seed2/short_retrain_alpha0.25,0,545098
cifar10_iid,cifar10,simplecnn,iid,20,4,0.5,40,2,64,sgd,0.01,configs/final/cifar10_iid.json,1cff5ab85e19d20cb6d8fa0b39371035c1fa1aed86dd394d8b1847ba3fbefad9,0.5,2,cf_sameinit,0.6897,0.8261111111111111,0.6897,0.8261111111111111,221.10655403137207,completed,checkpoints_v2/cifar10_iid/seed2/cf_sameinit_alpha0.50.pt,f2bef5f6b52355bc2e2d82729f11f9d9e915d83b8be31aa3304979f8bfe73b35,cifar10_iid/seed2/cf_sameinit_alpha0.50,0 1,545098
cifar10_iid,cifar10,simplecnn,iid,20,4,0.5,40,2,64,sgd,0.01,configs/final/cifar10_iid.json,1cff5ab85e19d20cb6d8fa0b39371035c1fa1aed86dd394d8b1847ba3fbefad9,0.5,2,federaser,0.4279,0.5922222222222222,0.6897,0.8261111111111111,61.392289876937866,completed,checkpoints_v2/cifar10_iid/seed2/federaser_alpha0.50.pt,3d833c45b2bf8e1c57625a377e540863e55cdb1f3c587ca87f2e2e85007ec9ce,cifar10_iid/seed2/federaser_alpha0.50,0 1,545098
cifar10_iid,cifar10,simplecnn,iid,20,4,0.5,40,2,64,sgd,0.01,configs/final/cifar10_iid.json,1cff5ab85e19d20cb6d8fa0b39371035c1fa1aed86dd394d8b1847ba3fbefad9,0.5,2,fine_pruning,0.6883,0.8681111111111111,0.6897,0.8261111111111111,31.335870027542114,completed,checkpoints/cifar10_iid/seed2/fine_pruning_alpha0.50.pt,d57a1b5b0bef6f46d173eaa3cd61150570392d111e1e4ceff8b141c80b57f05d,cifar10_iid/seed2/fine_pruning_alpha0.50,0 1,545098
cifar10_iid,cifar10,simplecnn,iid,20,4,0.5,40,2,64,sgd,0.01,configs/final/cifar10_iid.json,1cff5ab85e19d20cb6d8fa0b39371035c1fa1aed86dd394d8b1847ba3fbefad9,0.5,2,full_retrain,0.6748,0.8184444444444444,0.6897,0.8261111111111111,119.93260216712952,completed,checkpoints/cifar10_iid/seed2/full_retrain_alpha0.50.pt,a2bfea2c4a9eb605f436d802dc009fd7b907bec9a8ebd06dc449df581d2de6cc,cifar10_iid/seed2/full_retrain_alpha0.50,0 1,545098
cifar10_iid,cifar10,simplecnn,iid,20,4,0.5,40,2,64,sgd,0.01,configs/final/cifar10_iid.json,1cff5ab85e19d20cb6d8fa0b39371035c1fa1aed86dd394d8b1847ba3fbefad9,0.5,2,grad_negation,0.695,0.8906666666666667,0.6897,0.8261111111111111,17.18951177597046,completed,checkpoints/cifar10_iid/seed2/grad_negation_alpha0.50.pt,ac8fa3234755346ce21353f11a14eb96e20974ff148e48ad31988d69c4a90d1a,cifar10_iid/seed2/grad_negation_alpha0.50,0 1,545098
cifar10_iid,cifar10,simplecnn,iid,20,4,0.5,40,2,64,sgd,0.01,configs/final/cifar10_iid.json,1cff5ab85e19d20cb6d8fa0b39371035c1fa1aed86dd394d8b1847ba3fbefad9,0.5,2,short_retrain,0.6929,0.8941111111111111,0.6897,0.8261111111111111,14.558475971221924,completed,checkpoints/cifar10_iid/seed2/short_retrain_alpha0.50.pt,ac1ac1a0bc1e7395f1c1b70a260e29ef505a398a402b84ae94fac8a88ea9462d,cifar10_iid/seed2/short_retrain_alpha0.50,0 1,545098
cifar10_iid,cifar10,simplecnn,iid,20,4,0.5,40,2,64,sgd,0.01,configs/final/cifar10_iid.json,1cff5ab85e19d20cb6d8fa0b39371035c1fa1aed86dd394d8b1847ba3fbefad9,0.75,2,cf_sameinit,0.6885,0.6006666666666667,0.6885,0.6006666666666667,164.08876395225525,completed,checkpoints_v2/cifar10_iid/seed2/cf_sameinit_alpha0.75.pt,ebba4575ff8fe782bd9657f1504f740911abe66c4f91dacc5cd6fb60760fb16d,cifar10_iid/seed2/cf_sameinit_alpha0.75,0 1 2,545098
cifar10_iid,cifar10,simplecnn,iid,20,4,0.5,40,2,64,sgd,0.01,configs/final/cifar10_iid.json,1cff5ab85e19d20cb6d8fa0b39371035c1fa1aed86dd394d8b1847ba3fbefad9,0.75,2,federaser,0.4414,0.2061111111111111,0.6885,0.6006666666666667,53.795849084854126,completed,checkpoints_v2/cifar10_iid/seed2/federaser_alpha0.75.pt,4475ec56a4882f225b8e75171e8f7b42c803c27d9a2977a0398c15c41eb1b290,cifar10_iid/seed2/federaser_alpha0.75,0 1 2,545098
cifar10_iid,cifar10,simplecnn,iid,20,4,0.5,40,2,64,sgd,0.01,configs/final/cifar10_iid.json,1cff5ab85e19d20cb6d8fa0b39371035c1fa1aed86dd394d8b1847ba3fbefad9,0.75,2,fine_pruning,0.6864,0.8308888888888889,0.6885,0.6006666666666667,29.490883827209473,completed,checkpoints/cifar10_iid/seed2/fine_pruning_alpha0.75.pt,7f3ff79451e2c15af77652fbad8d37ebaf11ca1bce0e0271cdcac72f6e0781ad,cifar10_iid/seed2/fine_pruning_alpha0.75,0 1 2,545098
cifar10_iid,cifar10,simplecnn,iid,20,4,0.5,40,2,64,sgd,0.01,configs/final/cifar10_iid.json,1cff5ab85e19d20cb6d8fa0b39371035c1fa1aed86dd394d8b1847ba3fbefad9,0.75,2,full_retrain,0.672,0.5514444444444444,0.6885,0.6006666666666667,113.97986626625061,completed,checkpoints/cifar10_iid/seed2/full_retrain_alpha0.75.pt,178f8ebbde5e0c4014fb0af7573ab4040ebdab85b66154c4bbed7a6e3b0c258e,cifar10_iid/seed2/full_retrain_alpha0.75,0 1 2,545098
cifar10_iid,cifar10,simplecnn,iid,20,4,0.5,40,2,64,sgd,0.01,configs/final/cifar10_iid.json,1cff5ab85e19d20cb6d8fa0b39371035c1fa1aed86dd394d8b1847ba3fbefad9,0.75,2,grad_negation,0.6924,0.8595555555555555,0.6885,0.6006666666666667,17.45068883895874,completed,checkpoints/cifar10_iid/seed2/grad_negation_alpha0.75.pt,77a1846b9ba96d30c88e7811ec0c630859985baefb983ba3a670668bb96ec288,cifar10_iid/seed2/grad_negation_alpha0.75,0 1 2,545098
cifar10_iid,cifar10,simplecnn,iid,20,4,0.5,40,2,64,sgd,0.01,configs/final/cifar10_iid.json,1cff5ab85e19d20cb6d8fa0b39371035c1fa1aed86dd394d8b1847ba3fbefad9,0.75,2,short_retrain,0.6934,0.8861111111111111,0.6885,0.6006666666666667,14.583822965621948,completed,checkpoints/cifar10_iid/seed2/short_retrain_alpha0.75.pt,7e2174cf18e906ab30df74d4b045148fb33986190c1756246935018eda513449,cifar10_iid/seed2/short_retrain_alpha0.75,0 1 2,545098
cifar10_iid,cifar10,simplecnn,iid,20,4,0.5,40,2,64,sgd,0.01,configs/final/cifar10_iid.json,1cff5ab85e19d20cb6d8fa0b39371035c1fa1aed86dd394d8b1847ba3fbefad9,1.0,2,cf_sameinit,0.6913,0.021444444444444443,0.6913,0.021444444444444443,147.37489700317383,completed,checkpoints_v2/cifar10_iid/seed2/cf_sameinit_alpha1.00.pt,de4d2e6a8d03f9a2efcf19dd8aa54fd6dcfe837b0b18e6117be7273d3c7bd380,cifar10_iid/seed2/cf_sameinit_alpha1.00,0 1 2 3,545098
cifar10_iid,cifar10,simplecnn,iid,20,4,0.5,40,2,64,sgd,0.01,configs/final/cifar10_iid.json,1cff5ab85e19d20cb6d8fa0b39371035c1fa1aed86dd394d8b1847ba3fbefad9,1.0,2,federaser,0.4344,0.06011111111111111,0.6913,0.021444444444444443,39.07333493232727,completed,checkpoints_v2/cifar10_iid/seed2/federaser_alpha1.00.pt,d8b32f177a72fd2aec920a0aa26b14d3f1dbdba23b85b9f124035ee0bdb8d3bb,cifar10_iid/seed2/federaser_alpha1.00,0 1 2 3,545098
cifar10_iid,cifar10,simplecnn,iid,20,4,0.5,40,2,64,sgd,0.01,configs/final/cifar10_iid.json,1cff5ab85e19d20cb6d8fa0b39371035c1fa1aed86dd394d8b1847ba3fbefad9,1.0,2,fine_pruning,0.6871,0.7907777777777778,0.6913,0.021444444444444443,27.145309925079346,completed,checkpoints/cifar10_iid/seed2/fine_pruning_alpha1.00.pt,2d92533931244c169fb970de49b78930b068844bd83c26cb7904af1691aef98d,cifar10_iid/seed2/fine_pruning_alpha1.00,0 1 2 3,545098
cifar10_iid,cifar10,simplecnn,iid,20,4,0.5,40,2,64,sgd,0.01,configs/final/cifar10_iid.json,1cff5ab85e19d20cb6d8fa0b39371035c1fa1aed86dd394d8b1847ba3fbefad9,1.0,2,full_retrain,0.6705,0.02311111111111111,0.6913,0.021444444444444443,107.8364999294281,completed,checkpoints/cifar10_iid/seed2/full_retrain_alpha1.00.pt,58fefcda3450ecaa77d1e17165bdbb65577f42ecb83a52cdbbea3f425073d80c,cifar10_iid/seed2/full_retrain_alpha1.00,0 1 2 3,545098
cifar10_iid,cifar10,simplecnn,iid,20,4,0.5,40,2,64,sgd,0.01,configs/final/cifar10_iid.json,1cff5ab85e19d20cb6d8fa0b39371035c1fa1aed86dd394d8b1847ba3fbefad9,1.0,2,grad_negation,0.6947,0.7984444444444444,0.6913,0.021444444444444443,17.32345986366272,completed,checkpoints/cifar10_iid/seed2/grad_negation_alpha1.00.pt,0842adcd8972736c14dd225347a74b9c6083a422de96a6b9ebff9cfc01ac9c2c,cifar10_iid/seed2/grad_negation_alpha1.00,0 1 2 3,545098
cifar10_iid,cifar10,simplecnn,iid,20,4,0.5,40,2,64,sgd,0.01,configs/final/cifar10_iid.json,1cff5ab85e19d20cb6d8fa0b39371035c1fa1aed86dd394d8b1847ba3fbefad9,1.0,2,short_retrain,0.6941,0.8441111111111111,0.6913,0.021444444444444443,13.49009394645691,completed,checkpoints/cifar10_iid/seed2/short_retrain_alpha1.00.pt,c74be496ec052c6d2844b722928eaf676dd0db00dcbf9397379c7c600f1cdec4,cifar10_iid/seed2/short_retrain_alpha1.00,0 1 2 3,545098
cifar10_iid,cifar10,simplecnn,iid,20,4,0.5,40,2,64,sgd,0.01,configs/final/cifar10_iid.json,edcead742b516b8facd75d849daf6a485d39c71008855b94ca7d962f9cee21f2,0.0,3,before,0.6825,0.9108888888888889,,,134.7254388332367,completed,checkpoints/cifar10_iid/seed3/compromised.pt,edcead742b516b8facd75d849daf6a485d39c71008855b94ca7d962f9cee21f2,cifar10_iid/seed3/compromised,,545098
cifar10_iid,cifar10,simplecnn,iid,20,4,0.5,40,2,64,sgd,0.01,configs/final/cifar10_iid.json,edcead742b516b8facd75d849daf6a485d39c71008855b94ca7d962f9cee21f2,0.25,3,cf_sameinit,0.683,0.8674444444444445,0.683,0.8674444444444445,182.3713071346283,completed,checkpoints_v2/cifar10_iid/seed3/cf_sameinit_alpha0.25.pt,3918fd45a37870299d37e3c80dd35ebf3199ff24bd0c61c066a7fce24f63d2c8,cifar10_iid/seed3/cf_sameinit_alpha0.25,0,545098
cifar10_iid,cifar10,simplecnn,iid,20,4,0.5,40,2,64,sgd,0.01,configs/final/cifar10_iid.json,edcead742b516b8facd75d849daf6a485d39c71008855b94ca7d962f9cee21f2,0.25,3,federaser,0.4074,0.8736666666666667,0.683,0.8674444444444445,43.30218505859375,completed,checkpoints_v2/cifar10_iid/seed3/federaser_alpha0.25.pt,78064140ca48040d710936c1876d038d9ecca4d744fc4667ac03adfb9237363d,cifar10_iid/seed3/federaser_alpha0.25,0,545098
cifar10_iid,cifar10,simplecnn,iid,20,4,0.5,40,2,64,sgd,0.01,configs/final/cifar10_iid.json,edcead742b516b8facd75d849daf6a485d39c71008855b94ca7d962f9cee21f2,0.25,3,fine_pruning,0.6827,0.8714444444444445,0.683,0.8674444444444445,33.4531569480896,completed,checkpoints/cifar10_iid/seed3/fine_pruning_alpha0.25.pt,a2c5df8e600670e19b4b967bfffdee56ffdfca2ae0c117abafeebed39bceb298,cifar10_iid/seed3/fine_pruning_alpha0.25,0,545098
cifar10_iid,cifar10,simplecnn,iid,20,4,0.5,40,2,64,sgd,0.01,configs/final/cifar10_iid.json,edcead742b516b8facd75d849daf6a485d39c71008855b94ca7d962f9cee21f2,0.25,3,full_retrain,0.6875,0.8814444444444445,0.683,0.8674444444444445,126.17927098274231,completed,checkpoints/cifar10_iid/seed3/full_retrain_alpha0.25.pt,b4408b5ac53f12768505367142972ff38e5b8444b6201e9c85e06507ca11b1c8,cifar10_iid/seed3/full_retrain_alpha0.25,0,545098
cifar10_iid,cifar10,simplecnn,iid,20,4,0.5,40,2,64,sgd,0.01,configs/final/cifar10_iid.json,edcead742b516b8facd75d849daf6a485d39c71008855b94ca7d962f9cee21f2,0.25,3,grad_negation,0.6912,0.899,0.683,0.8674444444444445,17.19059729576111,completed,checkpoints/cifar10_iid/seed3/grad_negation_alpha0.25.pt,093a4e5454dca258460ded0c0bdf765d2d24f521f9794b633237ee3bf4af56a0,cifar10_iid/seed3/grad_negation_alpha0.25,0,545098
cifar10_iid,cifar10,simplecnn,iid,20,4,0.5,40,2,64,sgd,0.01,configs/final/cifar10_iid.json,edcead742b516b8facd75d849daf6a485d39c71008855b94ca7d962f9cee21f2,0.25,3,short_retrain,0.6897,0.9128888888888889,0.683,0.8674444444444445,14.70979118347168,completed,checkpoints/cifar10_iid/seed3/short_retrain_alpha0.25.pt,42428474f56e9aae6555b350a92b6378ffbb3166f9da69207136926e07034a91,cifar10_iid/seed3/short_retrain_alpha0.25,0,545098
cifar10_iid,cifar10,simplecnn,iid,20,4,0.5,40,2,64,sgd,0.01,configs/final/cifar10_iid.json,edcead742b516b8facd75d849daf6a485d39c71008855b94ca7d962f9cee21f2,0.5,3,cf_sameinit,0.6844,0.7994444444444444,0.6844,0.7994444444444444,184.27263402938843,completed,checkpoints_v2/cifar10_iid/seed3/cf_sameinit_alpha0.50.pt,907b8b2c7f4ce35b7c8350772d1cdb2b84bedc8ce5b7577c1ae02317c7918591,cifar10_iid/seed3/cf_sameinit_alpha0.50,0 1,545098
cifar10_iid,cifar10,simplecnn,iid,20,4,0.5,40,2,64,sgd,0.01,configs/final/cifar10_iid.json,edcead742b516b8facd75d849daf6a485d39c71008855b94ca7d962f9cee21f2,0.5,3,federaser,0.4498,0.4922222222222222,0.6844,0.7994444444444444,43.9602267742157,completed,checkpoints_v2/cifar10_iid/seed3/federaser_alpha0.50.pt,f81e398878c2aa3c3eec8b8d8f83b13e9d5498f20de8e97026c78167d39b8b73,cifar10_iid/seed3/federaser_alpha0.50,0 1,545098
cifar10_iid,cifar10,simplecnn,iid,20,4,0.5,40,2,64,sgd,0.01,configs/final/cifar10_iid.json,edcead742b516b8facd75d849daf6a485d39c71008855b94ca7d962f9cee21f2,0.5,3,fine_pruning,0.6779,0.87,0.6844,0.7994444444444444,31.19056987762451,completed,checkpoints/cifar10_iid/seed3/fine_pruning_alpha0.50.pt,f27e9fc1ed399f99c426f06a73e28729e5435595eaf4d60d00af1c5131c93ea6,cifar10_iid/seed3/fine_pruning_alpha0.50,0 1,545098
cifar10_iid,cifar10,simplecnn,iid,20,4,0.5,40,2,64,sgd,0.01,configs/final/cifar10_iid.json,edcead742b516b8facd75d849daf6a485d39c71008855b94ca7d962f9cee21f2,0.5,3,full_retrain,0.6865,0.8237777777777778,0.6844,0.7994444444444444,123.6733627319336,completed,checkpoints/cifar10_iid/seed3/full_retrain_alpha0.50.pt,7cf4249ac5713bf6f6e4c9000dde2b03a8b609b974adc255198c2e1d78801ce2,cifar10_iid/seed3/full_retrain_alpha0.50,0 1,545098
cifar10_iid,cifar10,simplecnn,iid,20,4,0.5,40,2,64,sgd,0.01,configs/final/cifar10_iid.json,edcead742b516b8facd75d849daf6a485d39c71008855b94ca7d962f9cee21f2,0.5,3,grad_negation,0.6914,0.8773333333333333,0.6844,0.7994444444444444,17.172680139541626,completed,checkpoints/cifar10_iid/seed3/grad_negation_alpha0.50.pt,cb0546d29d42ea6da6d9d08407edacd7c46611e77018945056771f9f4549a285,cifar10_iid/seed3/grad_negation_alpha0.50,0 1,545098
cifar10_iid,cifar10,simplecnn,iid,20,4,0.5,40,2,64,sgd,0.01,configs/final/cifar10_iid.json,edcead742b516b8facd75d849daf6a485d39c71008855b94ca7d962f9cee21f2,0.5,3,short_retrain,0.6883,0.8848888888888888,0.6844,0.7994444444444444,15.133232831954956,completed,checkpoints/cifar10_iid/seed3/short_retrain_alpha0.50.pt,26b285b3455913ebf3cccbf692e50aa149ab22f12ca6c484023f9a4df575250e,cifar10_iid/seed3/short_retrain_alpha0.50,0 1,545098
cifar10_iid,cifar10,simplecnn,iid,20,4,0.5,40,2,64,sgd,0.01,configs/final/cifar10_iid.json,edcead742b516b8facd75d849daf6a485d39c71008855b94ca7d962f9cee21f2,0.75,3,cf_sameinit,0.6849,0.5786666666666667,0.6849,0.5786666666666667,170.6337161064148,completed,checkpoints_v2/cifar10_iid/seed3/cf_sameinit_alpha0.75.pt,ffa50a7b9fb9827f796a00fa6f93e076fc5302f06e8530ef9837f10785f8b128,cifar10_iid/seed3/cf_sameinit_alpha0.75,0 1 2,545098
cifar10_iid,cifar10,simplecnn,iid,20,4,0.5,40,2,64,sgd,0.01,configs/final/cifar10_iid.json,edcead742b516b8facd75d849daf6a485d39c71008855b94ca7d962f9cee21f2,0.75,3,federaser,0.4529,0.2837777777777778,0.6849,0.5786666666666667,44.10962200164795,completed,checkpoints_v2/cifar10_iid/seed3/federaser_alpha0.75.pt,d16b2e1426ed546fff36fa180eca7dbefd2f0d7fe726dd95c1bd5168ee0daa49,cifar10_iid/seed3/federaser_alpha0.75,0 1 2,545098
cifar10_iid,cifar10,simplecnn,iid,20,4,0.5,40,2,64,sgd,0.01,configs/final/cifar10_iid.json,edcead742b516b8facd75d849daf6a485d39c71008855b94ca7d962f9cee21f2,0.75,3,fine_pruning,0.6847,0.818,0.6849,0.5786666666666667,28.67702889442444,completed,checkpoints/cifar10_iid/seed3/fine_pruning_alpha0.75.pt,0ad33d9aca3e6fa471fff976305002f935995569d90badcd6d9931e3ae784659,cifar10_iid/seed3/fine_pruning_alpha0.75,0 1 2,545098
cifar10_iid,cifar10,simplecnn,iid,20,4,0.5,40,2,64,sgd,0.01,configs/final/cifar10_iid.json,edcead742b516b8facd75d849daf6a485d39c71008855b94ca7d962f9cee21f2,0.75,3,full_retrain,0.6881,0.628,0.6849,0.5786666666666667,117.50220990180969,completed,checkpoints/cifar10_iid/seed3/full_retrain_alpha0.75.pt,3d51289f5fb96a72514cc1b8cb269b5d5980eb1ad11d560b67e7309ed2f6d7d2,cifar10_iid/seed3/full_retrain_alpha0.75,0 1 2,545098
cifar10_iid,cifar10,simplecnn,iid,20,4,0.5,40,2,64,sgd,0.01,configs/final/cifar10_iid.json,edcead742b516b8facd75d849daf6a485d39c71008855b94ca7d962f9cee21f2,0.75,3,grad_negation,0.6895,0.8332222222222222,0.6849,0.5786666666666667,17.946512937545776,completed,checkpoints/cifar10_iid/seed3/grad_negation_alpha0.75.pt,a5b9b3a2e5b7b569447b7e41deb809ea15b434a2754f2534bb77bc2db10ed7f4,cifar10_iid/seed3/grad_negation_alpha0.75,0 1 2,545098
cifar10_iid,cifar10,simplecnn,iid,20,4,0.5,40,2,64,sgd,0.01,configs/final/cifar10_iid.json,edcead742b516b8facd75d849daf6a485d39c71008855b94ca7d962f9cee21f2,0.75,3,short_retrain,0.692,0.8667777777777778,0.6849,0.5786666666666667,14.785571098327637,completed,checkpoints/cifar10_iid/seed3/short_retrain_alpha0.75.pt,83b38b2e21f5428bbcd81c6f4b520e530e4861d4dc08e5e3abfe812567a19ec3,cifar10_iid/seed3/short_retrain_alpha0.75,0 1 2,545098
cifar10_iid,cifar10,simplecnn,iid,20,4,0.5,40,2,64,sgd,0.01,configs/final/cifar10_iid.json,edcead742b516b8facd75d849daf6a485d39c71008855b94ca7d962f9cee21f2,1.0,3,cf_sameinit,0.6838,0.021111111111111112,0.6838,0.021111111111111112,167.4050829410553,completed,checkpoints_v2/cifar10_iid/seed3/cf_sameinit_alpha1.00.pt,2a0ddb6359571e5cdacb69e492cad653758d5ae0cd5affec53d9d28445e827f3,cifar10_iid/seed3/cf_sameinit_alpha1.00,0 1 2 3,545098
cifar10_iid,cifar10,simplecnn,iid,20,4,0.5,40,2,64,sgd,0.01,configs/final/cifar10_iid.json,edcead742b516b8facd75d849daf6a485d39c71008855b94ca7d962f9cee21f2,1.0,3,federaser,0.4047,0.084,0.6838,0.021111111111111112,39.223203897476196,completed,checkpoints_v2/cifar10_iid/seed3/federaser_alpha1.00.pt,2270177e54840cd1d8896aca3322343843e32850fcbb00784e17b88e43a239f5,cifar10_iid/seed3/federaser_alpha1.00,0 1 2 3,545098
cifar10_iid,cifar10,simplecnn,iid,20,4,0.5,40,2,64,sgd,0.01,configs/final/cifar10_iid.json,edcead742b516b8facd75d849daf6a485d39c71008855b94ca7d962f9cee21f2,1.0,3,fine_pruning,0.6831,0.4653333333333333,0.6838,0.021111111111111112,28.143930912017822,completed,checkpoints/cifar10_iid/seed3/fine_pruning_alpha1.00.pt,38c76e6138d856e4ff208384cc7f8fa6f5498d28a62237c9ec29674bb1007cdd,cifar10_iid/seed3/fine_pruning_alpha1.00,0 1 2 3,545098
cifar10_iid,cifar10,simplecnn,iid,20,4,0.5,40,2,64,sgd,0.01,configs/final/cifar10_iid.json,edcead742b516b8facd75d849daf6a485d39c71008855b94ca7d962f9cee21f2,1.0,3,full_retrain,0.6892,0.021111111111111112,0.6838,0.021111111111111112,107.16248106956482,completed,checkpoints/cifar10_iid/seed3/full_retrain_alpha1.00.pt,fea6d32d3fda48187b393038f31bb9151212feeedb7772c9ce0da7d4f1c5cb16,cifar10_iid/seed3/full_retrain_alpha1.00,0 1 2 3,545098
cifar10_iid,cifar10,simplecnn,iid,20,4,0.5,40,2,64,sgd,0.01,configs/final/cifar10_iid.json,edcead742b516b8facd75d849daf6a485d39c71008855b94ca7d962f9cee21f2,1.0,3,grad_negation,0.6899,0.7265555555555555,0.6838,0.021111111111111112,17.08568000793457,completed,checkpoints/cifar10_iid/seed3/grad_negation_alpha1.00.pt,97fa3993da2164622a6ba5543d37dc3f091dfd654d1df52489d003438ac0c148,cifar10_iid/seed3/grad_negation_alpha1.00,0 1 2 3,545098
cifar10_iid,cifar10,simplecnn,iid,20,4,0.5,40,2,64,sgd,0.01,configs/final/cifar10_iid.json,edcead742b516b8facd75d849daf6a485d39c71008855b94ca7d962f9cee21f2,1.0,3,short_retrain,0.6903,0.8193333333333334,0.6838,0.021111111111111112,14.8350088596344,completed,checkpoints/cifar10_iid/seed3/short_retrain_alpha1.00.pt,b5ba76cf7e20738ba3176749d28a2e6775ee71c84e96ff6d22cb042a14863913,cifar10_iid/seed3/short_retrain_alpha1.00,0 1 2 3,545098
cifar10_iid,cifar10,simplecnn,iid,20,4,0.5,40,2,64,sgd,0.01,configs/final/cifar10_iid.json,1baf2e4a28de9cb92fadab4c72d6aba2b2d526a5170c45b21dfaa6330d241a05,0.0,4,before,0.6821,0.9066666666666666,,,133.81375408172607,completed,checkpoints/cifar10_iid/seed4/compromised.pt,1baf2e4a28de9cb92fadab4c72d6aba2b2d526a5170c45b21dfaa6330d241a05,cifar10_iid/seed4/compromised,,545098
cifar10_iid,cifar10,simplecnn,iid,20,4,0.5,40,2,64,sgd,0.01,configs/final/cifar10_iid.json,1baf2e4a28de9cb92fadab4c72d6aba2b2d526a5170c45b21dfaa6330d241a05,0.25,4,cf_sameinit,0.6805,0.876,0.6805,0.876,221.0231499671936,completed,checkpoints_v2/cifar10_iid/seed4/cf_sameinit_alpha0.25.pt,abbb2bd137bfa77eb8e31c6ca32abeee7d8688cee259c863de6fcc363014539e,cifar10_iid/seed4/cf_sameinit_alpha0.25,0,545098
cifar10_iid,cifar10,simplecnn,iid,20,4,0.5,40,2,64,sgd,0.01,configs/final/cifar10_iid.json,1baf2e4a28de9cb92fadab4c72d6aba2b2d526a5170c45b21dfaa6330d241a05,0.25,4,federaser,0.4512,0.5721111111111111,0.6805,0.876,56.47838497161865,completed,checkpoints_v2/cifar10_iid/seed4/federaser_alpha0.25.pt,06fd188bdafa0caaba340717bdc50d846b3485a85ce810e596d6471066cd89af,cifar10_iid/seed4/federaser_alpha0.25,0,545098
cifar10_iid,cifar10,simplecnn,iid,20,4,0.5,40,2,64,sgd,0.01,configs/final/cifar10_iid.json,1baf2e4a28de9cb92fadab4c72d6aba2b2d526a5170c45b21dfaa6330d241a05,0.25,4,fine_pruning,0.6819,0.9011111111111111,0.6805,0.876,27.454847812652588,completed,checkpoints/cifar10_iid/seed4/fine_pruning_alpha0.25.pt,a1e182ca8aad6cee3718010e9a645a7d6ec2502df6d79827d61704b7d7751ce9,cifar10_iid/seed4/fine_pruning_alpha0.25,0,545098
cifar10_iid,cifar10,simplecnn,iid,20,4,0.5,40,2,64,sgd,0.01,configs/final/cifar10_iid.json,1baf2e4a28de9cb92fadab4c72d6aba2b2d526a5170c45b21dfaa6330d241a05,0.25,4,full_retrain,0.6902,0.902,0.6805,0.876,123.0803120136261,completed,checkpoints/cifar10_iid/seed4/full_retrain_alpha0.25.pt,3000b23cc521bbe4f28d3958001e5e4a62fa08ec2c2c25147ef68c97b74982aa,cifar10_iid/seed4/full_retrain_alpha0.25,0,545098
cifar10_iid,cifar10,simplecnn,iid,20,4,0.5,40,2,64,sgd,0.01,configs/final/cifar10_iid.json,1baf2e4a28de9cb92fadab4c72d6aba2b2d526a5170c45b21dfaa6330d241a05,0.25,4,grad_negation,0.6777,0.8826666666666667,0.6805,0.876,16.594031810760498,completed,checkpoints/cifar10_iid/seed4/grad_negation_alpha0.25.pt,ae7c6a8154090dcd95c7b12f1e7d7d5e64318dccd636b005d149708762eeacdc,cifar10_iid/seed4/grad_negation_alpha0.25,0,545098
cifar10_iid,cifar10,simplecnn,iid,20,4,0.5,40,2,64,sgd,0.01,configs/final/cifar10_iid.json,1baf2e4a28de9cb92fadab4c72d6aba2b2d526a5170c45b21dfaa6330d241a05,0.25,4,short_retrain,0.6855,0.9028888888888889,0.6805,0.876,15.092227220535278,completed,checkpoints/cifar10_iid/seed4/short_retrain_alpha0.25.pt,373e83eac459c6cbf5f52b4ecf2bca7588b1ad1bab4d91b3d24bb4b361457dec,cifar10_iid/seed4/short_retrain_alpha0.25,0,545098
cifar10_iid,cifar10,simplecnn,iid,20,4,0.5,40,2,64,sgd,0.01,configs/final/cifar10_iid.json,1baf2e4a28de9cb92fadab4c72d6aba2b2d526a5170c45b21dfaa6330d241a05,0.5,4,cf_sameinit,0.6811,0.7988888888888889,0.6811,0.7988888888888889,198.7013521194458,completed,checkpoints_v2/cifar10_iid/seed4/cf_sameinit_alpha0.50.pt,4933e6ad6520c0007768c4bd97a2c851c4a5d816662b6d75bc0718ff004e88d9,cifar10_iid/seed4/cf_sameinit_alpha0.50,0 1,545098
cifar10_iid,cifar10,simplecnn,iid,20,4,0.5,40,2,64,sgd,0.01,configs/final/cifar10_iid.json,1baf2e4a28de9cb92fadab4c72d6aba2b2d526a5170c45b21dfaa6330d241a05,0.5,4,federaser,0.4027,0.2238888888888889,0.6811,0.7988888888888889,51.0877788066864,completed,checkpoints_v2/cifar10_iid/seed4/federaser_alpha0.50.pt,d8f95476cba146574915d2396ac2c51316a50fa6eeb1dfd57180a4d0bc2114e9,cifar10_iid/seed4/federaser_alpha0.50,0 1,545098
cifar10_iid,cifar10,simplecnn,iid,20,4,0.5,40,2,64,sgd,0.01,configs/final/cifar10_iid.json,1baf2e4a28de9cb92fadab4c72d6aba2b2d526a5170c45b21dfaa6330d241a05,0.5,4,fine_pruning,0.6869,0.8752222222222222,0.6811,0.7988888888888889,26.05134415626526,completed,checkpoints/cifar10_iid/seed4/fine_pruning_alpha0.50.pt,fb26039e0eac8c8c134ba2cd87d7391e53b392481812c261c9a80bb174c21de9,cifar10_iid/seed4/fine_pruning_alpha0.50,0 1,545098
cifar10_iid,cifar10,simplecnn,iid,20,4,0.5,40,2,64,sgd,0.01,configs/final/cifar10_iid.json,1baf2e4a28de9cb92fadab4c72d6aba2b2d526a5170c45b21dfaa6330d241a05,0.5,4,full_retrain,0.6879,0.836,0.6811,0.7988888888888889,118.84048986434937,completed,checkpoints/cifar10_iid/seed4/full_retrain_alpha0.50.pt,1bee5fb4bd1f39465f886383c17fb38e96c5015883daf5a030b88d330969a532,cifar10_iid/seed4/full_retrain_alpha0.50,0 1,545098
cifar10_iid,cifar10,simplecnn,iid,20,4,0.5,40,2,64,sgd,0.01,configs/final/cifar10_iid.json,1baf2e4a28de9cb92fadab4c72d6aba2b2d526a5170c45b21dfaa6330d241a05,0.5,4,grad_negation,0.6819,0.857,0.6811,0.7988888888888889,16.536547660827637,completed,checkpoints/cifar10_iid/seed4/grad_negation_alpha0.50.pt,063dafcf95ecde75cdccddf974d58a9017f962e087d8eb31954d1af8f558f0aa,cifar10_iid/seed4/grad_negation_alpha0.50,0 1,545098
cifar10_iid,cifar10,simplecnn,iid,20,4,0.5,40,2,64,sgd,0.01,configs/final/cifar10_iid.json,1baf2e4a28de9cb92fadab4c72d6aba2b2d526a5170c45b21dfaa6330d241a05,0.5,4,short_retrain,0.6867,0.8821111111111111,0.6811,0.7988888888888889,14.97108507156372,completed,checkpoints/cifar10_iid/seed4/short_retrain_alpha0.50.pt,4d5037f000d9903ba727f203add1aa5530f8f645119b1a6d2a0dbd69cd10de7f,cifar10_iid/seed4/short_retrain_alpha0.50,0 1,545098
cifar10_iid,cifar10,simplecnn,iid,20,4,0.5,40,2,64,sgd,0.01,configs/final/cifar10_iid.json,1baf2e4a28de9cb92fadab4c72d6aba2b2d526a5170c45b21dfaa6330d241a05,0.75,4,cf_sameinit,0.6832,0.6284444444444445,0.6832,0.6284444444444445,185.85100412368774,completed,checkpoints_v2/cifar10_iid/seed4/cf_sameinit_alpha0.75.pt,6bbe594e0caab804eb19ac8d7fbe89191f4768ec1d294ac7ba84b8df2b6826d3,cifar10_iid/seed4/cf_sameinit_alpha0.75,0 1 2,545098
cifar10_iid,cifar10,simplecnn,iid,20,4,0.5,40,2,64,sgd,0.01,configs/final/cifar10_iid.json,1baf2e4a28de9cb92fadab4c72d6aba2b2d526a5170c45b21dfaa6330d241a05,0.75,4,federaser,0.4815,0.36544444444444446,0.6832,0.6284444444444445,48.17627811431885,completed,checkpoints_v2/cifar10_iid/seed4/federaser_alpha0.75.pt,6aefa72bfa0a167e53315ae617cd65d816aa43b34b70d3870fb695461f21991d,cifar10_iid/seed4/federaser_alpha0.75,0 1 2,545098
cifar10_iid,cifar10,simplecnn,iid,20,4,0.5,40,2,64,sgd,0.01,configs/final/cifar10_iid.json,1baf2e4a28de9cb92fadab4c72d6aba2b2d526a5170c45b21dfaa6330d241a05,0.75,4,fine_pruning,0.6846,0.8567777777777777,0.6832,0.6284444444444445,24.694609880447388,completed,checkpoints/cifar10_iid/seed4/fine_pruning_alpha0.75.pt,68493f672cbd07a9b37c265c3142425460c50379bca459245883a1c4b6918b1c,cifar10_iid/seed4/fine_pruning_alpha0.75,0 1 2,545098
cifar10_iid,cifar10,simplecnn,iid,20,4,0.5,40,2,64,sgd,0.01,configs/final/cifar10_iid.json,1baf2e4a28de9cb92fadab4c72d6aba2b2d526a5170c45b21dfaa6330d241a05,0.75,4,full_retrain,0.6897,0.6783333333333333,0.6832,0.6284444444444445,114.99965000152588,completed,checkpoints/cifar10_iid/seed4/full_retrain_alpha0.75.pt,92aaa2ca6a3f3a0ca551beb35d0a66f6ea298d16fc493be01570e60ab550bee1,cifar10_iid/seed4/full_retrain_alpha0.75,0 1 2,545098
cifar10_iid,cifar10,simplecnn,iid,20,4,0.5,40,2,64,sgd,0.01,configs/final/cifar10_iid.json,1baf2e4a28de9cb92fadab4c72d6aba2b2d526a5170c45b21dfaa6330d241a05,0.75,4,grad_negation,0.6845,0.816,0.6832,0.6284444444444445,16.717122077941895,completed,checkpoints/cifar10_iid/seed4/grad_negation_alpha0.75.pt,ec1a6aba0284481a20b90156ebd9cfe3e220f255de3970e7f2dda17922308c7a,cifar10_iid/seed4/grad_negation_alpha0.75,0 1 2,545098
cifar10_iid,cifar10,simplecnn,iid,20,4,0.5,40,2,64,sgd,0.01,configs/final/cifar10_iid.json,1baf2e4a28de9cb92fadab4c72d6aba2b2d526a5170c45b21dfaa6330d241a05,0.75,4,short_retrain,0.6874,0.8637777777777778,0.6832,0.6284444444444445,15.365454912185669,completed,checkpoints/cifar10_iid/seed4/short_retrain_alpha0.75.pt,d9fe5dc2237b36fd9192827a6103860c30788f74f8dc1726c210ce097aae005d,cifar10_iid/seed4/short_retrain_alpha0.75,0 1 2,545098
cifar10_iid,cifar10,simplecnn,iid,20,4,0.5,40,2,64,sgd,0.01,configs/final/cifar10_iid.json,1baf2e4a28de9cb92fadab4c72d6aba2b2d526a5170c45b21dfaa6330d241a05,1.0,4,cf_sameinit,0.6854,0.023555555555555555,0.6854,0.023555555555555555,175.85013222694397,completed,checkpoints_v2/cifar10_iid/seed4/cf_sameinit_alpha1.00.pt,7285baa283e9c65803977450436b385d5c34251afec08b5007aefa97f1afac07,cifar10_iid/seed4/cf_sameinit_alpha1.00,0 1 2 3,545098
cifar10_iid,cifar10,simplecnn,iid,20,4,0.5,40,2,64,sgd,0.01,configs/final/cifar10_iid.json,1baf2e4a28de9cb92fadab4c72d6aba2b2d526a5170c45b21dfaa6330d241a05,1.0,4,federaser,0.4605,0.04022222222222222,0.6854,0.023555555555555555,44.29895806312561,completed,checkpoints_v2/cifar10_iid/seed4/federaser_alpha1.00.pt,1338e2c9ac0bfc00eedf45f019fb47f072d55d281aa9808606eb16ffca91e836,cifar10_iid/seed4/federaser_alpha1.00,0 1 2 3,545098
cifar10_iid,cifar10,simplecnn,iid,20,4,0.5,40,2,64,sgd,0.01,configs/final/cifar10_iid.json,1baf2e4a28de9cb92fadab4c72d6aba2b2d526a5170c45b21dfaa6330d241a05,1.0,4,fine_pruning,0.6826,0.8281111111111111,0.6854,0.023555555555555555,23.292511701583862,completed,checkpoints/cifar10_iid/seed4/fine_pruning_alpha1.00.pt,9c474fc9a19ec0ff5a98bb3d09d9ffadf1540c64d90f9ed9a839b9e306189414,cifar10_iid/seed4/fine_pruning_alpha1.00,0 1 2 3,545098
cifar10_iid,cifar10,simplecnn,iid,20,4,0.5,40,2,64,sgd,0.01,configs/final/cifar10_iid.json,1baf2e4a28de9cb92fadab4c72d6aba2b2d526a5170c45b21dfaa6330d241a05,1.0,4,full_retrain,0.694,0.025,0.6854,0.023555555555555555,110.81413388252258,completed,checkpoints/cifar10_iid/seed4/full_retrain_alpha1.00.pt,73a3ddf073426fb9fb0a12f34301b5b95092af2eb987d7e82d668d3f8ff2814c,cifar10_iid/seed4/full_retrain_alpha1.00,0 1 2 3,545098
cifar10_iid,cifar10,simplecnn,iid,20,4,0.5,40,2,64,sgd,0.01,configs/final/cifar10_iid.json,1baf2e4a28de9cb92fadab4c72d6aba2b2d526a5170c45b21dfaa6330d241a05,1.0,4,grad_negation,0.6805,0.7133333333333334,0.6854,0.023555555555555555,17.12079906463623,completed,checkpoints/cifar10_iid/seed4/grad_negation_alpha1.00.pt,2aa78f219c88d2c51d3261a34e9f93428c639df189133ee2c64572f0e835aeff,cifar10_iid/seed4/grad_negation_alpha1.00,0 1 2 3,545098
cifar10_iid,cifar10,simplecnn,iid,20,4,0.5,40,2,64,sgd,0.01,configs/final/cifar10_iid.json,1baf2e4a28de9cb92fadab4c72d6aba2b2d526a5170c45b21dfaa6330d241a05,1.0,4,short_retrain,0.6863,0.8322222222222222,0.6854,0.023555555555555555,14.206157922744751,completed,checkpoints/cifar10_iid/seed4/short_retrain_alpha1.00.pt,d2c543520aef2b6fd9db9d9bb9a713f22e69b2430c696da8efc989b2740661ce,cifar10_iid/seed4/short_retrain_alpha1.00,0 1 2 3,545098
cifar10_iid_federaser_dt1,cifar10,simplecnn,iid,20,4,0.5,40,2,64,sgd,0.01,configs/final/cifar10_iid_federaser_dt1.json,71ba2b115e5d387e2ef5e5175301d7b1a5120580908b76b5df952219d03f7cde,0.0,0,before,0.6886,0.9093333333333333,,,193.664972782135,completed,checkpoints/cifar10_iid_federaser_dt1/seed0/compromised.pt,71ba2b115e5d387e2ef5e5175301d7b1a5120580908b76b5df952219d03f7cde,cifar10_iid_federaser_dt1/seed0/compromised,,545098
cifar10_iid_federaser_dt1,cifar10,simplecnn,iid,20,4,0.5,40,2,64,sgd,0.01,configs/final/cifar10_iid_federaser_dt1.json,71ba2b115e5d387e2ef5e5175301d7b1a5120580908b76b5df952219d03f7cde,1.0,0,cf_sameinit,0.6854,0.022444444444444444,0.6854,0.022444444444444444,158.7594611644745,completed,checkpoints_v2/cifar10_iid_federaser_dt1/seed0/cf_sameinit_alpha1.00.pt,9bc77617917a868513eb11698b03244c517aa8090e7071951693ddfacd5ceb8f,cifar10_iid_federaser_dt1/seed0/cf_sameinit_alpha1.00,0 1 2 3,545098
cifar10_iid_federaser_dt1,cifar10,simplecnn,iid,20,4,0.5,40,2,64,sgd,0.01,configs/final/cifar10_iid_federaser_dt1.json,71ba2b115e5d387e2ef5e5175301d7b1a5120580908b76b5df952219d03f7cde,1.0,0,federaser,0.6022,0.012222222222222223,0.6854,0.022444444444444444,80.58594512939453,completed,checkpoints_v2/cifar10_iid_federaser_dt1/seed0/federaser_alpha1.00.pt,225c9e07e615ae13e51b9023ee026412920ae49fa2bf8c2ea09c14a7baa018b8,cifar10_iid_federaser_dt1/seed0/federaser_alpha1.00,0 1 2 3,545098
cifar10_iid_federaser_dt1,cifar10,simplecnn,iid,20,4,0.5,40,2,64,sgd,0.01,configs/final/cifar10_iid_federaser_dt1.json,71ba2b115e5d387e2ef5e5175301d7b1a5120580908b76b5df952219d03f7cde,1.0,0,full_retrain,0.6891,0.023444444444444445,0.6854,0.022444444444444444,138.94648003578186,completed,checkpoints/cifar10_iid_federaser_dt1/seed0/full_retrain_alpha1.00.pt,4a82f1aa7f391c79622643c11f7554e480d12e825e5c9131ecd24ce2e204be13,cifar10_iid_federaser_dt1/seed0/full_retrain_alpha1.00,0 1 2 3,545098
cifar10_iid_federaser_dt1,cifar10,simplecnn,iid,20,4,0.5,40,2,64,sgd,0.01,configs/final/cifar10_iid_federaser_dt1.json,7ffb0b59777d8bdfcb1ebc564115490456906b9dd2f730f08ad7cd814e55c033,0.0,1,before,0.6859,0.9164444444444444,,,136.48266696929932,completed,checkpoints/cifar10_iid_federaser_dt1/seed1/compromised.pt,7ffb0b59777d8bdfcb1ebc564115490456906b9dd2f730f08ad7cd814e55c033,cifar10_iid_federaser_dt1/seed1/compromised,,545098
cifar10_iid_federaser_dt1,cifar10,simplecnn,iid,20,4,0.5,40,2,64,sgd,0.01,configs/final/cifar10_iid_federaser_dt1.json,7ffb0b59777d8bdfcb1ebc564115490456906b9dd2f730f08ad7cd814e55c033,1.0,1,cf_sameinit,0.6929,0.017777777777777778,0.6929,0.017777777777777778,158.43148589134216,completed,checkpoints_v2/cifar10_iid_federaser_dt1/seed1/cf_sameinit_alpha1.00.pt,9255e99220956c992a2284ddf4bd7c4851f70dd2e7ae66ef5d6bdba5bbb567a4,cifar10_iid_federaser_dt1/seed1/cf_sameinit_alpha1.00,0 1 2 3,545098
cifar10_iid_federaser_dt1,cifar10,simplecnn,iid,20,4,0.5,40,2,64,sgd,0.01,configs/final/cifar10_iid_federaser_dt1.json,7ffb0b59777d8bdfcb1ebc564115490456906b9dd2f730f08ad7cd814e55c033,1.0,1,federaser,0.5542,0.07177777777777777,0.6929,0.017777777777777778,81.07822704315186,completed,checkpoints_v2/cifar10_iid_federaser_dt1/seed1/federaser_alpha1.00.pt,129d4a3d4631358bbb74335e899dfc265c443369f4d2115e77aa6fb3dfc49c74,cifar10_iid_federaser_dt1/seed1/federaser_alpha1.00,0 1 2 3,545098
cifar10_iid_federaser_dt1,cifar10,simplecnn,iid,20,4,0.5,40,2,64,sgd,0.01,configs/final/cifar10_iid_federaser_dt1.json,7ffb0b59777d8bdfcb1ebc564115490456906b9dd2f730f08ad7cd814e55c033,1.0,1,full_retrain,0.6863,0.022111111111111113,0.6929,0.017777777777777778,104.80113291740417,completed,checkpoints/cifar10_iid_federaser_dt1/seed1/full_retrain_alpha1.00.pt,2209ae668661dcda50ddc44ebecaee24c0165846f51e6ef6c4b5c4f323e0e886,cifar10_iid_federaser_dt1/seed1/full_retrain_alpha1.00,0 1 2 3,545098
cifar10_iid_federaser_dt1,cifar10,simplecnn,iid,20,4,0.5,40,2,64,sgd,0.01,configs/final/cifar10_iid_federaser_dt1.json,1cff5ab85e19d20cb6d8fa0b39371035c1fa1aed86dd394d8b1847ba3fbefad9,0.0,2,before,0.6921,0.9155555555555556,,,136.19713020324707,completed,checkpoints/cifar10_iid_federaser_dt1/seed2/compromised.pt,1cff5ab85e19d20cb6d8fa0b39371035c1fa1aed86dd394d8b1847ba3fbefad9,cifar10_iid_federaser_dt1/seed2/compromised,,545098
cifar10_iid_federaser_dt1,cifar10,simplecnn,iid,20,4,0.5,40,2,64,sgd,0.01,configs/final/cifar10_iid_federaser_dt1.json,1cff5ab85e19d20cb6d8fa0b39371035c1fa1aed86dd394d8b1847ba3fbefad9,1.0,2,cf_sameinit,0.6913,0.021444444444444443,0.6913,0.021444444444444443,148.06538581848145,completed,checkpoints_v2/cifar10_iid_federaser_dt1/seed2/cf_sameinit_alpha1.00.pt,de4d2e6a8d03f9a2efcf19dd8aa54fd6dcfe837b0b18e6117be7273d3c7bd380,cifar10_iid_federaser_dt1/seed2/cf_sameinit_alpha1.00,0 1 2 3,545098
cifar10_iid_federaser_dt1,cifar10,simplecnn,iid,20,4,0.5,40,2,64,sgd,0.01,configs/final/cifar10_iid_federaser_dt1.json,1cff5ab85e19d20cb6d8fa0b39371035c1fa1aed86dd394d8b1847ba3fbefad9,1.0,2,federaser,0.5934,0.006222222222222222,0.6913,0.021444444444444443,75.50848484039307,completed,checkpoints_v2/cifar10_iid_federaser_dt1/seed2/federaser_alpha1.00.pt,0479b1892b932d3a94b2a134ddcfc51a3b02a0b30280ebab614e9a214b7a59bf,cifar10_iid_federaser_dt1/seed2/federaser_alpha1.00,0 1 2 3,545098
cifar10_iid_federaser_dt1,cifar10,simplecnn,iid,20,4,0.5,40,2,64,sgd,0.01,configs/final/cifar10_iid_federaser_dt1.json,1cff5ab85e19d20cb6d8fa0b39371035c1fa1aed86dd394d8b1847ba3fbefad9,1.0,2,full_retrain,0.6705,0.02311111111111111,0.6913,0.021444444444444443,106.82687306404114,completed,checkpoints/cifar10_iid_federaser_dt1/seed2/full_retrain_alpha1.00.pt,58fefcda3450ecaa77d1e17165bdbb65577f42ecb83a52cdbbea3f425073d80c,cifar10_iid_federaser_dt1/seed2/full_retrain_alpha1.00,0 1 2 3,545098
cifar10_iid_federaser_dt1,cifar10,simplecnn,iid,20,4,0.5,40,2,64,sgd,0.01,configs/final/cifar10_iid_federaser_dt1.json,edcead742b516b8facd75d849daf6a485d39c71008855b94ca7d962f9cee21f2,0.0,3,before,0.6825,0.9108888888888889,,,135.93073201179504,completed,checkpoints/cifar10_iid_federaser_dt1/seed3/compromised.pt,edcead742b516b8facd75d849daf6a485d39c71008855b94ca7d962f9cee21f2,cifar10_iid_federaser_dt1/seed3/compromised,,545098
cifar10_iid_federaser_dt1,cifar10,simplecnn,iid,20,4,0.5,40,2,64,sgd,0.01,configs/final/cifar10_iid_federaser_dt1.json,edcead742b516b8facd75d849daf6a485d39c71008855b94ca7d962f9cee21f2,1.0,3,cf_sameinit,0.6838,0.021111111111111112,0.6838,0.021111111111111112,150.12844705581665,completed,checkpoints_v2/cifar10_iid_federaser_dt1/seed3/cf_sameinit_alpha1.00.pt,2a0ddb6359571e5cdacb69e492cad653758d5ae0cd5affec53d9d28445e827f3,cifar10_iid_federaser_dt1/seed3/cf_sameinit_alpha1.00,0 1 2 3,545098
cifar10_iid_federaser_dt1,cifar10,simplecnn,iid,20,4,0.5,40,2,64,sgd,0.01,configs/final/cifar10_iid_federaser_dt1.json,edcead742b516b8facd75d849daf6a485d39c71008855b94ca7d962f9cee21f2,1.0,3,federaser,0.5973,0.03244444444444444,0.6838,0.021111111111111112,75.53843379020691,completed,checkpoints_v2/cifar10_iid_federaser_dt1/seed3/federaser_alpha1.00.pt,376d633a1497937954600713ece8f25ec7b0b16e31c62ad368e892f4b8672550,cifar10_iid_federaser_dt1/seed3/federaser_alpha1.00,0 1 2 3,545098
cifar10_iid_federaser_dt1,cifar10,simplecnn,iid,20,4,0.5,40,2,64,sgd,0.01,configs/final/cifar10_iid_federaser_dt1.json,edcead742b516b8facd75d849daf6a485d39c71008855b94ca7d962f9cee21f2,1.0,3,full_retrain,0.6892,0.021111111111111112,0.6838,0.021111111111111112,106.69087505340576,completed,checkpoints/cifar10_iid_federaser_dt1/seed3/full_retrain_alpha1.00.pt,fea6d32d3fda48187b393038f31bb9151212feeedb7772c9ce0da7d4f1c5cb16,cifar10_iid_federaser_dt1/seed3/full_retrain_alpha1.00,0 1 2 3,545098
cifar10_iid_federaser_dt1,cifar10,simplecnn,iid,20,4,0.5,40,2,64,sgd,0.01,configs/final/cifar10_iid_federaser_dt1.json,1baf2e4a28de9cb92fadab4c72d6aba2b2d526a5170c45b21dfaa6330d241a05,0.0,4,before,0.6821,0.9066666666666666,,,138.03895020484924,completed,checkpoints/cifar10_iid_federaser_dt1/seed4/compromised.pt,1baf2e4a28de9cb92fadab4c72d6aba2b2d526a5170c45b21dfaa6330d241a05,cifar10_iid_federaser_dt1/seed4/compromised,,545098
cifar10_iid_federaser_dt1,cifar10,simplecnn,iid,20,4,0.5,40,2,64,sgd,0.01,configs/final/cifar10_iid_federaser_dt1.json,1baf2e4a28de9cb92fadab4c72d6aba2b2d526a5170c45b21dfaa6330d241a05,1.0,4,cf_sameinit,0.6854,0.023555555555555555,0.6854,0.023555555555555555,146.14370608329773,completed,checkpoints_v2/cifar10_iid_federaser_dt1/seed4/cf_sameinit_alpha1.00.pt,7285baa283e9c65803977450436b385d5c34251afec08b5007aefa97f1afac07,cifar10_iid_federaser_dt1/seed4/cf_sameinit_alpha1.00,0 1 2 3,545098
cifar10_iid_federaser_dt1,cifar10,simplecnn,iid,20,4,0.5,40,2,64,sgd,0.01,configs/final/cifar10_iid_federaser_dt1.json,1baf2e4a28de9cb92fadab4c72d6aba2b2d526a5170c45b21dfaa6330d241a05,1.0,4,federaser,0.5769,0.036333333333333336,0.6854,0.023555555555555555,73.43402695655823,completed,checkpoints_v2/cifar10_iid_federaser_dt1/seed4/federaser_alpha1.00.pt,4b5cc91ff2d6192574a057d55b905a554cf10c41f3fcfd27bf5c7cf7419d4946,cifar10_iid_federaser_dt1/seed4/federaser_alpha1.00,0 1 2 3,545098
cifar10_iid_federaser_dt1,cifar10,simplecnn,iid,20,4,0.5,40,2,64,sgd,0.01,configs/final/cifar10_iid_federaser_dt1.json,1baf2e4a28de9cb92fadab4c72d6aba2b2d526a5170c45b21dfaa6330d241a05,1.0,4,full_retrain,0.694,0.025,0.6854,0.023555555555555555,105.46081805229187,completed,checkpoints/cifar10_iid_federaser_dt1/seed4/full_retrain_alpha1.00.pt,73a3ddf073426fb9fb0a12f34301b5b95092af2eb987d7e82d668d3f8ff2814c,cifar10_iid_federaser_dt1/seed4/full_retrain_alpha1.00,0 1 2 3,545098
cifar10_iid_federaser_r1,cifar10,simplecnn,iid,20,4,0.5,40,2,64,sgd,0.01,configs/final/cifar10_iid_federaser_r1.json,71ba2b115e5d387e2ef5e5175301d7b1a5120580908b76b5df952219d03f7cde,0.0,0,before,0.6886,0.9093333333333333,,,171.03206610679626,completed,checkpoints/cifar10_iid_federaser_r1/seed0/compromised.pt,71ba2b115e5d387e2ef5e5175301d7b1a5120580908b76b5df952219d03f7cde,cifar10_iid_federaser_r1/seed0/compromised,,545098
cifar10_iid_federaser_r1,cifar10,simplecnn,iid,20,4,0.5,40,2,64,sgd,0.01,configs/final/cifar10_iid_federaser_r1.json,71ba2b115e5d387e2ef5e5175301d7b1a5120580908b76b5df952219d03f7cde,1.0,0,cf_sameinit,0.6854,0.022444444444444444,0.6854,0.022444444444444444,173.29884576797485,completed,checkpoints_v2/cifar10_iid_federaser_r1/seed0/cf_sameinit_alpha1.00.pt,9bc77617917a868513eb11698b03244c517aa8090e7071951693ddfacd5ceb8f,cifar10_iid_federaser_r1/seed0/cf_sameinit_alpha1.00,0 1 2 3,545098
cifar10_iid_federaser_r1,cifar10,simplecnn,iid,20,4,0.5,40,2,64,sgd,0.01,configs/final/cifar10_iid_federaser_r1.json,71ba2b115e5d387e2ef5e5175301d7b1a5120580908b76b5df952219d03f7cde,1.0,0,federaser,0.6312,0.023666666666666666,0.6854,0.022444444444444444,85.43717122077942,completed,checkpoints_v2/cifar10_iid_federaser_r1/seed0/federaser_alpha1.00.pt,fee722e820db99895f62570ac56ad401f41b1c9f397394cd30deab13a570cc5b,cifar10_iid_federaser_r1/seed0/federaser_alpha1.00,0 1 2 3,545098
cifar10_iid_federaser_r1,cifar10,simplecnn,iid,20,4,0.5,40,2,64,sgd,0.01,configs/final/cifar10_iid_federaser_r1.json,71ba2b115e5d387e2ef5e5175301d7b1a5120580908b76b5df952219d03f7cde,1.0,0,full_retrain,0.6891,0.023444444444444445,0.6854,0.022444444444444444,155.20986223220825,completed,checkpoints/cifar10_iid_federaser_r1/seed0/full_retrain_alpha1.00.pt,4a82f1aa7f391c79622643c11f7554e480d12e825e5c9131ecd24ce2e204be13,cifar10_iid_federaser_r1/seed0/full_retrain_alpha1.00,0 1 2 3,545098
cifar10_iid_federaser_r1,cifar10,simplecnn,iid,20,4,0.5,40,2,64,sgd,0.01,configs/final/cifar10_iid_federaser_r1.json,7ffb0b59777d8bdfcb1ebc564115490456906b9dd2f730f08ad7cd814e55c033,0.0,1,before,0.6859,0.9164444444444444,,,194.29338002204895,completed,checkpoints/cifar10_iid_federaser_r1/seed1/compromised.pt,7ffb0b59777d8bdfcb1ebc564115490456906b9dd2f730f08ad7cd814e55c033,cifar10_iid_federaser_r1/seed1/compromised,,545098
cifar10_iid_federaser_r1,cifar10,simplecnn,iid,20,4,0.5,40,2,64,sgd,0.01,configs/final/cifar10_iid_federaser_r1.json,7ffb0b59777d8bdfcb1ebc564115490456906b9dd2f730f08ad7cd814e55c033,1.0,1,cf_sameinit,0.6929,0.017777777777777778,0.6929,0.017777777777777778,161.81445932388306,completed,checkpoints_v2/cifar10_iid_federaser_r1/seed1/cf_sameinit_alpha1.00.pt,9255e99220956c992a2284ddf4bd7c4851f70dd2e7ae66ef5d6bdba5bbb567a4,cifar10_iid_federaser_r1/seed1/cf_sameinit_alpha1.00,0 1 2 3,545098
cifar10_iid_federaser_r1,cifar10,simplecnn,iid,20,4,0.5,40,2,64,sgd,0.01,configs/final/cifar10_iid_federaser_r1.json,7ffb0b59777d8bdfcb1ebc564115490456906b9dd2f730f08ad7cd814e55c033,1.0,1,federaser,0.6235,0.025333333333333333,0.6929,0.017777777777777778,78.80884504318237,completed,checkpoints_v2/cifar10_iid_federaser_r1/seed1/federaser_alpha1.00.pt,d99d6ac1fbf9e23f4395991b3e510c9fc3c281ca5982b797725ea6d60a022029,cifar10_iid_federaser_r1/seed1/federaser_alpha1.00,0 1 2 3,545098
cifar10_iid_federaser_r1,cifar10,simplecnn,iid,20,4,0.5,40,2,64,sgd,0.01,configs/final/cifar10_iid_federaser_r1.json,7ffb0b59777d8bdfcb1ebc564115490456906b9dd2f730f08ad7cd814e55c033,1.0,1,full_retrain,0.6863,0.022111111111111113,0.6929,0.017777777777777778,151.72814226150513,completed,checkpoints/cifar10_iid_federaser_r1/seed1/full_retrain_alpha1.00.pt,2209ae668661dcda50ddc44ebecaee24c0165846f51e6ef6c4b5c4f323e0e886,cifar10_iid_federaser_r1/seed1/full_retrain_alpha1.00,0 1 2 3,545098
cifar10_iid_federaser_r1,cifar10,simplecnn,iid,20,4,0.5,40,2,64,sgd,0.01,configs/final/cifar10_iid_federaser_r1.json,1cff5ab85e19d20cb6d8fa0b39371035c1fa1aed86dd394d8b1847ba3fbefad9,0.0,2,before,0.6921,0.9155555555555556,,,197.29496884346008,completed,checkpoints/cifar10_iid_federaser_r1/seed2/compromised.pt,1cff5ab85e19d20cb6d8fa0b39371035c1fa1aed86dd394d8b1847ba3fbefad9,cifar10_iid_federaser_r1/seed2/compromised,,545098
cifar10_iid_federaser_r1,cifar10,simplecnn,iid,20,4,0.5,40,2,64,sgd,0.01,configs/final/cifar10_iid_federaser_r1.json,1cff5ab85e19d20cb6d8fa0b39371035c1fa1aed86dd394d8b1847ba3fbefad9,1.0,2,cf_sameinit,0.6913,0.021444444444444443,0.6913,0.021444444444444443,163.89243006706238,completed,checkpoints_v2/cifar10_iid_federaser_r1/seed2/cf_sameinit_alpha1.00.pt,de4d2e6a8d03f9a2efcf19dd8aa54fd6dcfe837b0b18e6117be7273d3c7bd380,cifar10_iid_federaser_r1/seed2/cf_sameinit_alpha1.00,0 1 2 3,545098
cifar10_iid_federaser_r1,cifar10,simplecnn,iid,20,4,0.5,40,2,64,sgd,0.01,configs/final/cifar10_iid_federaser_r1.json,1cff5ab85e19d20cb6d8fa0b39371035c1fa1aed86dd394d8b1847ba3fbefad9,1.0,2,federaser,0.6396,0.03977777777777778,0.6913,0.021444444444444443,77.75332283973694,completed,checkpoints_v2/cifar10_iid_federaser_r1/seed2/federaser_alpha1.00.pt,03304e0ae58ba0b57b8f429a53d403aac3798760e07f5e68fe3fea056c774ba6,cifar10_iid_federaser_r1/seed2/federaser_alpha1.00,0 1 2 3,545098
cifar10_iid_federaser_r1,cifar10,simplecnn,iid,20,4,0.5,40,2,64,sgd,0.01,configs/final/cifar10_iid_federaser_r1.json,1cff5ab85e19d20cb6d8fa0b39371035c1fa1aed86dd394d8b1847ba3fbefad9,1.0,2,full_retrain,0.6705,0.02311111111111111,0.6913,0.021444444444444443,151.38235807418823,completed,checkpoints/cifar10_iid_federaser_r1/seed2/full_retrain_alpha1.00.pt,58fefcda3450ecaa77d1e17165bdbb65577f42ecb83a52cdbbea3f425073d80c,cifar10_iid_federaser_r1/seed2/full_retrain_alpha1.00,0 1 2 3,545098
cifar10_iid_federaser_r1,cifar10,simplecnn,iid,20,4,0.5,40,2,64,sgd,0.01,configs/final/cifar10_iid_federaser_r1.json,edcead742b516b8facd75d849daf6a485d39c71008855b94ca7d962f9cee21f2,0.0,3,before,0.6825,0.9108888888888889,,,188.59444403648376,completed,checkpoints/cifar10_iid_federaser_r1/seed3/compromised.pt,edcead742b516b8facd75d849daf6a485d39c71008855b94ca7d962f9cee21f2,cifar10_iid_federaser_r1/seed3/compromised,,545098
cifar10_iid_federaser_r1,cifar10,simplecnn,iid,20,4,0.5,40,2,64,sgd,0.01,configs/final/cifar10_iid_federaser_r1.json,edcead742b516b8facd75d849daf6a485d39c71008855b94ca7d962f9cee21f2,1.0,3,cf_sameinit,0.6838,0.021111111111111112,0.6838,0.021111111111111112,161.49320793151855,completed,checkpoints_v2/cifar10_iid_federaser_r1/seed3/cf_sameinit_alpha1.00.pt,2a0ddb6359571e5cdacb69e492cad653758d5ae0cd5affec53d9d28445e827f3,cifar10_iid_federaser_r1/seed3/cf_sameinit_alpha1.00,0 1 2 3,545098
cifar10_iid_federaser_r1,cifar10,simplecnn,iid,20,4,0.5,40,2,64,sgd,0.01,configs/final/cifar10_iid_federaser_r1.json,edcead742b516b8facd75d849daf6a485d39c71008855b94ca7d962f9cee21f2,1.0,3,federaser,0.6262,0.02311111111111111,0.6838,0.021111111111111112,79.62121105194092,completed,checkpoints_v2/cifar10_iid_federaser_r1/seed3/federaser_alpha1.00.pt,8c1179b681b9761a5e24f6ee363dcf93642bc3ee2c87efe9159e5cfedec9de6f,cifar10_iid_federaser_r1/seed3/federaser_alpha1.00,0 1 2 3,545098
cifar10_iid_federaser_r1,cifar10,simplecnn,iid,20,4,0.5,40,2,64,sgd,0.01,configs/final/cifar10_iid_federaser_r1.json,edcead742b516b8facd75d849daf6a485d39c71008855b94ca7d962f9cee21f2,1.0,3,full_retrain,0.6892,0.021111111111111112,0.6838,0.021111111111111112,148.00523209571838,completed,checkpoints/cifar10_iid_federaser_r1/seed3/full_retrain_alpha1.00.pt,fea6d32d3fda48187b393038f31bb9151212feeedb7772c9ce0da7d4f1c5cb16,cifar10_iid_federaser_r1/seed3/full_retrain_alpha1.00,0 1 2 3,545098
cifar10_iid_federaser_r1,cifar10,simplecnn,iid,20,4,0.5,40,2,64,sgd,0.01,configs/final/cifar10_iid_federaser_r1.json,1baf2e4a28de9cb92fadab4c72d6aba2b2d526a5170c45b21dfaa6330d241a05,0.0,4,before,0.6821,0.9066666666666666,,,189.14148926734924,completed,checkpoints/cifar10_iid_federaser_r1/seed4/compromised.pt,1baf2e4a28de9cb92fadab4c72d6aba2b2d526a5170c45b21dfaa6330d241a05,cifar10_iid_federaser_r1/seed4/compromised,,545098
cifar10_iid_federaser_r1,cifar10,simplecnn,iid,20,4,0.5,40,2,64,sgd,0.01,configs/final/cifar10_iid_federaser_r1.json,1baf2e4a28de9cb92fadab4c72d6aba2b2d526a5170c45b21dfaa6330d241a05,1.0,4,cf_sameinit,0.6854,0.023555555555555555,0.6854,0.023555555555555555,162.81198716163635,completed,checkpoints_v2/cifar10_iid_federaser_r1/seed4/cf_sameinit_alpha1.00.pt,7285baa283e9c65803977450436b385d5c34251afec08b5007aefa97f1afac07,cifar10_iid_federaser_r1/seed4/cf_sameinit_alpha1.00,0 1 2 3,545098
cifar10_iid_federaser_r1,cifar10,simplecnn,iid,20,4,0.5,40,2,64,sgd,0.01,configs/final/cifar10_iid_federaser_r1.json,1baf2e4a28de9cb92fadab4c72d6aba2b2d526a5170c45b21dfaa6330d241a05,1.0,4,federaser,0.6236,0.022222222222222223,0.6854,0.023555555555555555,79.09185934066772,completed,checkpoints_v2/cifar10_iid_federaser_r1/seed4/federaser_alpha1.00.pt,aa8738365e69bf27401756df819097248b828903ee8fb1a18b24e6defaafc517,cifar10_iid_federaser_r1/seed4/federaser_alpha1.00,0 1 2 3,545098
cifar10_iid_federaser_r1,cifar10,simplecnn,iid,20,4,0.5,40,2,64,sgd,0.01,configs/final/cifar10_iid_federaser_r1.json,1baf2e4a28de9cb92fadab4c72d6aba2b2d526a5170c45b21dfaa6330d241a05,1.0,4,full_retrain,0.694,0.025,0.6854,0.023555555555555555,147.40880298614502,completed,checkpoints/cifar10_iid_federaser_r1/seed4/full_retrain_alpha1.00.pt,73a3ddf073426fb9fb0a12f34301b5b95092af2eb987d7e82d668d3f8ff2814c,cifar10_iid_federaser_r1/seed4/full_retrain_alpha1.00,0 1 2 3,545098
gtsrb_iid,gtsrb,simplecnn,iid,20,4,0.5,40,2,64,sgd,0.01,configs/final/gtsrb_iid.json,f653ed1444f0b5525cccbcb32f97a61b0f97e64a08645da48152ed6443d97ff8,0.0,0,before,0.8319873317498021,0.8408114558472554,,,73.91638827323914,completed,checkpoints/gtsrb_iid/seed0/compromised.pt,f653ed1444f0b5525cccbcb32f97a61b0f97e64a08645da48152ed6443d97ff8,gtsrb_iid/seed0/compromised,,549355
gtsrb_iid,gtsrb,simplecnn,iid,20,4,0.5,40,2,64,sgd,0.01,configs/final/gtsrb_iid.json,f653ed1444f0b5525cccbcb32f97a61b0f97e64a08645da48152ed6443d97ff8,0.25,0,cf_sameinit,0.8287410926365796,0.8260938743038981,0.8287410926365796,0.8260938743038981,92.07777309417725,completed,checkpoints_v2/gtsrb_iid/seed0/cf_sameinit_alpha0.25.pt,92b87efb838e213f05fc7ad70460def7671061bfdf0bda4469ab6ed55cb86802,gtsrb_iid/seed0/cf_sameinit_alpha0.25,0,549355
gtsrb_iid,gtsrb,simplecnn,iid,20,4,0.5,40,2,64,sgd,0.01,configs/final/gtsrb_iid.json,f653ed1444f0b5525cccbcb32f97a61b0f97e64a08645da48152ed6443d97ff8,0.25,0,federaser,0.6194774346793349,0.7746221161495624,0.8287410926365796,0.8260938743038981,26.023366928100586,completed,checkpoints_v2/gtsrb_iid/seed0/federaser_alpha0.25.pt,33706352a57f031f7a674a7a57f60131a079fe1b7fc60adcb0808ee470868868,gtsrb_iid/seed0/federaser_alpha0.25,0,549355
gtsrb_iid,gtsrb,simplecnn,iid,20,4,0.5,40,2,64,sgd,0.01,configs/final/gtsrb_iid.json,f653ed1444f0b5525cccbcb32f97a61b0f97e64a08645da48152ed6443d97ff8,0.25,0,full_retrain,0.8229612034837688,0.7796340493237868,0.8287410926365796,0.8260938743038981,67.80535674095154,completed,checkpoints/gtsrb_iid/seed0/full_retrain_alpha0.25.pt,dc77c4ebfb337aafb19250bdbffaee1b2b4573e66ae0284318123069acca51ee,gtsrb_iid/seed0/full_retrain_alpha0.25,0,549355
gtsrb_iid,gtsrb,simplecnn,iid,20,4,0.5,40,2,64,sgd,0.01,configs/final/gtsrb_iid.json,f653ed1444f0b5525cccbcb32f97a61b0f97e64a08645da48152ed6443d97ff8,0.25,0,grad_negation,0.8385589865399842,0.811217183770883,0.8287410926365796,0.8260938743038981,9.19421124458313,completed,checkpoints/gtsrb_iid/seed0/grad_negation_alpha0.25.pt,015c73a7acf27543c0e6aa546cbe2a152f8190fd17870e46abdff922b1b32e76,gtsrb_iid/seed0/grad_negation_alpha0.25,0,549355
gtsrb_iid,gtsrb,simplecnn,iid,20,4,0.5,40,2,64,sgd,0.01,configs/final/gtsrb_iid.json,f653ed1444f0b5525cccbcb32f97a61b0f97e64a08645da48152ed6443d97ff8,0.25,0,short_retrain,0.8371338083927158,0.8562450278440732,0.8287410926365796,0.8260938743038981,8.204348802566528,completed,checkpoints/gtsrb_iid/seed0/short_retrain_alpha0.25.pt,ff05d8f6e0a10e86cd982a592530d578fa46af7d60d052e218c6777e0bd4586d,gtsrb_iid/seed0/short_retrain_alpha0.25,0,549355
gtsrb_iid,gtsrb,simplecnn,iid,20,4,0.5,40,2,64,sgd,0.01,configs/final/gtsrb_iid.json,f653ed1444f0b5525cccbcb32f97a61b0f97e64a08645da48152ed6443d97ff8,0.5,0,cf_sameinit,0.8314330958036421,0.7492442322991248,0.8314330958036421,0.7492442322991248,88.78111100196838,completed,checkpoints_v2/gtsrb_iid/seed0/cf_sameinit_alpha0.50.pt,65801bb48d20fbd071a23d8b4aa62121d9c2abeae81d6a34128d5ba27a956aae,gtsrb_iid/seed0/cf_sameinit_alpha0.50,0 1,549355
gtsrb_iid,gtsrb,simplecnn,iid,20,4,0.5,40,2,64,sgd,0.01,configs/final/gtsrb_iid.json,f653ed1444f0b5525cccbcb32f97a61b0f97e64a08645da48152ed6443d97ff8,0.5,0,federaser,0.5673000791765638,0.6826571201272872,0.8314330958036421,0.7492442322991248,23.778695821762085,completed,checkpoints_v2/gtsrb_iid/seed0/federaser_alpha0.50.pt,409315ae9f622a43e6c8d9bd9f1447692708293a6d94074559eb06b559a276a7,gtsrb_iid/seed0/federaser_alpha0.50,0 1,549355
gtsrb_iid,gtsrb,simplecnn,iid,20,4,0.5,40,2,64,sgd,0.01,configs/final/gtsrb_iid.json,f653ed1444f0b5525cccbcb32f97a61b0f97e64a08645da48152ed6443d97ff8,0.5,0,full_retrain,0.8231987331749802,0.7183770883054893,0.8314330958036421,0.7492442322991248,66.1825041770935,completed,checkpoints/gtsrb_iid/seed0/full_retrain_alpha0.50.pt,5fa6a9894c3cab96d6a7ade6dd1934a2479d1f64428b4954cc1a35048a6a7c7a,gtsrb_iid/seed0/full_retrain_alpha0.50,0 1,549355
gtsrb_iid,gtsrb,simplecnn,iid,20,4,0.5,40,2,64,sgd,0.01,configs/final/gtsrb_iid.json,f653ed1444f0b5525cccbcb32f97a61b0f97e64a08645da48152ed6443d97ff8,0.5,0,grad_negation,0.8391132224861441,0.7795544948289579,0.8314330958036421,0.7492442322991248,8.850205898284912,completed,checkpoints/gtsrb_iid/seed0/grad_negation_alpha0.50.pt,f83c50dd52ce8f747babbd4ba2ba92f6350d1b3d182699941c0cb2fa6738e2ac,gtsrb_iid/seed0/grad_negation_alpha0.50,0 1,549355
gtsrb_iid,gtsrb,simplecnn,iid,20,4,0.5,40,2,64,sgd,0.01,configs/final/gtsrb_iid.json,f653ed1444f0b5525cccbcb32f97a61b0f97e64a08645da48152ed6443d97ff8,0.5,0,short_retrain,0.8382422802850357,0.8344470962609387,0.8314330958036421,0.7492442322991248,8.45007586479187,completed,checkpoints/gtsrb_iid/seed0/short_retrain_alpha0.50.pt,25c17dad9abc32bb9a92de87b1eed2a6d01c204043a6bf31a6021a5015313277,gtsrb_iid/seed0/short_retrain_alpha0.50,0 1,549355
gtsrb_iid,gtsrb,simplecnn,iid,20,4,0.5,40,2,64,sgd,0.01,configs/final/gtsrb_iid.json,f653ed1444f0b5525cccbcb32f97a61b0f97e64a08645da48152ed6443d97ff8,0.75,0,cf_sameinit,0.8269992082343627,0.6314240254574384,0.8269992082343627,0.6314240254574384,87.19007205963135,completed,checkpoints_v2/gtsrb_iid/seed0/cf_sameinit_alpha0.75.pt,cf8fca9d45b63c40b86aff89d082582d80a0b1f67cb905bce87f14926fe60ee1,gtsrb_iid/seed0/cf_sameinit_alpha0.75,0 1 2,549355
gtsrb_iid,gtsrb,simplecnn,iid,20,4,0.5,40,2,64,sgd,0.01,configs/final/gtsrb_iid.json,f653ed1444f0b5525cccbcb32f97a61b0f97e64a08645da48152ed6443d97ff8,0.75,0,federaser,0.5980205859065717,0.3822593476531424,0.8269992082343627,0.6314240254574384,24.75881004333496,completed,checkpoints_v2/gtsrb_iid/seed0/federaser_alpha0.75.pt,00dad053441dfc42160298e1433e50ef5d6fa4a2abd47ec6e31cf472d315a73b,gtsrb_iid/seed0/federaser_alpha0.75,0 1 2,549355
gtsrb_iid,gtsrb,simplecnn,iid,20,4,0.5,40,2,64,sgd,0.01,configs/final/gtsrb_iid.json,f653ed1444f0b5525cccbcb32f97a61b0f97e64a08645da48152ed6443d97ff8,0.75,0,full_retrain,0.815360253365004,0.5655529037390613,0.8269992082343627,0.6314240254574384,64.9501371383667,completed,checkpoints/gtsrb_iid/seed0/full_retrain_alpha0.75.pt,27f0825076ea2381946445b73834409b6fd20ef6583267639ccaa56a0f5569ad,gtsrb_iid/seed0/full_retrain_alpha0.75,0 1 2,549355
gtsrb_iid,gtsrb,simplecnn,iid,20,4,0.5,40,2,64,sgd,0.01,configs/final/gtsrb_iid.json,f653ed1444f0b5525cccbcb32f97a61b0f97e64a08645da48152ed6443d97ff8,0.75,0,grad_negation,0.8411718131433096,0.7400159108989658,0.8269992082343627,0.6314240254574384,9.133111000061035,completed,checkpoints/gtsrb_iid/seed0/grad_negation_alpha0.75.pt,aad3759604510ddc85116a66ebb3af10d3b496d4e8150a5042641c57f35b3cfd,gtsrb_iid/seed0/grad_negation_alpha0.75,0 1 2,549355
gtsrb_iid,gtsrb,simplecnn,iid,20,4,0.5,40,2,64,sgd,0.01,configs/final/gtsrb_iid.json,f653ed1444f0b5525cccbcb32f97a61b0f97e64a08645da48152ed6443d97ff8,0.75,0,short_retrain,0.8383214568487728,0.8029435163086714,0.8269992082343627,0.6314240254574384,7.57044792175293,completed,checkpoints/gtsrb_iid/seed0/short_retrain_alpha0.75.pt,37ad8b580218896528da9ed2f8314296e881b3c7c8c0439a66198efb7b6cef66,gtsrb_iid/seed0/short_retrain_alpha0.75,0 1 2,549355
gtsrb_iid,gtsrb,simplecnn,iid,20,4,0.5,40,2,64,sgd,0.01,configs/final/gtsrb_iid.json,f653ed1444f0b5525cccbcb32f97a61b0f97e64a08645da48152ed6443d97ff8,1.0,0,cf_sameinit,0.8269200316706254,0.002466189339697693,0.8269200316706254,0.002466189339697693,82.36906290054321,completed,checkpoints_v2/gtsrb_iid/seed0/cf_sameinit_alpha1.00.pt,1789628e64a0dcfef1e159d80eb6027c47dc56b5d703a27ab4927f587af74631,gtsrb_iid/seed0/cf_sameinit_alpha1.00,0 1 2 3,549355
gtsrb_iid,gtsrb,simplecnn,iid,20,4,0.5,40,2,64,sgd,0.01,configs/final/gtsrb_iid.json,f653ed1444f0b5525cccbcb32f97a61b0f97e64a08645da48152ed6443d97ff8,1.0,0,federaser,0.5456848772763262,0.0009546539379474941,0.8269200316706254,0.002466189339697693,21.864779949188232,completed,checkpoints_v2/gtsrb_iid/seed0/federaser_alpha1.00.pt,432580fe1eb5e6d575e2876c64ac6e467708090a7a91345d94ae49e60e9d4d64,gtsrb_iid/seed0/federaser_alpha1.00,0 1 2 3,549355
gtsrb_iid,gtsrb,simplecnn,iid,20,4,0.5,40,2,64,sgd,0.01,configs/final/gtsrb_iid.json,f653ed1444f0b5525cccbcb32f97a61b0f97e64a08645da48152ed6443d97ff8,1.0,0,full_retrain,0.8155977830562153,0.0022275258552108194,0.8269200316706254,0.002466189339697693,57.08779215812683,completed,checkpoints/gtsrb_iid/seed0/full_retrain_alpha1.00.pt,f2c0b258f14ea0ffaf2b0bb5b4df9f55215f79f19ba350ab1381b34e5a369fbd,gtsrb_iid/seed0/full_retrain_alpha1.00,0 1 2 3,549355
gtsrb_iid,gtsrb,simplecnn,iid,20,4,0.5,40,2,64,sgd,0.01,configs/final/gtsrb_iid.json,f653ed1444f0b5525cccbcb32f97a61b0f97e64a08645da48152ed6443d97ff8,1.0,0,grad_negation,0.843784639746635,0.33389021479713604,0.8269200316706254,0.002466189339697693,9.191867113113403,completed,checkpoints/gtsrb_iid/seed0/grad_negation_alpha1.00.pt,9947da837c57a2d5c00426fb4adfea832a47f94fda5d772af621cd2e091f0fb4,gtsrb_iid/seed0/grad_negation_alpha1.00,0 1 2 3,549355
gtsrb_iid,gtsrb,simplecnn,iid,20,4,0.5,40,2,64,sgd,0.01,configs/final/gtsrb_iid.json,f653ed1444f0b5525cccbcb32f97a61b0f97e64a08645da48152ed6443d97ff8,1.0,0,short_retrain,0.8409342834520982,0.7363564041368338,0.8269200316706254,0.002466189339697693,7.645771026611328,completed,checkpoints/gtsrb_iid/seed0/short_retrain_alpha1.00.pt,c94f05cea5c952bbc41c90c6ffc6aa65ebcf943b8f618dcda819705004984e8f,gtsrb_iid/seed0/short_retrain_alpha1.00,0 1 2 3,549355
gtsrb_iid,gtsrb,simplecnn,iid,20,4,0.5,40,2,64,sgd,0.01,configs/final/gtsrb_iid.json,c7d75f9eb05701de6a30bdaa74f4282d4671be568e673be42d4e440d922a2b43,0.0,1,before,0.8353919239904988,0.82824184566428,,,71.96959090232849,completed,checkpoints/gtsrb_iid/seed1/compromised.pt,c7d75f9eb05701de6a30bdaa74f4282d4671be568e673be42d4e440d922a2b43,gtsrb_iid/seed1/compromised,,549355
gtsrb_iid,gtsrb,simplecnn,iid,20,4,0.5,40,2,64,sgd,0.01,configs/final/gtsrb_iid.json,c7d75f9eb05701de6a30bdaa74f4282d4671be568e673be42d4e440d922a2b43,0.25,1,cf_sameinit,0.8305621536025336,0.7926014319809069,0.8305621536025336,0.7926014319809069,103.5675299167633,completed,checkpoints_v2/gtsrb_iid/seed1/cf_sameinit_alpha0.25.pt,495f0a7760a06ea3f1feb848781df2d4e17676817968ac01c2151a9aa378a019,gtsrb_iid/seed1/cf_sameinit_alpha0.25,0,549355
gtsrb_iid,gtsrb,simplecnn,iid,20,4,0.5,40,2,64,sgd,0.01,configs/final/gtsrb_iid.json,c7d75f9eb05701de6a30bdaa74f4282d4671be568e673be42d4e440d922a2b43,0.25,1,federaser,0.5612826603325416,0.7857597454256166,0.8305621536025336,0.7926014319809069,28.290202856063843,completed,checkpoints_v2/gtsrb_iid/seed1/federaser_alpha0.25.pt,ca9adadfdf13ff944529165ed6f488a4f57b0b25ae29072f634b3f27d2440eed,gtsrb_iid/seed1/federaser_alpha0.25,0,549355
gtsrb_iid,gtsrb,simplecnn,iid,20,4,0.5,40,2,64,sgd,0.01,configs/final/gtsrb_iid.json,c7d75f9eb05701de6a30bdaa74f4282d4671be568e673be42d4e440d922a2b43,0.25,1,full_retrain,0.82486144101346,0.7857597454256166,0.8305621536025336,0.7926014319809069,66.26712489128113,completed,checkpoints/gtsrb_iid/seed1/full_retrain_alpha0.25.pt,97363f04edcdf8d0073fef64bb2edcc20639d16f9e0522a1bf97edf77760b442,gtsrb_iid/seed1/full_retrain_alpha0.25,0,549355
gtsrb_iid,gtsrb,simplecnn,iid,20,4,0.5,40,2,64,sgd,0.01,configs/final/gtsrb_iid.json,c7d75f9eb05701de6a30bdaa74f4282d4671be568e673be42d4e440d922a2b43,0.25,1,grad_negation,0.8375296912114014,0.7918058870326173,0.8305621536025336,0.7926014319809069,8.872205972671509,completed,checkpoints/gtsrb_iid/seed1/grad_negation_alpha0.25.pt,ab5bbbeb96ea4c133c64ac1f443a703afcc96a5d09c99404e7b7ea2a37e8973c,gtsrb_iid/seed1/grad_negation_alpha0.25,0,549355
gtsrb_iid,gtsrb,simplecnn,iid,20,4,0.5,40,2,64,sgd,0.01,configs/final/gtsrb_iid.json,c7d75f9eb05701de6a30bdaa74f4282d4671be568e673be42d4e440d922a2b43,0.25,1,short_retrain,0.8410134600158353,0.8280827366746221,0.8305621536025336,0.7926014319809069,8.155890226364136,completed,checkpoints/gtsrb_iid/seed1/short_retrain_alpha0.25.pt,a09bbf33d7429b31880787ca9f175fa98b4e504c17e624b50128d4c80f7aed96,gtsrb_iid/seed1/short_retrain_alpha0.25,0,549355
gtsrb_iid,gtsrb,simplecnn,iid,20,4,0.5,40,2,64,sgd,0.01,configs/final/gtsrb_iid.json,c7d75f9eb05701de6a30bdaa74f4282d4671be568e673be42d4e440d922a2b43,0.5,1,cf_sameinit,0.8298495645288995,0.7277645186953063,0.8298495645288995,0.7277645186953063,98.29283404350281,completed,checkpoints_v2/gtsrb_iid/seed1/cf_sameinit_alpha0.50.pt,4787c78c0fefc0c0a4f6540fe3e4fb0df14cbc08cace418dbe489d0f060b14ec,gtsrb_iid/seed1/cf_sameinit_alpha0.50,0 1,549355
gtsrb_iid,gtsrb,simplecnn,iid,20,4,0.5,40,2,64,sgd,0.01,configs/final/gtsrb_iid.json,c7d75f9eb05701de6a30bdaa74f4282d4671be568e673be42d4e440d922a2b43,0.5,1,federaser,0.6174980205859065,0.681145584725537,0.8298495645288995,0.7277645186953063,25.939030170440674,completed,checkpoints_v2/gtsrb_iid/seed1/federaser_alpha0.50.pt,dcdd127a43de4ccfdb5bcd090b1f6c2ad806230595dcc1eb1112484eb2d4d4a6,gtsrb_iid/seed1/federaser_alpha0.50,0 1,549355
gtsrb_iid,gtsrb,simplecnn,iid,20,4,0.5,40,2,64,sgd,0.01,configs/final/gtsrb_iid.json,c7d75f9eb05701de6a30bdaa74f4282d4671be568e673be42d4e440d922a2b43,0.5,1,full_retrain,0.8209817893903405,0.7181384248210024,0.8298495645288995,0.7277645186953063,62.837255001068115,completed,checkpoints/gtsrb_iid/seed1/full_retrain_alpha0.50.pt,dd5529f506f6f74ae4e8db2b64769a27e0a51e07466f336ffcdd75afd97c9641,gtsrb_iid/seed1/full_retrain_alpha0.50,0 1,549355
gtsrb_iid,gtsrb,simplecnn,iid,20,4,0.5,40,2,64,sgd,0.01,configs/final/gtsrb_iid.json,c7d75f9eb05701de6a30bdaa74f4282d4671be568e673be42d4e440d922a2b43,0.5,1,grad_negation,0.8384006334125099,0.7571996817820207,0.8298495645288995,0.7277645186953063,8.899233102798462,completed,checkpoints/gtsrb_iid/seed1/grad_negation_alpha0.50.pt,beaf74258bdb0aacb3692e65ead391b761990e404b53227687533ebaf4ef220c,gtsrb_iid/seed1/grad_negation_alpha0.50,0 1,549355
gtsrb_iid,gtsrb,simplecnn,iid,20,4,0.5,40,2,64,sgd,0.01,configs/final/gtsrb_iid.json,c7d75f9eb05701de6a30bdaa74f4282d4671be568e673be42d4e440d922a2b43,0.5,1,short_retrain,0.841963578780681,0.8128878281622912,0.8298495645288995,0.7277645186953063,8.844863891601562,completed,checkpoints/gtsrb_iid/seed1/short_retrain_alpha0.50.pt,488c178316310d534555768e6d83328cdd54218d4b0f45793771fdeaf94e4414,gtsrb_iid/seed1/short_retrain_alpha0.50,0 1,549355
gtsrb_iid,gtsrb,simplecnn,iid,20,4,0.5,40,2,64,sgd,0.01,configs/final/gtsrb_iid.json,c7d75f9eb05701de6a30bdaa74f4282d4671be568e673be42d4e440d922a2b43,0.75,1,cf_sameinit,0.8303246239113222,0.6085918854415274,0.8303246239113222,0.6085918854415274,93.00514602661133,completed,checkpoints_v2/gtsrb_iid/seed1/cf_sameinit_alpha0.75.pt,cd62d9628132fccec728c17c7ddaee3d25143b154c39d1af016b5b5a0982f0dd,gtsrb_iid/seed1/cf_sameinit_alpha0.75,0 1 2,549355
gtsrb_iid,gtsrb,simplecnn,iid,20,4,0.5,40,2,64,sgd,0.01,configs/final/gtsrb_iid.json,c7d75f9eb05701de6a30bdaa74f4282d4671be568e673be42d4e440d922a2b43,0.75,1,federaser,0.581076801266825,0.39578361177406524,0.8303246239113222,0.6085918854415274,23.95702075958252,completed,checkpoints_v2/gtsrb_iid/seed1/federaser_alpha0.75.pt,4fd350a04a411a7bb8bbc2f4a704eb115bfc25264b7eba30803abc09c9448cf2,gtsrb_iid/seed1/federaser_alpha0.75,0 1 2,549355
gtsrb_iid,gtsrb,simplecnn,iid,20,4,0.5,40,2,64,sgd,0.01,configs/final/gtsrb_iid.json,c7d75f9eb05701de6a30bdaa74f4282d4671be568e673be42d4e440d922a2b43,0.75,1,full_retrain,0.8198733174980206,0.5972155926809865,0.8303246239113222,0.6085918854415274,58.780476331710815,completed,checkpoints/gtsrb_iid/seed1/full_retrain_alpha0.75.pt,91badd2dd643ffee1ec2e351ec109610a1134910503072fe61e370929d87d797,gtsrb_iid/seed1/full_retrain_alpha0.75,0 1 2,549355
gtsrb_iid,gtsrb,simplecnn,iid,20,4,0.5,40,2,64,sgd,0.01,configs/final/gtsrb_iid.json,c7d75f9eb05701de6a30bdaa74f4282d4671be568e673be42d4e440d922a2b43,0.75,1,grad_negation,0.841963578780681,0.722593476531424,0.8303246239113222,0.6085918854415274,8.452897787094116,completed,checkpoints/gtsrb_iid/seed1/grad_negation_alpha0.75.pt,7036fffc7760cd1c6d692cd3b136d6cacc92d69ed0e31c36c64b25e2e56fe8d2,gtsrb_iid/seed1/grad_negation_alpha0.75,0 1 2,549355
gtsrb_iid,gtsrb,simplecnn,iid,20,4,0.5,40,2,64,sgd,0.01,configs/final/gtsrb_iid.json,c7d75f9eb05701de6a30bdaa74f4282d4671be568e673be42d4e440d922a2b43,0.75,1,short_retrain,0.8412509897070467,0.7514717581543358,0.8303246239113222,0.6085918854415274,7.843997001647949,completed,checkpoints/gtsrb_iid/seed1/short_retrain_alpha0.75.pt,693cd610c49d5b4d260de91e9554b46cb8f1e95d044dd11838f837f0041a177c,gtsrb_iid/seed1/short_retrain_alpha0.75,0 1 2,549355
gtsrb_iid,gtsrb,simplecnn,iid,20,4,0.5,40,2,64,sgd,0.01,configs/final/gtsrb_iid.json,c7d75f9eb05701de6a30bdaa74f4282d4671be568e673be42d4e440d922a2b43,1.0,1,cf_sameinit,0.8251781472684085,0.0018297533810660302,0.8251781472684085,0.0018297533810660302,86.32217073440552,completed,checkpoints_v2/gtsrb_iid/seed1/cf_sameinit_alpha1.00.pt,3d82906309f982dd6c79783babf29f8e007510af45b7e1c1071d5728899290e9,gtsrb_iid/seed1/cf_sameinit_alpha1.00,0 1 2 3,549355
gtsrb_iid,gtsrb,simplecnn,iid,20,4,0.5,40,2,64,sgd,0.01,configs/final/gtsrb_iid.json,c7d75f9eb05701de6a30bdaa74f4282d4671be568e673be42d4e440d922a2b43,1.0,1,federaser,0.5702296120348377,0.0003977724741447892,0.8251781472684085,0.0018297533810660302,22.609813928604126,completed,checkpoints_v2/gtsrb_iid/seed1/federaser_alpha1.00.pt,fc329152f6b4325eacc55e56c46c3eb2bfbd392fc380aa969ddb8cbb330447d9,gtsrb_iid/seed1/federaser_alpha1.00,0 1 2 3,549355
gtsrb_iid,gtsrb,simplecnn,iid,20,4,0.5,40,2,64,sgd,0.01,configs/final/gtsrb_iid.json,c7d75f9eb05701de6a30bdaa74f4282d4671be568e673be42d4e440d922a2b43,1.0,1,full_retrain,0.8220110847189231,0.002386634844868735,0.8251781472684085,0.0018297533810660302,54.98896098136902,completed,checkpoints/gtsrb_iid/seed1/full_retrain_alpha1.00.pt,3c6041ad2f5d61f69b16f22298be0a0f15570e0596006802a0343eb89c743a9e,gtsrb_iid/seed1/full_retrain_alpha1.00,0 1 2 3,549355
gtsrb_iid,gtsrb,simplecnn,iid,20,4,0.5,40,2,64,sgd,0.01,configs/final/gtsrb_iid.json,c7d75f9eb05701de6a30bdaa74f4282d4671be568e673be42d4e440d922a2b43,1.0,1,grad_negation,0.8442596991290579,0.14192521877486078,0.8251781472684085,0.0018297533810660302,8.439236879348755,completed,checkpoints/gtsrb_iid/seed1/grad_negation_alpha1.00.pt,cb54cfa89b48355ba602e444b0607ea04a9e2496bbea9a34c70693bfa1a024e1,gtsrb_iid/seed1/grad_negation_alpha1.00,0 1 2 3,549355
gtsrb_iid,gtsrb,simplecnn,iid,20,4,0.5,40,2,64,sgd,0.01,configs/final/gtsrb_iid.json,c7d75f9eb05701de6a30bdaa74f4282d4671be568e673be42d4e440d922a2b43,1.0,1,short_retrain,0.8479809976247031,0.6821797931583135,0.8251781472684085,0.0018297533810660302,7.3368542194366455,completed,checkpoints/gtsrb_iid/seed1/short_retrain_alpha1.00.pt,83c9488875c2fc4c15c0a5143880a80fde16ba1948689076fdf7076485ff18cc,gtsrb_iid/seed1/short_retrain_alpha1.00,0 1 2 3,549355
gtsrb_iid,gtsrb,simplecnn,iid,20,4,0.5,40,2,64,sgd,0.01,configs/final/gtsrb_iid.json,87b45a2098ea4a3404e316cb7770c6608916a773f1021ad6acd45d4ded7d8e92,0.0,2,before,0.8193982581155977,0.8645186953062848,,,71.80446887016296,completed,checkpoints/gtsrb_iid/seed2/compromised.pt,87b45a2098ea4a3404e316cb7770c6608916a773f1021ad6acd45d4ded7d8e92,gtsrb_iid/seed2/compromised,,549355
gtsrb_iid,gtsrb,simplecnn,iid,20,4,0.5,40,2,64,sgd,0.01,configs/final/gtsrb_iid.json,87b45a2098ea4a3404e316cb7770c6608916a773f1021ad6acd45d4ded7d8e92,0.25,2,cf_sameinit,0.8163895486935867,0.8241050119331742,0.8163895486935867,0.8241050119331742,116.31948494911194,completed,checkpoints_v2/gtsrb_iid/seed2/cf_sameinit_alpha0.25.pt,339a2c6e18e1ddae18463fce3c5285b40b7d4bee2c6c8ed48fc32fb0ad986612,gtsrb_iid/seed2/cf_sameinit_alpha0.25,0,549355
gtsrb_iid,gtsrb,simplecnn,iid,20,4,0.5,40,2,64,sgd,0.01,configs/final/gtsrb_iid.json,87b45a2098ea4a3404e316cb7770c6608916a773f1021ad6acd45d4ded7d8e92,0.25,2,federaser,0.5329374505146477,0.798090692124105,0.8163895486935867,0.8241050119331742,28.361235857009888,completed,checkpoints_v2/gtsrb_iid/seed2/federaser_alpha0.25.pt,374cd59b6d0a6ad3af77e77d799ec0f5b749d2e0fa7660889aa4961e6bc5a45d,gtsrb_iid/seed2/federaser_alpha0.25,0,549355
gtsrb_iid,gtsrb,simplecnn,iid,20,4,0.5,40,2,64,sgd,0.01,configs/final/gtsrb_iid.json,87b45a2098ea4a3404e316cb7770c6608916a773f1021ad6acd45d4ded7d8e92,0.25,2,full_retrain,0.8235154394299288,0.7954653937947495,0.8163895486935867,0.8241050119331742,69.06429505348206,completed,checkpoints/gtsrb_iid/seed2/full_retrain_alpha0.25.pt,38c1b81dca66fa9e8a6db173d3e8050bdb0fa5b7ec51f90c74e1720927807db4,gtsrb_iid/seed2/full_retrain_alpha0.25,0,549355
gtsrb_iid,gtsrb,simplecnn,iid,20,4,0.5,40,2,64,sgd,0.01,configs/final/gtsrb_iid.json,87b45a2098ea4a3404e316cb7770c6608916a773f1021ad6acd45d4ded7d8e92,0.25,2,grad_negation,0.8257323832145684,0.8260938743038981,0.8163895486935867,0.8241050119331742,9.449168920516968,completed,checkpoints/gtsrb_iid/seed2/grad_negation_alpha0.25.pt,18c6cb1495c834a00fe31303be5458e39a7bd63ccb419ef688c578da2c1e6f8f,gtsrb_iid/seed2/grad_negation_alpha0.25,0,549355
gtsrb_iid,gtsrb,simplecnn,iid,20,4,0.5,40,2,64,sgd,0.01,configs/final/gtsrb_iid.json,87b45a2098ea4a3404e316cb7770c6608916a773f1021ad6acd45d4ded7d8e92,0.25,2,short_retrain,0.8292161520190023,0.8428003182179793,0.8163895486935867,0.8241050119331742,8.068333148956299,completed,checkpoints/gtsrb_iid/seed2/short_retrain_alpha0.25.pt,9ff804f46f272a50d81cc0d971c5a928464a684607a5058f6a22e6cdafe6b041,gtsrb_iid/seed2/short_retrain_alpha0.25,0,549355
gtsrb_iid,gtsrb,simplecnn,iid,20,4,0.5,40,2,64,sgd,0.01,configs/final/gtsrb_iid.json,87b45a2098ea4a3404e316cb7770c6608916a773f1021ad6acd45d4ded7d8e92,0.5,2,cf_sameinit,0.8166270783847981,0.7539379474940334,0.8166270783847981,0.7539379474940334,112.84793901443481,completed,checkpoints_v2/gtsrb_iid/seed2/cf_sameinit_alpha0.50.pt,21240a2d376a732d1f553b176766f9c8ec10c23cf969c749fb63da2d3fd8c1f4,gtsrb_iid/seed2/cf_sameinit_alpha0.50,0 1,549355
gtsrb_iid,gtsrb,simplecnn,iid,20,4,0.5,40,2,64,sgd,0.01,configs/final/gtsrb_iid.json,87b45a2098ea4a3404e316cb7770c6608916a773f1021ad6acd45d4ded7d8e92,0.5,2,federaser,0.49825811559778305,0.6758154335719968,0.8166270783847981,0.7539379474940334,29.686545848846436,completed,checkpoints_v2/gtsrb_iid/seed2/federaser_alpha0.50.pt,43116e6e5afd7d56d2e43057fdf4bcd659bad5285c356c9ff503e525c9ee4591,gtsrb_iid/seed2/federaser_alpha0.50,0 1,549355
gtsrb_iid,gtsrb,simplecnn,iid,20,4,0.5,40,2,64,sgd,0.01,configs/final/gtsrb_iid.json,87b45a2098ea4a3404e316cb7770c6608916a773f1021ad6acd45d4ded7d8e92,0.5,2,full_retrain,0.8209817893903405,0.7295147175815434,0.8166270783847981,0.7539379474940334,65.83584713935852,completed,checkpoints/gtsrb_iid/seed2/full_retrain_alpha0.50.pt,80887c1c7ba5edf393910a47bf187bd29407a10b5eaa96f1d7f9a0451ae3bd0f,gtsrb_iid/seed2/full_retrain_alpha0.50,0 1,549355
gtsrb_iid,gtsrb,simplecnn,iid,20,4,0.5,40,2,64,sgd,0.01,configs/final/gtsrb_iid.json,87b45a2098ea4a3404e316cb7770c6608916a773f1021ad6acd45d4ded7d8e92,0.5,2,grad_negation,0.8358669833729216,0.7962609387430389,0.8166270783847981,0.7539379474940334,8.819636106491089,completed,checkpoints/gtsrb_iid/seed2/grad_negation_alpha0.50.pt,8f0adf25c1c866d30d7b6992f160ab0147f634e5ad768ea5078b301f41a9db9e,gtsrb_iid/seed2/grad_negation_alpha0.50,0 1,549355
gtsrb_iid,gtsrb,simplecnn,iid,20,4,0.5,40,2,64,sgd,0.01,configs/final/gtsrb_iid.json,87b45a2098ea4a3404e316cb7770c6608916a773f1021ad6acd45d4ded7d8e92,0.5,2,short_retrain,0.8308788598574822,0.8262529832935561,0.8166270783847981,0.7539379474940334,8.799475908279419,completed,checkpoints/gtsrb_iid/seed2/short_retrain_alpha0.50.pt,ab5c133be4c1e73bffb0f893643a7d57ae349e76ee19332c02f10de7afcf54ca,gtsrb_iid/seed2/short_retrain_alpha0.50,0 1,549355
gtsrb_iid,gtsrb,simplecnn,iid,20,4,0.5,40,2,64,sgd,0.01,configs/final/gtsrb_iid.json,87b45a2098ea4a3404e316cb7770c6608916a773f1021ad6acd45d4ded7d8e92,0.75,2,cf_sameinit,0.8134600158353128,0.5960222752585521,0.8134600158353128,0.5960222752585521,105.58407020568848,completed,checkpoints_v2/gtsrb_iid/seed2/cf_sameinit_alpha0.75.pt,3be6b173d3050ad05284d60311ad6214e2605f54d75815d93e9bad80de29f1e8,gtsrb_iid/seed2/cf_sameinit_alpha0.75,0 1 2,549355
gtsrb_iid,gtsrb,simplecnn,iid,20,4,0.5,40,2,64,sgd,0.01,configs/final/gtsrb_iid.json,87b45a2098ea4a3404e316cb7770c6608916a773f1021ad6acd45d4ded7d8e92,0.75,2,federaser,0.5093428345209818,0.2748607796340493,0.8134600158353128,0.5960222752585521,28.342167139053345,completed,checkpoints_v2/gtsrb_iid/seed2/federaser_alpha0.75.pt,94e96cc537e08b8e10c76b43ab0cf76929b4ca6175f7ddb2a975866899138b70,gtsrb_iid/seed2/federaser_alpha0.75,0 1 2,549355
gtsrb_iid,gtsrb,simplecnn,iid,20,4,0.5,40,2,64,sgd,0.01,configs/final/gtsrb_iid.json,87b45a2098ea4a3404e316cb7770c6608916a773f1021ad6acd45d4ded7d8e92,0.75,2,full_retrain,0.8200316706254949,0.5947494033412888,0.8134600158353128,0.5960222752585521,60.90534710884094,completed,checkpoints/gtsrb_iid/seed2/full_retrain_alpha0.75.pt,cfd096a44b3e36dda1eb4c59c742da73f20a2c063a65a211669ee6f26aaeb678,gtsrb_iid/seed2/full_retrain_alpha0.75,0 1 2,549355
gtsrb_iid,gtsrb,simplecnn,iid,20,4,0.5,40,2,64,sgd,0.01,configs/final/gtsrb_iid.json,87b45a2098ea4a3404e316cb7770c6608916a773f1021ad6acd45d4ded7d8e92,0.75,2,grad_negation,0.8243072050673,0.7568019093078759,0.8134600158353128,0.5960222752585521,9.20873475074768,completed,checkpoints/gtsrb_iid/seed2/grad_negation_alpha0.75.pt,c883c92620798fa7c86c62b4a12cd6dfbd34acacb9068275e32a01a6b8bd79be,gtsrb_iid/seed2/grad_negation_alpha0.75,0 1 2,549355
gtsrb_iid,gtsrb,simplecnn,iid,20,4,0.5,40,2,64,sgd,0.01,configs/final/gtsrb_iid.json,87b45a2098ea4a3404e316cb7770c6608916a773f1021ad6acd45d4ded7d8e92,0.75,2,short_retrain,0.8265241488519398,0.7949085123309467,0.8134600158353128,0.5960222752585521,8.045752048492432,completed,checkpoints/gtsrb_iid/seed2/short_retrain_alpha0.75.pt,7f5624c91029b7c67f176dbeab92738ed8c8078cca2a5f4c8905fed98af0e1b9,gtsrb_iid/seed2/short_retrain_alpha0.75,0 1 2,549355
gtsrb_iid,gtsrb,simplecnn,iid,20,4,0.5,40,2,64,sgd,0.01,configs/final/gtsrb_iid.json,87b45a2098ea4a3404e316cb7770c6608916a773f1021ad6acd45d4ded7d8e92,1.0,2,cf_sameinit,0.8095803642121931,0.0036595067621320605,0.8095803642121931,0.0036595067621320605,96.21729707717896,completed,checkpoints_v2/gtsrb_iid/seed2/cf_sameinit_alpha1.00.pt,08ad3330f7ac11f1267c028a5e7534a91980a9541b191b2596a977cec8efd5dd,gtsrb_iid/seed2/cf_sameinit_alpha1.00,0 1 2 3,549355
gtsrb_iid,gtsrb,simplecnn,iid,20,4,0.5,40,2,64,sgd,0.01,configs/final/gtsrb_iid.json,87b45a2098ea4a3404e316cb7770c6608916a773f1021ad6acd45d4ded7d8e92,1.0,2,federaser,0.5505146476642914,0.003579952267303103,0.8095803642121931,0.0036595067621320605,26.03241491317749,completed,checkpoints_v2/gtsrb_iid/seed2/federaser_alpha1.00.pt,ce68a2c3e54c4eb03f58905adba6a63adf6b7146a99263e874689d62b6ec23de,gtsrb_iid/seed2/federaser_alpha1.00,0 1 2 3,549355
gtsrb_iid,gtsrb,simplecnn,iid,20,4,0.5,40,2,64,sgd,0.01,configs/final/gtsrb_iid.json,87b45a2098ea4a3404e316cb7770c6608916a773f1021ad6acd45d4ded7d8e92,1.0,2,full_retrain,0.818923198733175,0.001511535401750199,0.8095803642121931,0.0036595067621320605,57.45990967750549,completed,checkpoints/gtsrb_iid/seed2/full_retrain_alpha1.00.pt,2a3b5dfb109f4590b19959b095db7e4a4cf0c142dffa798861cb6c51625d4efc,gtsrb_iid/seed2/full_retrain_alpha1.00,0 1 2 3,549355
gtsrb_iid,gtsrb,simplecnn,iid,20,4,0.5,40,2,64,sgd,0.01,configs/final/gtsrb_iid.json,87b45a2098ea4a3404e316cb7770c6608916a773f1021ad6acd45d4ded7d8e92,1.0,2,grad_negation,0.8344418052256533,0.18257756563245822,0.8095803642121931,0.0036595067621320605,8.7617027759552,completed,checkpoints/gtsrb_iid/seed2/grad_negation_alpha1.00.pt,13f48dff45caf12da478e028b0ded26d08206048e6e3fb383c15a2334d0c821c,gtsrb_iid/seed2/grad_negation_alpha1.00,0 1 2 3,549355
gtsrb_iid,gtsrb,simplecnn,iid,20,4,0.5,40,2,64,sgd,0.01,configs/final/gtsrb_iid.json,87b45a2098ea4a3404e316cb7770c6608916a773f1021ad6acd45d4ded7d8e92,1.0,2,short_retrain,0.8218527315914489,0.7041368337311058,0.8095803642121931,0.0036595067621320605,7.7844719886779785,completed,checkpoints/gtsrb_iid/seed2/short_retrain_alpha1.00.pt,8992adab2667593f64c44d1493a27da1780b563bc4c7d2c7cb327e99696c5a10,gtsrb_iid/seed2/short_retrain_alpha1.00,0 1 2 3,549355
gtsrb_iid,gtsrb,simplecnn,iid,20,4,0.5,40,2,64,sgd,0.01,configs/final/gtsrb_iid.json,0d6d68c3f1313b4bad209a72227815f6043275052483b864d2688ac3273bcb8a,0.0,3,before,0.8194774346793349,0.7985680190930787,,,87.18236708641052,completed,checkpoints/gtsrb_iid/seed3/compromised.pt,0d6d68c3f1313b4bad209a72227815f6043275052483b864d2688ac3273bcb8a,gtsrb_iid/seed3/compromised,,549355
gtsrb_iid,gtsrb,simplecnn,iid,20,4,0.5,40,2,64,sgd,0.01,configs/final/gtsrb_iid.json,0d6d68c3f1313b4bad209a72227815f6043275052483b864d2688ac3273bcb8a,0.25,3,cf_sameinit,0.8187648456057007,0.7527446300715991,0.8187648456057007,0.7527446300715991,114.6244490146637,completed,checkpoints_v2/gtsrb_iid/seed3/cf_sameinit_alpha0.25.pt,055bfb273389d3bddb360613cfa8ade54fe2c2f70bfdd746d824cd3c01ec7543,gtsrb_iid/seed3/cf_sameinit_alpha0.25,0,549355
gtsrb_iid,gtsrb,simplecnn,iid,20,4,0.5,40,2,64,sgd,0.01,configs/final/gtsrb_iid.json,0d6d68c3f1313b4bad209a72227815f6043275052483b864d2688ac3273bcb8a,0.25,3,federaser,0.4731591448931116,0.8165473349244232,0.8187648456057007,0.7527446300715991,30.070876121520996,completed,checkpoints_v2/gtsrb_iid/seed3/federaser_alpha0.25.pt,0674c8174834c3d16164b32b0d6beac3d5e1158ecc387d3c9088dd91c3e72f11,gtsrb_iid/seed3/federaser_alpha0.25,0,549355
gtsrb_iid,gtsrb,simplecnn,iid,20,4,0.5,40,2,64,sgd,0.01,configs/final/gtsrb_iid.json,0d6d68c3f1313b4bad209a72227815f6043275052483b864d2688ac3273bcb8a,0.25,3,full_retrain,0.8265241488519398,0.747175815433572,0.8187648456057007,0.7527446300715991,83.64493799209595,completed,checkpoints/gtsrb_iid/seed3/full_retrain_alpha0.25.pt,718718b8b85668ff6a664a19c0b85cc52b4be85cdd4c95ecfd3f2a5de9e59f33,gtsrb_iid/seed3/full_retrain_alpha0.25,0,549355
gtsrb_iid,gtsrb,simplecnn,iid,20,4,0.5,40,2,64,sgd,0.01,configs/final/gtsrb_iid.json,0d6d68c3f1313b4bad209a72227815f6043275052483b864d2688ac3273bcb8a,0.25,3,grad_negation,0.8186856690419636,0.7703261734287987,0.8187648456057007,0.7527446300715991,11.783179998397827,completed,checkpoints/gtsrb_iid/seed3/grad_negation_alpha0.25.pt,e466a8e0840b767739f3ff81c4af889878618ecce3f28a2248c53ba1eba68ce8,gtsrb_iid/seed3/grad_negation_alpha0.25,0,549355
gtsrb_iid,gtsrb,simplecnn,iid,20,4,0.5,40,2,64,sgd,0.01,configs/final/gtsrb_iid.json,0d6d68c3f1313b4bad209a72227815f6043275052483b864d2688ac3273bcb8a,0.25,3,short_retrain,0.8218527315914489,0.8034208432776452,0.8187648456057007,0.7527446300715991,10.917597770690918,completed,checkpoints/gtsrb_iid/seed3/short_retrain_alpha0.25.pt,9eb703b25f15c76f56631ed241bbe2ad21a98c06287166ca69fd585059eefbe5,gtsrb_iid/seed3/short_retrain_alpha0.25,0,549355
gtsrb_iid,gtsrb,simplecnn,iid,20,4,0.5,40,2,64,sgd,0.01,configs/final/gtsrb_iid.json,0d6d68c3f1313b4bad209a72227815f6043275052483b864d2688ac3273bcb8a,0.5,3,cf_sameinit,0.8211401425178148,0.6776451869530629,0.8211401425178148,0.6776451869530629,106.58639407157898,completed,checkpoints_v2/gtsrb_iid/seed3/cf_sameinit_alpha0.50.pt,44f03b7f10c2127b345cb18f2fe0d722d03891a28a0c8e754ef8de6161f80971,gtsrb_iid/seed3/cf_sameinit_alpha0.50,0 1,549355
gtsrb_iid,gtsrb,simplecnn,iid,20,4,0.5,40,2,64,sgd,0.01,configs/final/gtsrb_iid.json,0d6d68c3f1313b4bad209a72227815f6043275052483b864d2688ac3273bcb8a,0.5,3,federaser,0.47901821060965954,0.730071599045346,0.8211401425178148,0.6776451869530629,28.339602947235107,completed,checkpoints_v2/gtsrb_iid/seed3/federaser_alpha0.50.pt,1ca5335f2c89a0d2b27a2a6906e3fc880c103c95db51442a61a3c4f757108228,gtsrb_iid/seed3/federaser_alpha0.50,0 1,549355
gtsrb_iid,gtsrb,simplecnn,iid,20,4,0.5,40,2,64,sgd,0.01,configs/final/gtsrb_iid.json,0d6d68c3f1313b4bad209a72227815f6043275052483b864d2688ac3273bcb8a,0.5,3,full_retrain,0.830720506730008,0.6954653937947494,0.8211401425178148,0.6776451869530629,78.1827118396759,completed,checkpoints/gtsrb_iid/seed3/full_retrain_alpha0.50.pt,904c0d1066e3bb900d76d90d451fa9f0f5ac7763c2e28ca5b8c88ff17630e757,gtsrb_iid/seed3/full_retrain_alpha0.50,0 1,549355
gtsrb_iid,gtsrb,simplecnn,iid,20,4,0.5,40,2,64,sgd,0.01,configs/final/gtsrb_iid.json,0d6d68c3f1313b4bad209a72227815f6043275052483b864d2688ac3273bcb8a,0.5,3,grad_negation,0.8294536817102138,0.7369928400954654,0.8211401425178148,0.6776451869530629,10.497777938842773,completed,checkpoints/gtsrb_iid/seed3/grad_negation_alpha0.50.pt,55ba08550fe814505be384b482a836cb0f731f8d3bbafde36429a8defc4d958b,gtsrb_iid/seed3/grad_negation_alpha0.50,0 1,549355
gtsrb_iid,gtsrb,simplecnn,iid,20,4,0.5,40,2,64,sgd,0.01,configs/final/gtsrb_iid.json,0d6d68c3f1313b4bad209a72227815f6043275052483b864d2688ac3273bcb8a,0.5,3,short_retrain,0.8232779097387174,0.7858392999204455,0.8211401425178148,0.6776451869530629,9.548711061477661,completed,checkpoints/gtsrb_iid/seed3/short_retrain_alpha0.50.pt,c3c4d9c1f7aa4d7f2815a46f4020980f8bf31fdf1fcf3d906278eed347db94eb,gtsrb_iid/seed3/short_retrain_alpha0.50,0 1,549355
gtsrb_iid,gtsrb,simplecnn,iid,20,4,0.5,40,2,64,sgd,0.01,configs/final/gtsrb_iid.json,0d6d68c3f1313b4bad209a72227815f6043275052483b864d2688ac3273bcb8a,0.75,3,cf_sameinit,0.8205067300079176,0.5934765314240255,0.8205067300079176,0.5934765314240255,100.4208471775055,completed,checkpoints_v2/gtsrb_iid/seed3/cf_sameinit_alpha0.75.pt,ecde43be09f7b3f7b1afd14557dbf9781d899f4a569fedeb956d4076a03fba3b,gtsrb_iid/seed3/cf_sameinit_alpha0.75,0 1 2,549355
gtsrb_iid,gtsrb,simplecnn,iid,20,4,0.5,40,2,64,sgd,0.01,configs/final/gtsrb_iid.json,0d6d68c3f1313b4bad209a72227815f6043275052483b864d2688ac3273bcb8a,0.75,3,federaser,0.4679334916864608,0.37406523468575975,0.8205067300079176,0.5934765314240255,27.150078773498535,completed,checkpoints_v2/gtsrb_iid/seed3/federaser_alpha0.75.pt,cffcd48e6052671a17bdbf99091e62b705c3d300a9ed80a27b5e0c9a8697c82c,gtsrb_iid/seed3/federaser_alpha0.75,0 1 2,549355
gtsrb_iid,gtsrb,simplecnn,iid,20,4,0.5,40,2,64,sgd,0.01,configs/final/gtsrb_iid.json,0d6d68c3f1313b4bad209a72227815f6043275052483b864d2688ac3273bcb8a,0.75,3,full_retrain,0.8311163895486936,0.5912490055688147,0.8205067300079176,0.5934765314240255,96.55374097824097,completed,checkpoints/gtsrb_iid/seed3/full_retrain_alpha0.75.pt,077933cb127706227d6efec3bc3d67079facb14ea4edec5f0878f59e9c104eb6,gtsrb_iid/seed3/full_retrain_alpha0.75,0 1 2,549355
gtsrb_iid,gtsrb,simplecnn,iid,20,4,0.5,40,2,64,sgd,0.01,configs/final/gtsrb_iid.json,0d6d68c3f1313b4bad209a72227815f6043275052483b864d2688ac3273bcb8a,0.75,3,grad_negation,0.8291369754552652,0.6677804295942721,0.8205067300079176,0.5934765314240255,14.595788955688477,completed,checkpoints/gtsrb_iid/seed3/grad_negation_alpha0.75.pt,2079f71bb6c18c115b22728076baa4d1e00fb6338a9103c67717df78390c5bf9,gtsrb_iid/seed3/grad_negation_alpha0.75,0 1 2,549355
gtsrb_iid,gtsrb,simplecnn,iid,20,4,0.5,40,2,64,sgd,0.01,configs/final/gtsrb_iid.json,0d6d68c3f1313b4bad209a72227815f6043275052483b864d2688ac3273bcb8a,0.75,3,short_retrain,0.8205859065716548,0.7293556085918854,0.8205067300079176,0.5934765314240255,12.86195182800293,completed,checkpoints/gtsrb_iid/seed3/short_retrain_alpha0.75.pt,351f7ece4141dd48dbf7f35ffc8507fbf5c18d850e5f01863912b345b24d9a8c,gtsrb_iid/seed3/short_retrain_alpha0.75,0 1 2,549355
gtsrb_iid,gtsrb,simplecnn,iid,20,4,0.5,40,2,64,sgd,0.01,configs/final/gtsrb_iid.json,0d6d68c3f1313b4bad209a72227815f6043275052483b864d2688ac3273bcb8a,1.0,3,cf_sameinit,0.8231987331749802,0.0032617342879872713,0.8231987331749802,0.0032617342879872713,95.77195477485657,completed,checkpoints_v2/gtsrb_iid/seed3/cf_sameinit_alpha1.00.pt,9686b4916c52361a246b17d8c36343fe6df0a39780fe9357c8502ee5a1502a67,gtsrb_iid/seed3/cf_sameinit_alpha1.00,0 1 2 3,549355
gtsrb_iid,gtsrb,simplecnn,iid,20,4,0.5,40,2,64,sgd,0.01,configs/final/gtsrb_iid.json,0d6d68c3f1313b4bad209a72227815f6043275052483b864d2688ac3273bcb8a,1.0,3,federaser,0.4668250197941409,7.955449482895784e-05,0.8231987331749802,0.0032617342879872713,25.23492670059204,completed,checkpoints_v2/gtsrb_iid/seed3/federaser_alpha1.00.pt,73e9f6f0d14aaeae2b6ef973d6f82201ce33c59f0603b9e0605e42814eed24e7,gtsrb_iid/seed3/federaser_alpha1.00,0 1 2 3,549355
gtsrb_iid,gtsrb,simplecnn,iid,20,4,0.5,40,2,64,sgd,0.01,configs/final/gtsrb_iid.json,0d6d68c3f1313b4bad209a72227815f6043275052483b864d2688ac3273bcb8a,1.0,3,full_retrain,0.8296912114014252,0.0013524264120922831,0.8231987331749802,0.0032617342879872713,79.8184928894043,completed,checkpoints/gtsrb_iid/seed3/full_retrain_alpha1.00.pt,3383e8cf47ccf2d6dc7df6d9c7d207b14ac12b599d35c14159c1706a35d6c8d5,gtsrb_iid/seed3/full_retrain_alpha1.00,0 1 2 3,549355
gtsrb_iid,gtsrb,simplecnn,iid,20,4,0.5,40,2,64,sgd,0.01,configs/final/gtsrb_iid.json,0d6d68c3f1313b4bad209a72227815f6043275052483b864d2688ac3273bcb8a,1.0,3,grad_negation,0.8292953285827395,0.043993635640413684,0.8231987331749802,0.0032617342879872713,12.16113805770874,completed,checkpoints/gtsrb_iid/seed3/grad_negation_alpha1.00.pt,add5ea37b04684511a4f20847b3f62a3632504c269c642cf66ba3fa4efc469fa,gtsrb_iid/seed3/grad_negation_alpha1.00,0 1 2 3,549355
gtsrb_iid,gtsrb,simplecnn,iid,20,4,0.5,40,2,64,sgd,0.01,configs/final/gtsrb_iid.json,0d6d68c3f1313b4bad209a72227815f6043275052483b864d2688ac3273bcb8a,1.0,3,short_retrain,0.82486144101346,0.6354813046937152,0.8231987331749802,0.0032617342879872713,11.153800964355469,completed,checkpoints/gtsrb_iid/seed3/short_retrain_alpha1.00.pt,ed89565b313525d5fa9af2af0481430f0fbde9499a891faf6f48eb396dc7d47c,gtsrb_iid/seed3/short_retrain_alpha1.00,0 1 2 3,549355
gtsrb_iid,gtsrb,simplecnn,iid,20,4,0.5,40,2,64,sgd,0.01,configs/final/gtsrb_iid.json,a637079079a2ed54f8ea10e35931d64d6a783177912e93c432d19324ce3a89a3,0.0,4,before,0.8335708630245448,0.839538583929992,,,103.94699168205261,completed,checkpoints/gtsrb_iid/seed4/compromised.pt,a637079079a2ed54f8ea10e35931d64d6a783177912e93c432d19324ce3a89a3,gtsrb_iid/seed4/compromised,,549355
gtsrb_iid,gtsrb,simplecnn,iid,20,4,0.5,40,2,64,sgd,0.01,configs/final/gtsrb_iid.json,a637079079a2ed54f8ea10e35931d64d6a783177912e93c432d19324ce3a89a3,0.25,4,cf_sameinit,0.8335708630245448,0.7957836117740652,0.8335708630245448,0.7957836117740652,110.14272594451904,completed,checkpoints_v2/gtsrb_iid/seed4/cf_sameinit_alpha0.25.pt,b190dc3251c7eddfa7895eec2f66d7bb700b49dc8daca4dd06cc02d68aaf1ec7,gtsrb_iid/seed4/cf_sameinit_alpha0.25,0,549355
gtsrb_iid,gtsrb,simplecnn,iid,20,4,0.5,40,2,64,sgd,0.01,configs/final/gtsrb_iid.json,a637079079a2ed54f8ea10e35931d64d6a783177912e93c432d19324ce3a89a3,0.25,4,federaser,0.6252573238321457,0.7884645982498011,0.8335708630245448,0.7957836117740652,29.928446054458618,completed,checkpoints_v2/gtsrb_iid/seed4/federaser_alpha0.25.pt,0793f382e6fe6ed1bbf25949764debe51dbb034f3096fbc7cefbe483d8eec1a6,gtsrb_iid/seed4/federaser_alpha0.25,0,549355
gtsrb_iid,gtsrb,simplecnn,iid,20,4,0.5,40,2,64,sgd,0.01,configs/final/gtsrb_iid.json,a637079079a2ed54f8ea10e35931d64d6a783177912e93c432d19324ce3a89a3,0.25,4,full_retrain,0.8364212193190815,0.8003977724741448,0.8335708630245448,0.7957836117740652,98.48565006256104,completed,checkpoints/gtsrb_iid/seed4/full_retrain_alpha0.25.pt,aca9e79cada566ae729349253f373c5d523b803edff254eff80c76b36e091bfc,gtsrb_iid/seed4/full_retrain_alpha0.25,0,549355
gtsrb_iid,gtsrb,simplecnn,iid,20,4,0.5,40,2,64,sgd,0.01,configs/final/gtsrb_iid.json,a637079079a2ed54f8ea10e35931d64d6a783177912e93c432d19324ce3a89a3,0.25,4,grad_negation,0.8380839271575614,0.8090692124105012,0.8335708630245448,0.7957836117740652,13.84607219696045,completed,checkpoints/gtsrb_iid/seed4/grad_negation_alpha0.25.pt,bf93185155f2fef7d708cb8d1f2ebd87b6954dff81c241fa66cefecaae5f4580,gtsrb_iid/seed4/grad_negation_alpha0.25,0,549355
gtsrb_iid,gtsrb,simplecnn,iid,20,4,0.5,40,2,64,sgd,0.01,configs/final/gtsrb_iid.json,a637079079a2ed54f8ea10e35931d64d6a783177912e93c432d19324ce3a89a3,0.25,4,short_retrain,0.836104513064133,0.8326968973747017,0.8335708630245448,0.7957836117740652,12.109914064407349,completed,checkpoints/gtsrb_iid/seed4/short_retrain_alpha0.25.pt,80b5909ab5d904b1e8c9822293667fed6c98ba8a420aad07b3d3390841a4b45f,gtsrb_iid/seed4/short_retrain_alpha0.25,0,549355
gtsrb_iid,gtsrb,simplecnn,iid,20,4,0.5,40,2,64,sgd,0.01,configs/final/gtsrb_iid.json,a637079079a2ed54f8ea10e35931d64d6a783177912e93c432d19324ce3a89a3,0.5,4,cf_sameinit,0.8293745051464766,0.7319809069212411,0.8293745051464766,0.7319809069212411,102.67667889595032,completed,checkpoints_v2/gtsrb_iid/seed4/cf_sameinit_alpha0.50.pt,f25be6b9faadc40c13554956486ef341d222e833ca9dad9bc40b79295e19925f,gtsrb_iid/seed4/cf_sameinit_alpha0.50,0 1,549355
gtsrb_iid,gtsrb,simplecnn,iid,20,4,0.5,40,2,64,sgd,0.01,configs/final/gtsrb_iid.json,a637079079a2ed54f8ea10e35931d64d6a783177912e93c432d19324ce3a89a3,0.5,4,federaser,0.5921615201900238,0.7125696101829754,0.8293745051464766,0.7319809069212411,27.671417951583862,completed,checkpoints_v2/gtsrb_iid/seed4/federaser_alpha0.50.pt,02fcc56c2bcee7bb6f7eb3875ad0f5dfa25cf661dd00e1a17ab439c0e94823a3,gtsrb_iid/seed4/federaser_alpha0.50,0 1,549355
gtsrb_iid,gtsrb,simplecnn,iid,20,4,0.5,40,2,64,sgd,0.01,configs/final/gtsrb_iid.json,a637079079a2ed54f8ea10e35931d64d6a783177912e93c432d19324ce3a89a3,0.5,4,full_retrain,0.836104513064133,0.7579156722354813,0.8293745051464766,0.7319809069212411,89.6622679233551,completed,checkpoints/gtsrb_iid/seed4/full_retrain_alpha0.50.pt,30493ed241623ace73d9d6495f1955650c1527a3c0546e78065cbade414cea10,gtsrb_iid/seed4/full_retrain_alpha0.50,0 1,549355
gtsrb_iid,gtsrb,simplecnn,iid,20,4,0.5,40,2,64,sgd,0.01,configs/final/gtsrb_iid.json,a637079079a2ed54f8ea10e35931d64d6a783177912e93c432d19324ce3a89a3,0.5,4,grad_negation,0.840221694378464,0.7746221161495624,0.8293745051464766,0.7319809069212411,13.122362852096558,completed,checkpoints/gtsrb_iid/seed4/grad_negation_alpha0.50.pt,c44c3c62adff6e694eeb764af64cf9e380332c815ff84aab63837f180e8e80cf,gtsrb_iid/seed4/grad_negation_alpha0.50,0 1,549355
gtsrb_iid,gtsrb,simplecnn,iid,20,4,0.5,40,2,64,sgd,0.01,configs/final/gtsrb_iid.json,a637079079a2ed54f8ea10e35931d64d6a783177912e93c432d19324ce3a89a3,0.5,4,short_retrain,0.8411718131433096,0.8007955449482895,0.8293745051464766,0.7319809069212411,12.575737237930298,completed,checkpoints/gtsrb_iid/seed4/short_retrain_alpha0.50.pt,512f30ec836cba9d2356b46755ea631da408c829f84da062002bbd0e88ef0827,gtsrb_iid/seed4/short_retrain_alpha0.50,0 1,549355
gtsrb_iid,gtsrb,simplecnn,iid,20,4,0.5,40,2,64,sgd,0.01,configs/final/gtsrb_iid.json,a637079079a2ed54f8ea10e35931d64d6a783177912e93c432d19324ce3a89a3,0.75,4,cf_sameinit,0.8330166270783848,0.6104216388225935,0.8330166270783848,0.6104216388225935,93.18260407447815,completed,checkpoints_v2/gtsrb_iid/seed4/cf_sameinit_alpha0.75.pt,ccc8b33d24574e50ee4bb7d08e5c4b16d5605f9352475aeefdcd7e882ef30db9,gtsrb_iid/seed4/cf_sameinit_alpha0.75,0 1 2,549355
gtsrb_iid,gtsrb,simplecnn,iid,20,4,0.5,40,2,64,sgd,0.01,configs/final/gtsrb_iid.json,a637079079a2ed54f8ea10e35931d64d6a783177912e93c432d19324ce3a89a3,0.75,4,federaser,0.5797307996832938,0.5012728719172633,0.8330166270783848,0.6104216388225935,24.649067163467407,completed,checkpoints_v2/gtsrb_iid/seed4/federaser_alpha0.75.pt,049dfbb9019fbc01600236b5ead7520fe9750280eef8d40d5843961bb5fb52e0,gtsrb_iid/seed4/federaser_alpha0.75,0 1 2,549355
gtsrb_iid,gtsrb,simplecnn,iid,20,4,0.5,40,2,64,sgd,0.01,configs/final/gtsrb_iid.json,a637079079a2ed54f8ea10e35931d64d6a783177912e93c432d19324ce3a89a3,0.75,4,full_retrain,0.8352335708630245,0.6195704057279237,0.8330166270783848,0.6104216388225935,91.30574488639832,completed,checkpoints/gtsrb_iid/seed4/full_retrain_alpha0.75.pt,406a2b6cdd12ebfd271e287ae8d04432fe017c3105426b33e3167a6e37967fa6,gtsrb_iid/seed4/full_retrain_alpha0.75,0 1 2,549355
gtsrb_iid,gtsrb,simplecnn,iid,20,4,0.5,40,2,64,sgd,0.01,configs/final/gtsrb_iid.json,a637079079a2ed54f8ea10e35931d64d6a783177912e93c432d19324ce3a89a3,0.75,4,grad_negation,0.8429136975455265,0.7197295147175815,0.8330166270783848,0.6104216388225935,12.721427917480469,completed,checkpoints/gtsrb_iid/seed4/grad_negation_alpha0.75.pt,d4a9fc57e770448146e0c35bc750db14bedddccabb7785585683e4d4f9bcae05,gtsrb_iid/seed4/grad_negation_alpha0.75,0 1 2,549355
gtsrb_iid,gtsrb,simplecnn,iid,20,4,0.5,40,2,64,sgd,0.01,configs/final/gtsrb_iid.json,a637079079a2ed54f8ea10e35931d64d6a783177912e93c432d19324ce3a89a3,0.75,4,short_retrain,0.8414885193982581,0.760461416070008,0.8330166270783848,0.6104216388225935,11.411579847335815,completed,checkpoints/gtsrb_iid/seed4/short_retrain_alpha0.75.pt,aaf398ca1cf7cdf83651afdac274f0f53151c7f483c9912724bb17f21410d6a3,gtsrb_iid/seed4/short_retrain_alpha0.75,0 1 2,549355
gtsrb_iid,gtsrb,simplecnn,iid,20,4,0.5,40,2,64,sgd,0.01,configs/final/gtsrb_iid.json,a637079079a2ed54f8ea10e35931d64d6a783177912e93c432d19324ce3a89a3,1.0,4,cf_sameinit,0.8348376880443389,0.0007159904534606205,0.8348376880443389,0.0007159904534606205,85.44457602500916,completed,checkpoints_v2/gtsrb_iid/seed4/cf_sameinit_alpha1.00.pt,079e44559a21a49d92e454e81ae115a45aab3c1bef6fd232a2a73e3e968166d1,gtsrb_iid/seed4/cf_sameinit_alpha1.00,0 1 2 3,549355
gtsrb_iid,gtsrb,simplecnn,iid,20,4,0.5,40,2,64,sgd,0.01,configs/final/gtsrb_iid.json,a637079079a2ed54f8ea10e35931d64d6a783177912e93c432d19324ce3a89a3,1.0,4,federaser,0.5999208234362629,0.0013524264120922831,0.8348376880443389,0.0007159904534606205,22.733140230178833,completed,checkpoints_v2/gtsrb_iid/seed4/federaser_alpha1.00.pt,403e795dd59439a988fe37d948f9029d4484f5a18f51a9d8ac375d513a921263,gtsrb_iid/seed4/federaser_alpha1.00,0 1 2 3,549355
gtsrb_iid,gtsrb,simplecnn,iid,20,4,0.5,40,2,64,sgd,0.01,configs/final/gtsrb_iid.json,a637079079a2ed54f8ea10e35931d64d6a783177912e93c432d19324ce3a89a3,1.0,4,full_retrain,0.8299287410926366,0.0009546539379474941,0.8348376880443389,0.0007159904534606205,85.17782711982727,completed,checkpoints/gtsrb_iid/seed4/full_retrain_alpha1.00.pt,33de4eef250f566c9c780f6855ec3881873d35c3103f7fa0e4842350680da564,gtsrb_iid/seed4/full_retrain_alpha1.00,0 1 2 3,549355
gtsrb_iid,gtsrb,simplecnn,iid,20,4,0.5,40,2,64,sgd,0.01,configs/final/gtsrb_iid.json,a637079079a2ed54f8ea10e35931d64d6a783177912e93c432d19324ce3a89a3,1.0,4,grad_negation,0.842596991290578,0.05163086714399363,0.8348376880443389,0.0007159904534606205,12.393059015274048,completed,checkpoints/gtsrb_iid/seed4/grad_negation_alpha1.00.pt,8f3e2e5f408cfba686aecb9919abf5a0e88958d61631b5c19a3a2d90af37387d,gtsrb_iid/seed4/grad_negation_alpha1.00,0 1 2 3,549355
gtsrb_iid,gtsrb,simplecnn,iid,20,4,0.5,40,2,64,sgd,0.01,configs/final/gtsrb_iid.json,a637079079a2ed54f8ea10e35931d64d6a783177912e93c432d19324ce3a89a3,1.0,4,short_retrain,0.8454473475851149,0.6794749403341289,0.8348376880443389,0.0007159904534606205,11.647823095321655,completed,checkpoints/gtsrb_iid/seed4/short_retrain_alpha1.00.pt,5c93702e043c5b5e4381b4945c9e1058604925f991b0b6062d29c355e7ba229d,gtsrb_iid/seed4/short_retrain_alpha1.00,0 1 2 3,549355
mnist_iid,mnist,simplecnn,iid,20,4,0.5,20,2,64,sgd,0.01,configs/final/mnist_iid.json,37819b091053cfd090b834a14f3e2cdfcb2614453581bbdd6ac4cbb07e932328,0.0,0,before,0.9862,0.9922394678492239,,,73.52419972419739,completed,checkpoints/mnist_iid/seed0/compromised.pt,37819b091053cfd090b834a14f3e2cdfcb2614453581bbdd6ac4cbb07e932328,mnist_iid/seed0/compromised,,544522
mnist_iid,mnist,simplecnn,iid,20,4,0.5,20,2,64,sgd,0.01,configs/final/mnist_iid.json,37819b091053cfd090b834a14f3e2cdfcb2614453581bbdd6ac4cbb07e932328,0.25,0,cf_sameinit,0.9855,0.9870288248337029,0.9855,0.9870288248337029,107.2024188041687,completed,checkpoints_v2/mnist_iid/seed0/cf_sameinit_alpha0.25.pt,eeed1dc893d8c5ca877688cf8ea64dd806471dc90c14e0e2a6414a874b3390fc,mnist_iid/seed0/cf_sameinit_alpha0.25,0,544522
mnist_iid,mnist,simplecnn,iid,20,4,0.5,20,2,64,sgd,0.01,configs/final/mnist_iid.json,37819b091053cfd090b834a14f3e2cdfcb2614453581bbdd6ac4cbb07e932328,0.25,0,federaser,0.9667,0.5562084257206208,0.9855,0.9870288248337029,23.58287501335144,completed,checkpoints_v2/mnist_iid/seed0/federaser_alpha0.25.pt,8ffe502dc22b47a71a0c30b6a531de7bd09e9695a3ba2736aaea6021b2b74ea4,mnist_iid/seed0/federaser_alpha0.25,0,544522
mnist_iid,mnist,simplecnn,iid,20,4,0.5,20,2,64,sgd,0.01,configs/final/mnist_iid.json,37819b091053cfd090b834a14f3e2cdfcb2614453581bbdd6ac4cbb07e932328,0.25,0,full_retrain,0.9866,0.9873614190687361,0.9855,0.9870288248337029,77.0105369091034,completed,checkpoints/mnist_iid/seed0/full_retrain_alpha0.25.pt,3f5061c99db95e311157cf50cf54e935ffe27dc4d98123719737e210d02d45d8,mnist_iid/seed0/full_retrain_alpha0.25,0,544522
mnist_iid,mnist,simplecnn,iid,20,4,0.5,20,2,64,sgd,0.01,configs/final/mnist_iid.json,37819b091053cfd090b834a14f3e2cdfcb2614453581bbdd6ac4cbb07e932328,0.25,0,grad_negation,0.9865,0.9801552106430155,0.9855,0.9870288248337029,19.49473214149475,completed,checkpoints/mnist_iid/seed0/grad_negation_alpha0.25.pt,8266d8d2097cda3b7f8e7efe329214b0fa4bcde9608ba004dc409649f9c6bc98,mnist_iid/seed0/grad_negation_alpha0.25,0,544522
mnist_iid,mnist,simplecnn,iid,20,4,0.5,20,2,64,sgd,0.01,configs/final/mnist_iid.json,37819b091053cfd090b834a14f3e2cdfcb2614453581bbdd6ac4cbb07e932328,0.25,0,short_retrain,0.9869,0.9945676274944567,0.9855,0.9870288248337029,17.410589933395386,completed,checkpoints/mnist_iid/seed0/short_retrain_alpha0.25.pt,9e362e8a185d816a8a1b1bc5364c1f4187d168d3c9872caff2b0910897e3147f,mnist_iid/seed0/short_retrain_alpha0.25,0,544522
mnist_iid,mnist,simplecnn,iid,20,4,0.5,20,2,64,sgd,0.01,configs/final/mnist_iid.json,37819b091053cfd090b834a14f3e2cdfcb2614453581bbdd6ac4cbb07e932328,0.5,0,cf_sameinit,0.9862,0.9679600886917961,0.9862,0.9679600886917961,159.7223391532898,completed,checkpoints_v2/mnist_iid/seed0/cf_sameinit_alpha0.50.pt,ac2edc9e56f1a3262daaca131c74dcc61dffaf69dabc0fba3ce7abea0ddbd5d2,mnist_iid/seed0/cf_sameinit_alpha0.50,0 1,544522
mnist_iid,mnist,simplecnn,iid,20,4,0.5,20,2,64,sgd,0.01,configs/final/mnist_iid.json,37819b091053cfd090b834a14f3e2cdfcb2614453581bbdd6ac4cbb07e932328,0.5,0,federaser,0.9677,0.1638580931263858,0.9862,0.9679600886917961,37.70084095001221,completed,checkpoints_v2/mnist_iid/seed0/federaser_alpha0.50.pt,f139df3f82fb0125261febc57533df0a8b7216ed1dfdbdf785e0b2abe5e0f254,mnist_iid/seed0/federaser_alpha0.50,0 1,544522
mnist_iid,mnist,simplecnn,iid,20,4,0.5,20,2,64,sgd,0.01,configs/final/mnist_iid.json,37819b091053cfd090b834a14f3e2cdfcb2614453581bbdd6ac4cbb07e932328,0.5,0,full_retrain,0.9866,0.9747228381374723,0.9862,0.9679600886917961,88.52475380897522,completed,checkpoints/mnist_iid/seed0/full_retrain_alpha0.50.pt,edd5d90fd85c675862e29415327e220e3a6353cfe8083615b69e973fd590bed8,mnist_iid/seed0/full_retrain_alpha0.50,0 1,544522
mnist_iid,mnist,simplecnn,iid,20,4,0.5,20,2,64,sgd,0.01,configs/final/mnist_iid.json,37819b091053cfd090b834a14f3e2cdfcb2614453581bbdd6ac4cbb07e932328,0.5,0,grad_negation,0.9866,0.9445676274944568,0.9862,0.9679600886917961,33.982600927352905,completed,checkpoints/mnist_iid/seed0/grad_negation_alpha0.50.pt,0a45d0efe0f0d869fb47a85cb2e63366b6a6046094da35cd5a7a416d7f81f8e0,mnist_iid/seed0/grad_negation_alpha0.50,0 1,544522
mnist_iid,mnist,simplecnn,iid,20,4,0.5,20,2,64,sgd,0.01,configs/final/mnist_iid.json,37819b091053cfd090b834a14f3e2cdfcb2614453581bbdd6ac4cbb07e932328,0.5,0,short_retrain,0.9876,0.9921286031042129,0.9862,0.9679600886917961,24.80133605003357,completed,checkpoints/mnist_iid/seed0/short_retrain_alpha0.50.pt,959a8d39d84574d5cd3c519f5462a1bfcf7e2904df4c1bb98b037de039281ee7,mnist_iid/seed0/short_retrain_alpha0.50,0 1,544522
mnist_iid,mnist,simplecnn,iid,20,4,0.5,20,2,64,sgd,0.01,configs/final/mnist_iid.json,37819b091053cfd090b834a14f3e2cdfcb2614453581bbdd6ac4cbb07e932328,0.75,0,cf_sameinit,0.9859,0.8433481152993348,0.9859,0.8433481152993348,121.7486252784729,completed,checkpoints_v2/mnist_iid/seed0/cf_sameinit_alpha0.75.pt,4806361b9e87f8c28edba9b793997492b08e23e413d25dc39c1018b37af5f71e,mnist_iid/seed0/cf_sameinit_alpha0.75,0 1 2,544522
mnist_iid,mnist,simplecnn,iid,20,4,0.5,20,2,64,sgd,0.01,configs/final/mnist_iid.json,37819b091053cfd090b834a14f3e2cdfcb2614453581bbdd6ac4cbb07e932328,0.75,0,federaser,0.9695,0.01729490022172949,0.9859,0.8433481152993348,32.43413805961609,completed,checkpoints_v2/mnist_iid/seed0/federaser_alpha0.75.pt,f17fabc4e670582274c40838a6828607b95cd1e2a7392b1b266001ce946e83c0,mnist_iid/seed0/federaser_alpha0.75,0 1 2,544522
mnist_iid,mnist,simplecnn,iid,20,4,0.5,20,2,64,sgd,0.01,configs/final/mnist_iid.json,37819b091053cfd090b834a14f3e2cdfcb2614453581bbdd6ac4cbb07e932328,0.75,0,full_retrain,0.987,0.8537694013303769,0.9859,0.8433481152993348,64.49432611465454,completed,checkpoints/mnist_iid/seed0/full_retrain_alpha0.75.pt,3f2e089f1826c8cc7fd115d9fb85de6a855ff3a0ca2e8ae13d0738c2380b1123,mnist_iid/seed0/full_retrain_alpha0.75,0 1 2,544522
mnist_iid,mnist,simplecnn,iid,20,4,0.5,20,2,64,sgd,0.01,configs/final/mnist_iid.json,37819b091053cfd090b834a14f3e2cdfcb2614453581bbdd6ac4cbb07e932328,0.75,0,grad_negation,0.9863,0.8645232815964523,0.9859,0.8433481152993348,22.243555068969727,completed,checkpoints/mnist_iid/seed0/grad_negation_alpha0.75.pt,8ad47607343a7759649d18ff7f82003852ac5b2ded204634bc04ceb5aaf924f0,mnist_iid/seed0/grad_negation_alpha0.75,0 1 2,544522
mnist_iid,mnist,simplecnn,iid,20,4,0.5,20,2,64,sgd,0.01,configs/final/mnist_iid.json,37819b091053cfd090b834a14f3e2cdfcb2614453581bbdd6ac4cbb07e932328,0.75,0,short_retrain,0.9875,0.9830376940133038,0.9859,0.8433481152993348,15.642229080200195,completed,checkpoints/mnist_iid/seed0/short_retrain_alpha0.75.pt,437653cabef0dd0b4d9e921ff06f2057f109770efc2b19efb6131f5b99fcb5be,mnist_iid/seed0/short_retrain_alpha0.75,0 1 2,544522
mnist_iid,mnist,simplecnn,iid,20,4,0.5,20,2,64,sgd,0.01,configs/final/mnist_iid.json,37819b091053cfd090b834a14f3e2cdfcb2614453581bbdd6ac4cbb07e932328,1.0,0,cf_sameinit,0.9856,0.0016629711751662971,0.9856,0.0016629711751662971,119.44362211227417,completed,checkpoints_v2/mnist_iid/seed0/cf_sameinit_alpha1.00.pt,8c9e11453ee4147eb044a0a6246bf73bfceeaf3e9d6d8c3402eece9996a7e0be,mnist_iid/seed0/cf_sameinit_alpha1.00,0 1 2 3,544522
mnist_iid,mnist,simplecnn,iid,20,4,0.5,20,2,64,sgd,0.01,configs/final/mnist_iid.json,37819b091053cfd090b834a14f3e2cdfcb2614453581bbdd6ac4cbb07e932328,1.0,0,federaser,0.9688,0.003436807095343681,0.9856,0.0016629711751662971,20.084348917007446,completed,checkpoints_v2/mnist_iid/seed0/federaser_alpha1.00.pt,23ddee9af9b1007d903b21694c3fc559146340c86acba0090373b4e3716b2c34,mnist_iid/seed0/federaser_alpha1.00,0 1 2 3,544522
mnist_iid,mnist,simplecnn,iid,20,4,0.5,20,2,64,sgd,0.01,configs/final/mnist_iid.json,37819b091053cfd090b834a14f3e2cdfcb2614453581bbdd6ac4cbb07e932328,1.0,0,full_retrain,0.9867,0.0014412416851441242,0.9856,0.0016629711751662971,59.57156300544739,completed,checkpoints/mnist_iid/seed0/full_retrain_alpha1.00.pt,dd941eac3ff292b952d532e0cf7afc5785b1b78221abef3a87f6261eee66c80a,mnist_iid/seed0/full_retrain_alpha1.00,0 1 2 3,544522
mnist_iid,mnist,simplecnn,iid,20,4,0.5,20,2,64,sgd,0.01,configs/final/mnist_iid.json,37819b091053cfd090b834a14f3e2cdfcb2614453581bbdd6ac4cbb07e932328,1.0,0,grad_negation,0.9856,0.5057649667405765,0.9856,0.0016629711751662971,23.023885011672974,completed,checkpoints/mnist_iid/seed0/grad_negation_alpha1.00.pt,a28f55ecb8cd8c6e24bc1801639663c7990f1a09dc77dc9bb5e8d60bc024c45f,mnist_iid/seed0/grad_negation_alpha1.00,0 1 2 3,544522
mnist_iid,mnist,simplecnn,iid,20,4,0.5,20,2,64,sgd,0.01,configs/final/mnist_iid.json,37819b091053cfd090b834a14f3e2cdfcb2614453581bbdd6ac4cbb07e932328,1.0,0,short_retrain,0.9869,0.9708425720620842,0.9856,0.0016629711751662971,15.536757946014404,completed,checkpoints/mnist_iid/seed0/short_retrain_alpha1.00.pt,4ac72459a94bd87e327aca5d29b2279486d03378a623f27d553dc7905d7b3625,mnist_iid/seed0/short_retrain_alpha1.00,0 1 2 3,544522
mnist_iid,mnist,simplecnn,iid,20,4,0.5,20,2,64,sgd,0.01,configs/final/mnist_iid.json,37677392c176ee8f5190698a8ac7023322814b5a0332784b2a27c80367d04705,0.0,1,before,0.9845,0.9939024390243902,,,73.77835011482239,completed,checkpoints/mnist_iid/seed1/compromised.pt,37677392c176ee8f5190698a8ac7023322814b5a0332784b2a27c80367d04705,mnist_iid/seed1/compromised,,544522
mnist_iid,mnist,simplecnn,iid,20,4,0.5,20,2,64,sgd,0.01,configs/final/mnist_iid.json,37677392c176ee8f5190698a8ac7023322814b5a0332784b2a27c80367d04705,0.25,1,cf_sameinit,0.9851,0.9873614190687361,0.9851,0.9873614190687361,138.7881441116333,completed,checkpoints_v2/mnist_iid/seed1/cf_sameinit_alpha0.25.pt,567c2fea7fb69c045a57b1d975931d29b1aac82a4f62fb83f2b48275d2dd0361,mnist_iid/seed1/cf_sameinit_alpha0.25,0,544522
mnist_iid,mnist,simplecnn,iid,20,4,0.5,20,2,64,sgd,0.01,configs/final/mnist_iid.json,37677392c176ee8f5190698a8ac7023322814b5a0332784b2a27c80367d04705,0.25,1,federaser,0.9665,0.6861419068736142,0.9851,0.9873614190687361,33.68715000152588,completed,checkpoints_v2/mnist_iid/seed1/federaser_alpha0.25.pt,13dceb3088da3d139a9e23397c98fdfe9fd9207a90952670bc15c8ace979c2ef,mnist_iid/seed1/federaser_alpha0.25,0,544522
mnist_iid,mnist,simplecnn,iid,20,4,0.5,20,2,64,sgd,0.01,configs/final/mnist_iid.json,37677392c176ee8f5190698a8ac7023322814b5a0332784b2a27c80367d04705,0.25,1,full_retrain,0.9859,0.9882483370288249,0.9851,0.9873614190687361,68.62245583534241,completed,checkpoints/mnist_iid/seed1/full_retrain_alpha0.25.pt,2d4eda36e22e9fa30f60dfaab2fd0239277b5e66ea5bb2eb491a3002466b977e,mnist_iid/seed1/full_retrain_alpha0.25,0,544522
mnist_iid,mnist,simplecnn,iid,20,4,0.5,20,2,64,sgd,0.01,configs/final/mnist_iid.json,37677392c176ee8f5190698a8ac7023322814b5a0332784b2a27c80367d04705,0.25,1,grad_negation,0.9839,0.9717294900221729,0.9851,0.9873614190687361,20.45549702644348,completed,checkpoints/mnist_iid/seed1/grad_negation_alpha0.25.pt,49c41b87247563958ca2d561e14781a509a328e1d7108245eed716d4fb1c587b,mnist_iid/seed1/grad_negation_alpha0.25,0,544522
mnist_iid,mnist,simplecnn,iid,20,4,0.5,20,2,64,sgd,0.01,configs/final/mnist_iid.json,37677392c176ee8f5190698a8ac7023322814b5a0332784b2a27c80367d04705,0.25,1,short_retrain,0.9866,0.9943458980044346,0.9851,0.9873614190687361,16.90120792388916,completed,checkpoints/mnist_iid/seed1/short_retrain_alpha0.25.pt,045b49df8c858a740ff54e03383c68f4f0f54545dff3801d21a0403c8770f8e5,mnist_iid/seed1/short_retrain_alpha0.25,0,544522
mnist_iid,mnist,simplecnn,iid,20,4,0.5,20,2,64,sgd,0.01,configs/final/mnist_iid.json,37677392c176ee8f5190698a8ac7023322814b5a0332784b2a27c80367d04705,0.5,1,cf_sameinit,0.9844,0.9699556541019956,0.9844,0.9699556541019956,120.34782004356384,completed,checkpoints_v2/mnist_iid/seed1/cf_sameinit_alpha0.50.pt,ba96f46c8f27bb4392664798bba56607e071cf32e3c4b3a49bf504d816a2d752,mnist_iid/seed1/cf_sameinit_alpha0.50,0 1,544522
mnist_iid,mnist,simplecnn,iid,20,4,0.5,20,2,64,sgd,0.01,configs/final/mnist_iid.json,37677392c176ee8f5190698a8ac7023322814b5a0332784b2a27c80367d04705,0.5,1,federaser,0.966,0.1752771618625277,0.9844,0.9699556541019956,28.50027108192444,completed,checkpoints_v2/mnist_iid/seed1/federaser_alpha0.50.pt,d04cec7173d6044a8e99cd3a9f186572692985d7928927918c9fb48688032f16,mnist_iid/seed1/federaser_alpha0.50,0 1,544522
mnist_iid,mnist,simplecnn,iid,20,4,0.5,20,2,64,sgd,0.01,configs/final/mnist_iid.json,37677392c176ee8f5190698a8ac7023322814b5a0332784b2a27c80367d04705,0.5,1,full_retrain,0.9855,0.9717294900221729,0.9844,0.9699556541019956,65.8776319026947,completed,checkpoints/mnist_iid/seed1/full_retrain_alpha0.50.pt,ef6eadd09de707a1612790e724af7ec0a67bfc823dce743f54faa11380c98e9e,mnist_iid/seed1/full_retrain_alpha0.50,0 1,544522
mnist_iid,mnist,simplecnn,iid,20,4,0.5,20,2,64,sgd,0.01,configs/final/mnist_iid.json,37677392c176ee8f5190698a8ac7023322814b5a0332784b2a27c80367d04705,0.5,1,grad_negation,0.9855,0.9337028824833703,0.9844,0.9699556541019956,19.684828996658325,completed,checkpoints/mnist_iid/seed1/grad_negation_alpha0.50.pt,2b75819551ebb86d30b279cfa1f24f9508b61106b0c36baf3f7890e3fd145252,mnist_iid/seed1/grad_negation_alpha0.50,0 1,544522
mnist_iid,mnist,simplecnn,iid,20,4,0.5,20,2,64,sgd,0.01,configs/final/mnist_iid.json,37677392c176ee8f5190698a8ac7023322814b5a0332784b2a27c80367d04705,0.5,1,short_retrain,0.9867,0.9916851441241685,0.9844,0.9699556541019956,16.459070920944214,completed,checkpoints/mnist_iid/seed1/short_retrain_alpha0.50.pt,f413fdd8c4c0be461159dd907b47d4454e369b58455ff7c2afed68e210ef0af5,mnist_iid/seed1/short_retrain_alpha0.50,0 1,544522
mnist_iid,mnist,simplecnn,iid,20,4,0.5,20,2,64,sgd,0.01,configs/final/mnist_iid.json,37677392c176ee8f5190698a8ac7023322814b5a0332784b2a27c80367d04705,0.75,1,cf_sameinit,0.985,0.8582039911308204,0.985,0.8582039911308204,114.04283308982849,completed,checkpoints_v2/mnist_iid/seed1/cf_sameinit_alpha0.75.pt,0b2577a3d98bd568a1bd783d15f3fdd068f5091db319395f635e3b7a22aabc4b,mnist_iid/seed1/cf_sameinit_alpha0.75,0 1 2,544522
mnist_iid,mnist,simplecnn,iid,20,4,0.5,20,2,64,sgd,0.01,configs/final/mnist_iid.json,37677392c176ee8f5190698a8ac7023322814b5a0332784b2a27c80367d04705,0.75,1,federaser,0.9681,0.022838137472283814,0.985,0.8582039911308204,27.30668807029724,completed,checkpoints_v2/mnist_iid/seed1/federaser_alpha0.75.pt,e8a857994fc9300b354b8b8f60497e80f7d5eac0d766505a180be9dec72ed940,mnist_iid/seed1/federaser_alpha0.75,0 1 2,544522
mnist_iid,mnist,simplecnn,iid,20,4,0.5,20,2,64,sgd,0.01,configs/final/mnist_iid.json,37677392c176ee8f5190698a8ac7023322814b5a0332784b2a27c80367d04705,0.75,1,full_retrain,0.9854,0.8511086474501108,0.985,0.8582039911308204,63.32883286476135,completed,checkpoints/mnist_iid/seed1/full_retrain_alpha0.75.pt,76a7609ca534d1aa6f03b10d823df65f7710920bfc2459a4cfc5f38b89a56557,mnist_iid/seed1/full_retrain_alpha0.75,0 1 2,544522
mnist_iid,mnist,simplecnn,iid,20,4,0.5,20,2,64,sgd,0.01,configs/final/mnist_iid.json,37677392c176ee8f5190698a8ac7023322814b5a0332784b2a27c80367d04705,0.75,1,grad_negation,0.9855,0.7871396895787139,0.985,0.8582039911308204,20.895214796066284,completed,checkpoints/mnist_iid/seed1/grad_negation_alpha0.75.pt,a2638cc1e1af5cb6c803c75858d1c4d4112fd74cba6fbf8973a2b521fc206bdb,mnist_iid/seed1/grad_negation_alpha0.75,0 1 2,544522
mnist_iid,mnist,simplecnn,iid,20,4,0.5,20,2,64,sgd,0.01,configs/final/mnist_iid.json,37677392c176ee8f5190698a8ac7023322814b5a0332784b2a27c80367d04705,0.75,1,short_retrain,0.9858,0.980709534368071,0.985,0.8582039911308204,16.030951976776123,completed,checkpoints/mnist_iid/seed1/short_retrain_alpha0.75.pt,e68414f8f869d1721cd17a8adf391fba322906ad5a2a280b33fb69b50b434255,mnist_iid/seed1/short_retrain_alpha0.75,0 1 2,544522
mnist_iid,mnist,simplecnn,iid,20,4,0.5,20,2,64,sgd,0.01,configs/final/mnist_iid.json,37677392c176ee8f5190698a8ac7023322814b5a0332784b2a27c80367d04705,1.0,1,cf_sameinit,0.9849,0.0013303769401330377,0.9849,0.0013303769401330377,107.33058595657349,completed,checkpoints_v2/mnist_iid/seed1/cf_sameinit_alpha1.00.pt,20290ea1d2828124c94f1896c20bd035eb63b399d50cee7a31e8a04ebef5fde2,mnist_iid/seed1/cf_sameinit_alpha1.00,0 1 2 3,544522
mnist_iid,mnist,simplecnn,iid,20,4,0.5,20,2,64,sgd,0.01,configs/final/mnist_iid.json,37677392c176ee8f5190698a8ac7023322814b5a0332784b2a27c80367d04705,1.0,1,federaser,0.9707,0.0026607538802660754,0.9849,0.0013303769401330377,25.24780011177063,completed,checkpoints_v2/mnist_iid/seed1/federaser_alpha1.00.pt,d4d5b21812e1a210257a0fb7eb4bc7c6beada9b9594bb1014d647e275b8f4e77,mnist_iid/seed1/federaser_alpha1.00,0 1 2 3,544522
mnist_iid,mnist,simplecnn,iid,20,4,0.5,20,2,64,sgd,0.01,configs/final/mnist_iid.json,37677392c176ee8f5190698a8ac7023322814b5a0332784b2a27c80367d04705,1.0,1,full_retrain,0.9866,0.0011086474501108647,0.9849,0.0013303769401330377,59.80220103263855,completed,checkpoints/mnist_iid/seed1/full_retrain_alpha1.00.pt,eb82d755f73737eac1a1b47e2d3db32afedf555a7157c91c11e564a4ad0af05f,mnist_iid/seed1/full_retrain_alpha1.00,0 1 2 3,544522
mnist_iid,mnist,simplecnn,iid,20,4,0.5,20,2,64,sgd,0.01,configs/final/mnist_iid.json,37677392c176ee8f5190698a8ac7023322814b5a0332784b2a27c80367d04705,1.0,1,grad_negation,0.9863,0.35210643015521065,0.9849,0.0013303769401330377,21.23699378967285,completed,checkpoints/mnist_iid/seed1/grad_negation_alpha1.00.pt,acddedc428dc48c9152a0cdd6ef2a47e8b3710617920afa47170aca01d34ce2e,mnist_iid/seed1/grad_negation_alpha1.00,0 1 2 3,544522
mnist_iid,mnist,simplecnn,iid,20,4,0.5,20,2,64,sgd,0.01,configs/final/mnist_iid.json,37677392c176ee8f5190698a8ac7023322814b5a0332784b2a27c80367d04705,1.0,1,short_retrain,0.9861,0.9559866962305986,0.9849,0.0013303769401330377,14.978102684020996,completed,checkpoints/mnist_iid/seed1/short_retrain_alpha1.00.pt,62d4fa5a7db56b048e33b434b4c35b5ab6bc3797809470f8111823735a465b53,mnist_iid/seed1/short_retrain_alpha1.00,0 1 2 3,544522
mnist_iid,mnist,simplecnn,iid,20,4,0.5,20,2,64,sgd,0.01,configs/final/mnist_iid.json,0ef9f58621a10e0be07c0d84696be419862ef60edb241b1074ea27f82ea300e2,0.0,2,before,0.9858,0.9970066518847006,,,76.24547481536865,completed,checkpoints/mnist_iid/seed2/compromised.pt,0ef9f58621a10e0be07c0d84696be419862ef60edb241b1074ea27f82ea300e2,mnist_iid/seed2/compromised,,544522
mnist_iid,mnist,simplecnn,iid,20,4,0.5,20,2,64,sgd,0.01,configs/final/mnist_iid.json,0ef9f58621a10e0be07c0d84696be419862ef60edb241b1074ea27f82ea300e2,0.25,2,cf_sameinit,0.9855,0.9952328159645233,0.9855,0.9952328159645233,126.7709093093872,completed,checkpoints_v2/mnist_iid/seed2/cf_sameinit_alpha0.25.pt,09d153ef417079b627fd16aa4d0b26c36ea69afda18be717ce6ab84471c96477,mnist_iid/seed2/cf_sameinit_alpha0.25,0,544522
mnist_iid,mnist,simplecnn,iid,20,4,0.5,20,2,64,sgd,0.01,configs/final/mnist_iid.json,0ef9f58621a10e0be07c0d84696be419862ef60edb241b1074ea27f82ea300e2,0.25,2,federaser,0.9669,0.6700665188470066,0.9855,0.9952328159645233,30.388040781021118,completed,checkpoints_v2/mnist_iid/seed2/federaser_alpha0.25.pt,ea5df95e162947151af23a378d1b6d90289201c110f5c51f12b0ef24f6d863e5,mnist_iid/seed2/federaser_alpha0.25,0,544522
mnist_iid,mnist,simplecnn,iid,20,4,0.5,20,2,64,sgd,0.01,configs/final/mnist_iid.json,0ef9f58621a10e0be07c0d84696be419862ef60edb241b1074ea27f82ea300e2,0.25,2,full_retrain,0.9864,0.9932372505543238,0.9855,0.9952328159645233,70.25491619110107,completed,checkpoints/mnist_iid/seed2/full_retrain_alpha0.25.pt,f018d5ca2435525c3b304a56d00c4e2793dbaaaf817416887c8542c1d62a9cd1,mnist_iid/seed2/full_retrain_alpha0.25,0,544522
mnist_iid,mnist,simplecnn,iid,20,4,0.5,20,2,64,sgd,0.01,configs/final/mnist_iid.json,0ef9f58621a10e0be07c0d84696be419862ef60edb241b1074ea27f82ea300e2,0.25,2,grad_negation,0.9862,0.9847006651884701,0.9855,0.9952328159645233,21.320186138153076,completed,checkpoints/mnist_iid/seed2/grad_negation_alpha0.25.pt,8031a1c0e1935c76065e108c53b14ea117a3b3f19babe08d7c48650fa87905a3,mnist_iid/seed2/grad_negation_alpha0.25,0,544522
mnist_iid,mnist,simplecnn,iid,20,4,0.5,20,2,64,sgd,0.01,configs/final/mnist_iid.json,0ef9f58621a10e0be07c0d84696be419862ef60edb241b1074ea27f82ea300e2,0.25,2,short_retrain,0.9878,0.9981152993348116,0.9855,0.9952328159645233,17.947089910507202,completed,checkpoints/mnist_iid/seed2/short_retrain_alpha0.25.pt,a6d428b8dc7ac60f8a524b60f56fe8c0002612699aa721e57a53d6533706b124,mnist_iid/seed2/short_retrain_alpha0.25,0,544522
mnist_iid,mnist,simplecnn,iid,20,4,0.5,20,2,64,sgd,0.01,configs/final/mnist_iid.json,0ef9f58621a10e0be07c0d84696be419862ef60edb241b1074ea27f82ea300e2,0.5,2,cf_sameinit,0.9859,0.9777161862527716,0.9859,0.9777161862527716,120.64714312553406,completed,checkpoints_v2/mnist_iid/seed2/cf_sameinit_alpha0.50.pt,700d8d4e25ead786617edb177a3ed601be9693fa656affa4ad74eddd765acf20,mnist_iid/seed2/cf_sameinit_alpha0.50,0 1,544522
mnist_iid,mnist,simplecnn,iid,20,4,0.5,20,2,64,sgd,0.01,configs/final/mnist_iid.json,0ef9f58621a10e0be07c0d84696be419862ef60edb241b1074ea27f82ea300e2,0.5,2,federaser,0.9695,0.16363636363636364,0.9859,0.9777161862527716,28.973121881484985,completed,checkpoints_v2/mnist_iid/seed2/federaser_alpha0.50.pt,bccea4405fd95a251cec75a50ba7da22a98452fa7e110ab195a084a9b9a59829,mnist_iid/seed2/federaser_alpha0.50,0 1,544522
mnist_iid,mnist,simplecnn,iid,20,4,0.5,20,2,64,sgd,0.01,configs/final/mnist_iid.json,0ef9f58621a10e0be07c0d84696be419862ef60edb241b1074ea27f82ea300e2,0.5,2,full_retrain,0.9861,0.9729490022172949,0.9859,0.9777161862527716,65.64611601829529,completed,checkpoints/mnist_iid/seed2/full_retrain_alpha0.50.pt,ef14c401f10b26ffc9cb4b48278f4124879e3f7a53bf47fd6941729640f181e1,mnist_iid/seed2/full_retrain_alpha0.50,0 1,544522
mnist_iid,mnist,simplecnn,iid,20,4,0.5,20,2,64,sgd,0.01,configs/final/mnist_iid.json,0ef9f58621a10e0be07c0d84696be419862ef60edb241b1074ea27f82ea300e2,0.5,2,grad_negation,0.9865,0.9620842572062084,0.9859,0.9777161862527716,22.706177949905396,completed,checkpoints/mnist_iid/seed2/grad_negation_alpha0.50.pt,bd06934d64f83a615e6b866ccb9a7f235d80b419d8b8e2be9cb7dad2361b9dcf,mnist_iid/seed2/grad_negation_alpha0.50,0 1,544522
mnist_iid,mnist,simplecnn,iid,20,4,0.5,20,2,64,sgd,0.01,configs/final/mnist_iid.json,0ef9f58621a10e0be07c0d84696be419862ef60edb241b1074ea27f82ea300e2,0.5,2,short_retrain,0.988,0.9950110864745011,0.9859,0.9777161862527716,16.912750720977783,completed,checkpoints/mnist_iid/seed2/short_retrain_alpha0.50.pt,3b347b0e41f953d2804e5f60eb567ba968062b661af3c018e9c489cf79c0034a,mnist_iid/seed2/short_retrain_alpha0.50,0 1,544522
mnist_iid,mnist,simplecnn,iid,20,4,0.5,20,2,64,sgd,0.01,configs/final/mnist_iid.json,0ef9f58621a10e0be07c0d84696be419862ef60edb241b1074ea27f82ea300e2,0.75,2,cf_sameinit,0.9867,0.8502217294900222,0.9867,0.8502217294900222,114.85382771492004,completed,checkpoints_v2/mnist_iid/seed2/cf_sameinit_alpha0.75.pt,cd5fecc6603ac5e0c0192c51cd829e91643487c1b51fe10a2b60c3d0ef8a2b81,mnist_iid/seed2/cf_sameinit_alpha0.75,0 1 2,544522
mnist_iid,mnist,simplecnn,iid,20,4,0.5,20,2,64,sgd,0.01,configs/final/mnist_iid.json,0ef9f58621a10e0be07c0d84696be419862ef60edb241b1074ea27f82ea300e2,0.75,2,federaser,0.9704,0.014190687361419069,0.9867,0.8502217294900222,27.13608717918396,completed,checkpoints_v2/mnist_iid/seed2/federaser_alpha0.75.pt,9c86d2f1d31d31485821b660fd54c6edb1394980c10cb8690f6889f42a224311,mnist_iid/seed2/federaser_alpha0.75,0 1 2,544522
mnist_iid,mnist,simplecnn,iid,20,4,0.5,20,2,64,sgd,0.01,configs/final/mnist_iid.json,0ef9f58621a10e0be07c0d84696be419862ef60edb241b1074ea27f82ea300e2,0.75,2,full_retrain,0.9863,0.8216186252771619,0.9867,0.8502217294900222,61.74928021430969,completed,checkpoints/mnist_iid/seed2/full_retrain_alpha0.75.pt,3f7a82a04f6c713fa17d6db77b83a76451306c6d6e5710d6b084bfebd37fe7eb,mnist_iid/seed2/full_retrain_alpha0.75,0 1 2,544522
mnist_iid,mnist,simplecnn,iid,20,4,0.5,20,2,64,sgd,0.01,configs/final/mnist_iid.json,0ef9f58621a10e0be07c0d84696be419862ef60edb241b1074ea27f82ea300e2,0.75,2,grad_negation,0.9868,0.8658536585365854,0.9867,0.8502217294900222,24.625760793685913,completed,checkpoints/mnist_iid/seed2/grad_negation_alpha0.75.pt,385eed3d9c394c652613627224dcf7b1b062b0ea40243d02bc4ec12ddc63cc74,mnist_iid/seed2/grad_negation_alpha0.75,0 1 2,544522
mnist_iid,mnist,simplecnn,iid,20,4,0.5,20,2,64,sgd,0.01,configs/final/mnist_iid.json,0ef9f58621a10e0be07c0d84696be419862ef60edb241b1074ea27f82ea300e2,0.75,2,short_retrain,0.9874,0.9907982261640799,0.9867,0.8502217294900222,15.73726487159729,completed,checkpoints/mnist_iid/seed2/short_retrain_alpha0.75.pt,61064aa1ea287ddda5924f4699db707829834810fb922d8fd4574ac7b04ffe59,mnist_iid/seed2/short_retrain_alpha0.75,0 1 2,544522
mnist_iid,mnist,simplecnn,iid,20,4,0.5,20,2,64,sgd,0.01,configs/final/mnist_iid.json,0ef9f58621a10e0be07c0d84696be419862ef60edb241b1074ea27f82ea300e2,1.0,2,cf_sameinit,0.9857,0.0013303769401330377,0.9857,0.0013303769401330377,106.48380494117737,completed,checkpoints_v2/mnist_iid/seed2/cf_sameinit_alpha1.00.pt,e1cc543e43cb3bdac7ef3caf555797076cc89d99bfea571e146d9fe7f14d56e0,mnist_iid/seed2/cf_sameinit_alpha1.00,0 1 2 3,544522
mnist_iid,mnist,simplecnn,iid,20,4,0.5,20,2,64,sgd,0.01,configs/final/mnist_iid.json,0ef9f58621a10e0be07c0d84696be419862ef60edb241b1074ea27f82ea300e2,1.0,2,federaser,0.9708,0.0033259423503325942,0.9857,0.0013303769401330377,25.682461977005005,completed,checkpoints_v2/mnist_iid/seed2/federaser_alpha1.00.pt,8594071b65b00e3602c799b033573fb35d7e77321bc1ab85a774d981551e74f3,mnist_iid/seed2/federaser_alpha1.00,0 1 2 3,544522
mnist_iid,mnist,simplecnn,iid,20,4,0.5,20,2,64,sgd,0.01,configs/final/mnist_iid.json,0ef9f58621a10e0be07c0d84696be419862ef60edb241b1074ea27f82ea300e2,1.0,2,full_retrain,0.986,0.0013303769401330377,0.9857,0.0013303769401330377,59.06442332267761,completed,checkpoints/mnist_iid/seed2/full_retrain_alpha1.00.pt,a27ec4533eabfe23332fc5e047f43f532019030e19e8e6fcedef6a016cd83a11,mnist_iid/seed2/full_retrain_alpha1.00,0 1 2 3,544522
mnist_iid,mnist,simplecnn,iid,20,4,0.5,20,2,64,sgd,0.01,configs/final/mnist_iid.json,0ef9f58621a10e0be07c0d84696be419862ef60edb241b1074ea27f82ea300e2,1.0,2,grad_negation,0.9872,0.5188470066518847,0.9857,0.0013303769401330377,25.775332927703857,completed,checkpoints/mnist_iid/seed2/grad_negation_alpha1.00.pt,542a81f9bbf96f40e21ca6b6f4a07fbccb16456f84b184e19bdc38b0b7417582,mnist_iid/seed2/grad_negation_alpha1.00,0 1 2 3,544522
mnist_iid,mnist,simplecnn,iid,20,4,0.5,20,2,64,sgd,0.01,configs/final/mnist_iid.json,0ef9f58621a10e0be07c0d84696be419862ef60edb241b1074ea27f82ea300e2,1.0,2,short_retrain,0.988,0.9823725055432373,0.9857,0.0013303769401330377,14.870328187942505,completed,checkpoints/mnist_iid/seed2/short_retrain_alpha1.00.pt,55122e0101abe76c683ba48b5b3b6de0050f203e25825c7e5ca8119d9e21ebf3,mnist_iid/seed2/short_retrain_alpha1.00,0 1 2 3,544522
mnist_iid,mnist,simplecnn,iid,20,4,0.5,20,2,64,sgd,0.01,configs/final/mnist_iid.json,641bd94653462815794188a0424bd843116b9f0c1c2b2b9874beb943161c1897,0.0,3,before,0.9858,0.9952328159645233,,,74.95696187019348,completed,checkpoints/mnist_iid/seed3/compromised.pt,641bd94653462815794188a0424bd843116b9f0c1c2b2b9874beb943161c1897,mnist_iid/seed3/compromised,,544522
mnist_iid,mnist,simplecnn,iid,20,4,0.5,20,2,64,sgd,0.01,configs/final/mnist_iid.json,641bd94653462815794188a0424bd843116b9f0c1c2b2b9874beb943161c1897,0.25,3,cf_sameinit,0.9863,0.9863636363636363,0.9863,0.9863636363636363,127.59907507896423,completed,checkpoints_v2/mnist_iid/seed3/cf_sameinit_alpha0.25.pt,9d35f88215e883fb5bcd2918754df3d20d44886a052ecb7bf1778194209ec0e6,mnist_iid/seed3/cf_sameinit_alpha0.25,0,544522
mnist_iid,mnist,simplecnn,iid,20,4,0.5,20,2,64,sgd,0.01,configs/final/mnist_iid.json,641bd94653462815794188a0424bd843116b9f0c1c2b2b9874beb943161c1897,0.25,3,federaser,0.9695,0.6008869179600886,0.9863,0.9863636363636363,30.213361978530884,completed,checkpoints_v2/mnist_iid/seed3/federaser_alpha0.25.pt,47bef1563daeb33ca822fa916da1f423b564c4849d1fd1aaab5162744b500c94,mnist_iid/seed3/federaser_alpha0.25,0,544522
mnist_iid,mnist,simplecnn,iid,20,4,0.5,20,2,64,sgd,0.01,configs/final/mnist_iid.json,641bd94653462815794188a0424bd843116b9f0c1c2b2b9874beb943161c1897,0.25,3,full_retrain,0.9855,0.9892461197339246,0.9863,0.9863636363636363,71.4223837852478,completed,checkpoints/mnist_iid/seed3/full_retrain_alpha0.25.pt,27fd8cddc68504a180ca53a2555a6083bc313b9ea60b6c4ceabf72bad977492a,mnist_iid/seed3/full_retrain_alpha0.25,0,544522
mnist_iid,mnist,simplecnn,iid,20,4,0.5,20,2,64,sgd,0.01,configs/final/mnist_iid.json,641bd94653462815794188a0424bd843116b9f0c1c2b2b9874beb943161c1897,0.25,3,grad_negation,0.9865,0.9701773835920178,0.9863,0.9863636363636363,21.28979206085205,completed,checkpoints/mnist_iid/seed3/grad_negation_alpha0.25.pt,0b8ce3c7a601f090e278555633f989104ddb0a0c7d4abb56f60b2ca069ead08c,mnist_iid/seed3/grad_negation_alpha0.25,0,544522
mnist_iid,mnist,simplecnn,iid,20,4,0.5,20,2,64,sgd,0.01,configs/final/mnist_iid.json,641bd94653462815794188a0424bd843116b9f0c1c2b2b9874beb943161c1897,0.25,3,short_retrain,0.9875,0.9953436807095344,0.9863,0.9863636363636363,17.4669771194458,completed,checkpoints/mnist_iid/seed3/short_retrain_alpha0.25.pt,7104261097468e8ae317eaa6ff60c47b2e7dc21668e4b5f13fa1125acf180e8a,mnist_iid/seed3/short_retrain_alpha0.25,0,544522
mnist_iid,mnist,simplecnn,iid,20,4,0.5,20,2,64,sgd,0.01,configs/final/mnist_iid.json,641bd94653462815794188a0424bd843116b9f0c1c2b2b9874beb943161c1897,0.5,3,cf_sameinit,0.9871,0.9686252771618625,0.9871,0.9686252771618625,119.9371497631073,completed,checkpoints_v2/mnist_iid/seed3/cf_sameinit_alpha0.50.pt,0aa5a2c3dcca133cf344cdd67958ab4c7ef88623c50993f26e6e47198f9c1467,mnist_iid/seed3/cf_sameinit_alpha0.50,0 1,544522
mnist_iid,mnist,simplecnn,iid,20,4,0.5,20,2,64,sgd,0.01,configs/final/mnist_iid.json,641bd94653462815794188a0424bd843116b9f0c1c2b2b9874beb943161c1897,0.5,3,federaser,0.9714,0.2073170731707317,0.9871,0.9686252771618625,28.65711498260498,completed,checkpoints_v2/mnist_iid/seed3/federaser_alpha0.50.pt,8a2f61f29366cf7caab4fc9523f21260ebec20db6b5462b1cb778f7dedfbfcf5,mnist_iid/seed3/federaser_alpha0.50,0 1,544522
mnist_iid,mnist,simplecnn,iid,20,4,0.5,20,2,64,sgd,0.01,configs/final/mnist_iid.json,641bd94653462815794188a0424bd843116b9f0c1c2b2b9874beb943161c1897,0.5,3,full_retrain,0.9865,0.9717294900221729,0.9871,0.9686252771618625,66.35163807868958,completed,checkpoints/mnist_iid/seed3/full_retrain_alpha0.50.pt,5a2b80b5c768c92b5b4459d34d519cfd03e44e75c9b1abf6dc97e2c1ba2dc1b0,mnist_iid/seed3/full_retrain_alpha0.50,0 1,544522
mnist_iid,mnist,simplecnn,iid,20,4,0.5,20,2,64,sgd,0.01,configs/final/mnist_iid.json,641bd94653462815794188a0424bd843116b9f0c1c2b2b9874beb943161c1897,0.5,3,grad_negation,0.987,0.9480044345898004,0.9871,0.9686252771618625,21.660948038101196,completed,checkpoints/mnist_iid/seed3/grad_negation_alpha0.50.pt,e4d684e52a9e29f1471c2f966db3cdfdadfd53bf23dfcfa877251eceb7c40208,mnist_iid/seed3/grad_negation_alpha0.50,0 1,544522
mnist_iid,mnist,simplecnn,iid,20,4,0.5,20,2,64,sgd,0.01,configs/final/mnist_iid.json,641bd94653462815794188a0424bd843116b9f0c1c2b2b9874beb943161c1897,0.5,3,short_retrain,0.988,0.992350332594235,0.9871,0.9686252771618625,16.781009912490845,completed,checkpoints/mnist_iid/seed3/short_retrain_alpha0.50.pt,ec013aedabde5c490a9ba02855ab76baa1fe096b5d88ea461fafbac2f6885e70,mnist_iid/seed3/short_retrain_alpha0.50,0 1,544522
mnist_iid,mnist,simplecnn,iid,20,4,0.5,20,2,64,sgd,0.01,configs/final/mnist_iid.json,641bd94653462815794188a0424bd843116b9f0c1c2b2b9874beb943161c1897,0.75,3,cf_sameinit,0.9869,0.8464523281596452,0.9869,0.8464523281596452,121.06213879585266,completed,checkpoints_v2/mnist_iid/seed3/cf_sameinit_alpha0.75.pt,e6ba1497d407b8621d520a9786654b625af62ed6d83f1654671bd4f36dfd6205,mnist_iid/seed3/cf_sameinit_alpha0.75,0 1 2,544522
mnist_iid,mnist,simplecnn,iid,20,4,0.5,20,2,64,sgd,0.01,configs/final/mnist_iid.json,641bd94653462815794188a0424bd843116b9f0c1c2b2b9874beb943161c1897,0.75,3,federaser,0.9703,0.02727272727272727,0.9869,0.8464523281596452,27.021358728408813,completed,checkpoints_v2/mnist_iid/seed3/federaser_alpha0.75.pt,e6bde18f3625a7459314b5ac29c4f9f5389cc229ed8f643fb8f63f6026aa326a,mnist_iid/seed3/federaser_alpha0.75,0 1 2,544522
mnist_iid,mnist,simplecnn,iid,20,4,0.5,20,2,64,sgd,0.01,configs/final/mnist_iid.json,641bd94653462815794188a0424bd843116b9f0c1c2b2b9874beb943161c1897,0.75,3,full_retrain,0.9857,0.8385809312638581,0.9869,0.8464523281596452,65.36629486083984,completed,checkpoints/mnist_iid/seed3/full_retrain_alpha0.75.pt,16fb83076fe0d6d79141bed79720ae0982c56d1c65746dc4db7d433160c31d27,mnist_iid/seed3/full_retrain_alpha0.75,0 1 2,544522
mnist_iid,mnist,simplecnn,iid,20,4,0.5,20,2,64,sgd,0.01,configs/final/mnist_iid.json,641bd94653462815794188a0424bd843116b9f0c1c2b2b9874beb943161c1897,0.75,3,grad_negation,0.9866,0.792350332594235,0.9869,0.8464523281596452,22.99992299079895,completed,checkpoints/mnist_iid/seed3/grad_negation_alpha0.75.pt,30008e531fed7bcbeb4c4879790853a2d19594c8c2cfa0cd378e30f7b0f83c38,mnist_iid/seed3/grad_negation_alpha0.75,0 1 2,544522
mnist_iid,mnist,simplecnn,iid,20,4,0.5,20,2,64,sgd,0.01,configs/final/mnist_iid.json,641bd94653462815794188a0424bd843116b9f0c1c2b2b9874beb943161c1897,0.75,3,short_retrain,0.9872,0.9882483370288249,0.9869,0.8464523281596452,16.73662781715393,completed,checkpoints/mnist_iid/seed3/short_retrain_alpha0.75.pt,eb2c1662a2d1e61a40ca82da6377bf7274416ec4dfb42f0173471c1690bbc2df,mnist_iid/seed3/short_retrain_alpha0.75,0 1 2,544522
mnist_iid,mnist,simplecnn,iid,20,4,0.5,20,2,64,sgd,0.01,configs/final/mnist_iid.json,641bd94653462815794188a0424bd843116b9f0c1c2b2b9874beb943161c1897,1.0,3,cf_sameinit,0.9869,0.0017738359201773836,0.9869,0.0017738359201773836,119.74764204025269,completed,checkpoints_v2/mnist_iid/seed3/cf_sameinit_alpha1.00.pt,a873724523719851e9d7f26392c85ab3c13821bdfb5eba5d02bbce1a5163ee6c,mnist_iid/seed3/cf_sameinit_alpha1.00,0 1 2 3,544522
mnist_iid,mnist,simplecnn,iid,20,4,0.5,20,2,64,sgd,0.01,configs/final/mnist_iid.json,641bd94653462815794188a0424bd843116b9f0c1c2b2b9874beb943161c1897,1.0,3,federaser,0.9723,0.0031042128603104213,0.9869,0.0017738359201773836,30.827351093292236,completed,checkpoints_v2/mnist_iid/seed3/federaser_alpha1.00.pt,b4dd596b95f1e2763b7bd520e3dd64df20c3c481f5048513d319abdeac60028a,mnist_iid/seed3/federaser_alpha1.00,0 1 2 3,544522
mnist_iid,mnist,simplecnn,iid,20,4,0.5,20,2,64,sgd,0.01,configs/final/mnist_iid.json,641bd94653462815794188a0424bd843116b9f0c1c2b2b9874beb943161c1897,1.0,3,full_retrain,0.9866,0.0009977827050997783,0.9869,0.0017738359201773836,61.79095005989075,completed,checkpoints/mnist_iid/seed3/full_retrain_alpha1.00.pt,321cd13e8aaf6f6eccbd008d006f866dc000ad0b233f96d4b19d3d8f0ed2ef54,mnist_iid/seed3/full_retrain_alpha1.00,0 1 2 3,544522
mnist_iid,mnist,simplecnn,iid,20,4,0.5,20,2,64,sgd,0.01,configs/final/mnist_iid.json,641bd94653462815794188a0424bd843116b9f0c1c2b2b9874beb943161c1897,1.0,3,grad_negation,0.9865,0.47350332594235034,0.9869,0.0017738359201773836,23.719640970230103,completed,checkpoints/mnist_iid/seed3/grad_negation_alpha1.00.pt,6e268ed8f0211925ac50f9f3880e7e450fc0aa753e232c4fd7e8dc04a7f02f6d,mnist_iid/seed3/grad_negation_alpha1.00,0 1 2 3,544522
mnist_iid,mnist,simplecnn,iid,20,4,0.5,20,2,64,sgd,0.01,configs/final/mnist_iid.json,641bd94653462815794188a0424bd843116b9f0c1c2b2b9874beb943161c1897,1.0,3,short_retrain,0.9874,0.9677383592017739,0.9869,0.0017738359201773836,15.936830997467041,completed,checkpoints/mnist_iid/seed3/short_retrain_alpha1.00.pt,20fd5bc86022cb494d900b4f5598972b589ddbbb28d1c39785e8f765657cc79e,mnist_iid/seed3/short_retrain_alpha1.00,0 1 2 3,544522
mnist_iid,mnist,simplecnn,iid,20,4,0.5,20,2,64,sgd,0.01,configs/final/mnist_iid.json,95c5fc9a74d6455c039752389d9548b8b33cd019f76d9ec225ede4f83d00b472,0.0,4,before,0.9851,0.9953436807095344,,,76.30757999420166,completed,checkpoints/mnist_iid/seed4/compromised.pt,95c5fc9a74d6455c039752389d9548b8b33cd019f76d9ec225ede4f83d00b472,mnist_iid/seed4/compromised,,544522
mnist_iid,mnist,simplecnn,iid,20,4,0.5,20,2,64,sgd,0.01,configs/final/mnist_iid.json,95c5fc9a74d6455c039752389d9548b8b33cd019f76d9ec225ede4f83d00b472,0.25,4,cf_sameinit,0.9845,0.9941241685144124,0.9845,0.9941241685144124,141.52938413619995,completed,checkpoints_v2/mnist_iid/seed4/cf_sameinit_alpha0.25.pt,7534fe413a91cc637b7d4fafe7e0a00b8239f70d57189dec82b5050e116bdb8b,mnist_iid/seed4/cf_sameinit_alpha0.25,0,544522
mnist_iid,mnist,simplecnn,iid,20,4,0.5,20,2,64,sgd,0.01,configs/final/mnist_iid.json,95c5fc9a74d6455c039752389d9548b8b33cd019f76d9ec225ede4f83d00b472,0.25,4,federaser,0.9677,0.5905764966740576,0.9845,0.9941241685144124,35.68673801422119,completed,checkpoints_v2/mnist_iid/seed4/federaser_alpha0.25.pt,b7bdec22cc7956a83c150a244b08b47443ba1ba05a2cb6edb5c57be72a558f93,mnist_iid/seed4/federaser_alpha0.25,0,544522
mnist_iid,mnist,simplecnn,iid,20,4,0.5,20,2,64,sgd,0.01,configs/final/mnist_iid.json,95c5fc9a74d6455c039752389d9548b8b33cd019f76d9ec225ede4f83d00b472,0.25,4,full_retrain,0.9859,0.9945676274944567,0.9845,0.9941241685144124,72.5873429775238,completed,checkpoints/mnist_iid/seed4/full_retrain_alpha0.25.pt,8ea9122e327e34457b1ab461d726945151fa688a861ddbba3f4f319f92d40e38,mnist_iid/seed4/full_retrain_alpha0.25,0,544522
mnist_iid,mnist,simplecnn,iid,20,4,0.5,20,2,64,sgd,0.01,configs/final/mnist_iid.json,95c5fc9a74d6455c039752389d9548b8b33cd019f76d9ec225ede4f83d00b472,0.25,4,grad_negation,0.9858,0.9851441241685144,0.9845,0.9941241685144124,20.139966011047363,completed,checkpoints/mnist_iid/seed4/grad_negation_alpha0.25.pt,f89e11b119d2616d9fa3726700103ad9cec893f833417c39383dca49dd6fb037,mnist_iid/seed4/grad_negation_alpha0.25,0,544522
mnist_iid,mnist,simplecnn,iid,20,4,0.5,20,2,64,sgd,0.01,configs/final/mnist_iid.json,95c5fc9a74d6455c039752389d9548b8b33cd019f76d9ec225ede4f83d00b472,0.25,4,short_retrain,0.9861,0.9977827050997783,0.9845,0.9941241685144124,18.335779190063477,completed,checkpoints/mnist_iid/seed4/short_retrain_alpha0.25.pt,74abf7d7210e816fd0a6c1b01b307c5834036ee10b2b68f08ac794d1e2dabde7,mnist_iid/seed4/short_retrain_alpha0.25,0,544522
mnist_iid,mnist,simplecnn,iid,20,4,0.5,20,2,64,sgd,0.01,configs/final/mnist_iid.json,95c5fc9a74d6455c039752389d9548b8b33cd019f76d9ec225ede4f83d00b472,0.5,4,cf_sameinit,0.9849,0.9798226164079823,0.9849,0.9798226164079823,126.84329080581665,completed,checkpoints_v2/mnist_iid/seed4/cf_sameinit_alpha0.50.pt,c6ca830df23e6cd9ab3d97b234295111bf5471a64dd3688cd0036223834f2ca7,mnist_iid/seed4/cf_sameinit_alpha0.50,0 1,544522
mnist_iid,mnist,simplecnn,iid,20,4,0.5,20,2,64,sgd,0.01,configs/final/mnist_iid.json,95c5fc9a74d6455c039752389d9548b8b33cd019f76d9ec225ede4f83d00b472,0.5,4,federaser,0.9686,0.13381374722838138,0.9849,0.9798226164079823,28.697237014770508,completed,checkpoints_v2/mnist_iid/seed4/federaser_alpha0.50.pt,20273298a5223fc3a6730f5efd9e8bfbb2e9cc022c802689e0e51e718588b71f,mnist_iid/seed4/federaser_alpha0.50,0 1,544522
mnist_iid,mnist,simplecnn,iid,20,4,0.5,20,2,64,sgd,0.01,configs/final/mnist_iid.json,95c5fc9a74d6455c039752389d9548b8b33cd019f76d9ec225ede4f83d00b472,0.5,4,full_retrain,0.9857,0.9866962305986696,0.9849,0.9798226164079823,68.22223687171936,completed,checkpoints/mnist_iid/seed4/full_retrain_alpha0.50.pt,157204dff87995e7d54dacfb5c3b45aa8f9444cede8609d76d6c8716cb14fb54,mnist_iid/seed4/full_retrain_alpha0.50,0 1,544522
mnist_iid,mnist,simplecnn,iid,20,4,0.5,20,2,64,sgd,0.01,configs/final/mnist_iid.json,95c5fc9a74d6455c039752389d9548b8b33cd019f76d9ec225ede4f83d00b472,0.5,4,grad_negation,0.9852,0.9518847006651885,0.9849,0.9798226164079823,22.97541618347168,completed,checkpoints/mnist_iid/seed4/grad_negation_alpha0.50.pt,be126c0d1ed2404b6608ffef2b6621713b42d47205da4dd7f101f1f2b6e802c8,mnist_iid/seed4/grad_negation_alpha0.50,0 1,544522
mnist_iid,mnist,simplecnn,iid,20,4,0.5,20,2,64,sgd,0.01,configs/final/mnist_iid.json,95c5fc9a74d6455c039752389d9548b8b33cd019f76d9ec225ede4f83d00b472,0.5,4,short_retrain,0.9869,0.9941241685144124,0.9849,0.9798226164079823,16.9483380317688,completed,checkpoints/mnist_iid/seed4/short_retrain_alpha0.50.pt,e9859cfd6b3a20dbcf63be124486f0d839483178b8c7a0864a3fe953ebb0c0b9,mnist_iid/seed4/short_retrain_alpha0.50,0 1,544522
mnist_iid,mnist,simplecnn,iid,20,4,0.5,20,2,64,sgd,0.01,configs/final/mnist_iid.json,95c5fc9a74d6455c039752389d9548b8b33cd019f76d9ec225ede4f83d00b472,0.75,4,cf_sameinit,0.9856,0.8475609756097561,0.9856,0.8475609756097561,90.75235199928284,completed,checkpoints_v2/mnist_iid/seed4/cf_sameinit_alpha0.75.pt,9a08142350152dec9a6b0acb1430ef57a38b7f1bb41e26afec1b1b7bbc888829,mnist_iid/seed4/cf_sameinit_alpha0.75,0 1 2,544522
mnist_iid,mnist,simplecnn,iid,20,4,0.5,20,2,64,sgd,0.01,configs/final/mnist_iid.json,95c5fc9a74d6455c039752389d9548b8b33cd019f76d9ec225ede4f83d00b472,0.75,4,federaser,0.965,0.015188470066518847,0.9856,0.8475609756097561,24.52064299583435,completed,checkpoints_v2/mnist_iid/seed4/federaser_alpha0.75.pt,1dc44396069aa6d142e55bdc31e0ef2c8aac68e6585355cf825698de72d4b695,mnist_iid/seed4/federaser_alpha0.75,0 1 2,544522
mnist_iid,mnist,simplecnn,iid,20,4,0.5,20,2,64,sgd,0.01,configs/final/mnist_iid.json,95c5fc9a74d6455c039752389d9548b8b33cd019f76d9ec225ede4f83d00b472,0.75,4,full_retrain,0.9855,0.8539911308203991,0.9856,0.8475609756097561,63.392394065856934,completed,checkpoints/mnist_iid/seed4/full_retrain_alpha0.75.pt,99445d5fdf8bf5400538a518e0a1409a40ea89217f18cec8b3623a7d3034f364,mnist_iid/seed4/full_retrain_alpha0.75,0 1 2,544522
mnist_iid,mnist,simplecnn,iid,20,4,0.5,20,2,64,sgd,0.01,configs/final/mnist_iid.json,95c5fc9a74d6455c039752389d9548b8b33cd019f76d9ec225ede4f83d00b472,0.75,4,grad_negation,0.9859,0.8502217294900222,0.9856,0.8475609756097561,23.698199033737183,completed,checkpoints/mnist_iid/seed4/grad_negation_alpha0.75.pt,8818d35c892ec659d4e10164cf5e6b82bf3d535e6ce531ab0c622ee1785b44cc,mnist_iid/seed4/grad_negation_alpha0.75,0 1 2,544522
mnist_iid,mnist,simplecnn,iid,20,4,0.5,20,2,64,sgd,0.01,configs/final/mnist_iid.json,95c5fc9a74d6455c039752389d9548b8b33cd019f76d9ec225ede4f83d00b472,0.75,4,short_retrain,0.9868,0.9907982261640799,0.9856,0.8475609756097561,16.553093194961548,completed,checkpoints/mnist_iid/seed4/short_retrain_alpha0.75.pt,2fff892218b75e9e1f97d05e90528c51e4ded38a89d3cdf125387f2b7ec927c3,mnist_iid/seed4/short_retrain_alpha0.75,0 1 2,544522
mnist_iid,mnist,simplecnn,iid,20,4,0.5,20,2,64,sgd,0.01,configs/final/mnist_iid.json,95c5fc9a74d6455c039752389d9548b8b33cd019f76d9ec225ede4f83d00b472,1.0,4,cf_sameinit,0.9852,0.0014412416851441242,0.9852,0.0014412416851441242,88.84176182746887,completed,checkpoints_v2/mnist_iid/seed4/cf_sameinit_alpha1.00.pt,f9554a8b5a6cd112177b462a50f3f6f905b978cdd5d51cb2704ea7e8c78213f1,mnist_iid/seed4/cf_sameinit_alpha1.00,0 1 2 3,544522
mnist_iid,mnist,simplecnn,iid,20,4,0.5,20,2,64,sgd,0.01,configs/final/mnist_iid.json,95c5fc9a74d6455c039752389d9548b8b33cd019f76d9ec225ede4f83d00b472,1.0,4,federaser,0.9711,0.002993348115299335,0.9852,0.0014412416851441242,21.021992921829224,completed,checkpoints_v2/mnist_iid/seed4/federaser_alpha1.00.pt,4555a4c186999d578b0a7456ac7190aec0b0cd79af8bed113eab62fdc598c0fd,mnist_iid/seed4/federaser_alpha1.00,0 1 2 3,544522
mnist_iid,mnist,simplecnn,iid,20,4,0.5,20,2,64,sgd,0.01,configs/final/mnist_iid.json,95c5fc9a74d6455c039752389d9548b8b33cd019f76d9ec225ede4f83d00b472,1.0,4,full_retrain,0.9853,0.0022172949002217295,0.9852,0.0014412416851441242,60.665101766586304,completed,checkpoints/mnist_iid/seed4/full_retrain_alpha1.00.pt,0dde665101766d47f41eac28af66aafcb66d571491608d7968c846056ad1ebe0,mnist_iid/seed4/full_retrain_alpha1.00,0 1 2 3,544522
mnist_iid,mnist,simplecnn,iid,20,4,0.5,20,2,64,sgd,0.01,configs/final/mnist_iid.json,95c5fc9a74d6455c039752389d9548b8b33cd019f76d9ec225ede4f83d00b472,1.0,4,grad_negation,0.9857,0.6008869179600886,0.9852,0.0014412416851441242,27.59140110015869,completed,checkpoints/mnist_iid/seed4/grad_negation_alpha1.00.pt,d4a0d15c8dcfa2f52defa1ce097ab21ee258e822d41884b9bdeaa0aba4dd7784,mnist_iid/seed4/grad_negation_alpha1.00,0 1 2 3,544522
mnist_iid,mnist,simplecnn,iid,20,4,0.5,20,2,64,sgd,0.01,configs/final/mnist_iid.json,95c5fc9a74d6455c039752389d9548b8b33cd019f76d9ec225ede4f83d00b472,1.0,4,short_retrain,0.9872,0.9751662971175167,0.9852,0.0014412416851441242,15.863776922225952,completed,checkpoints/mnist_iid/seed4/short_retrain_alpha1.00.pt,1f4b2f12486f057652011afa281fe5e1931f98a4b3b2d73cb2679a6ce09d4553,mnist_iid/seed4/short_retrain_alpha1.00,0 1 2 3,544522
