exp_id,dataset,partition,seed,method,alpha,run_id,BA,ASR,ASR_before,asr_reduction,cf0_available,cf0_BA,cf0_ASR,history_rounds,history_every,global_u_norm,global_dm_norm,global_cos_u_negdm,global_rho,global_cos_u_dr,conv1_u_norm,conv1_dm_norm,conv1_cos_u_negdm,conv1_rho,conv1_cos_u_dr,conv2_u_norm,conv2_dm_norm,conv2_cos_u_negdm,conv2_rho,conv2_cos_u_dr,fc1_u_norm,fc1_dm_norm,fc1_cos_u_negdm,fc1_rho,fc1_cos_u_dr,fc2_u_norm,fc2_dm_norm,fc2_cos_u_negdm,fc2_rho,fc2_cos_u_dr,global_cos_u_d,global_d_norm,global_rel_dist_cf,conv1_cos_u_d,conv1_d_norm,conv1_rel_dist_cf,conv2_cos_u_d,conv2_d_norm,conv2_rel_dist_cf,fc1_cos_u_d,fc1_d_norm,fc1_rel_dist_cf,fc2_cos_u_d,fc2_d_norm,fc2_rel_dist_cf
cifar10_iid,cifar10,iid,0,short_retrain,0.25,cifar10_iid/seed0/short_retrain_alpha0.25,0.6916,0.9125555555555556,0.9093333333333333,-0.0032222222222222374,False,0.6854,0.022444444444444444,20,2,1.8212289810180664,0.9090269804000854,-0.056173209100961685,-0.11253544688224792,0.6057453155517578,0.5004099607467651,0.16612116992473602,-0.6228824853897095,-1.876320242881775,0.944208562374115,0.6902651786804199,0.30258744955062866,-0.30111151933670044,-0.686897337436676,0.7915140986442566,1.5183436870574951,0.8048210144042969,0.04042458534240723,0.0762593075633049,0.4716013967990875,0.5335769653320312,0.24383461475372314,-0.21309594810009003,-0.4663124084472656,0.8029021620750427,,,,,,,,,,,,,,,
cifar10_iid,cifar10,iid,0,federaser,0.25,cifar10_iid/seed0/federaser_alpha0.25,0.4167,0.5773333333333334,0.9093333333333333,0.33199999999999996,False,0.6854,0.022444444444444444,20,2,10.052163124084473,0.9090269804000854,0.2089586853981018,2.3105506896972656,-0.8000118136405945,3.7914552688598633,0.16612116992473602,0.6739335656166077,15.38147258758545,-0.9596945643424988,4.4678473472595215,0.30258744955062866,0.3618273138999939,5.342545032501221,-0.8962398171424866,7.363993167877197,0.8048210144042969,0.11916946619749069,1.0903240442276,-0.682049572467804,3.533647298812866,0.24383461475372314,0.33597826957702637,4.868992805480957,-0.9103842973709106,,,,,,,,,,,,,,,
cifar10_iid,cifar10,iid,0,grad_negation,0.25,cifar10_iid/seed0/grad_negation_alpha0.25,0.6874,0.9114444444444444,0.9093333333333333,-0.0021111111111110636,False,0.6854,0.022444444444444444,20,2,2.3330302238464355,0.9090269804000854,-0.06075447052717209,-0.1559172421693802,0.4762374758720398,0.6187351942062378,0.16612116992473602,-0.5403189063072205,-2.012472152709961,0.8511433005332947,1.1032741069793701,0.30258744955062866,-0.2551257014274597,-0.9302209615707397,0.5202040672302246,1.8597753047943115,0.8048210144042969,0.023864930495619774,0.055143944919109344,0.38235148787498474,0.6200215220451355,0.24383461475372314,-0.15782856941223145,-0.4013258218765259,0.5816174745559692,,,,,,,,,,,,,,,
cifar10_iid,cifar10,iid,0,full_retrain,0.25,cifar10_iid/seed0/full_retrain_alpha0.25,0.6858,0.8812222222222222,0.9093333333333333,0.028111111111111087,False,0.6854,0.022444444444444444,20,2,24.371686935424805,0.9090269804000854,0.15648213028907776,4.195134162902832,-0.5976501107215881,11.205790519714355,0.16612116992473602,0.4685429334640503,31.60580062866211,-0.6667118668556213,11.927753448486328,0.30258744955062866,0.23824124038219452,9.391264915466309,-0.5839838981628418,15.533385276794434,0.8048210144042969,0.09665193408727646,1.865322232246399,-0.5472714900970459,9.212727546691895,0.24383461475372314,0.23434306681156158,8.85411262512207,-0.6745671629905701,,,,,,,,,,,,,,,
cifar10_iid,cifar10,iid,0,fine_pruning,0.25,cifar10_iid/seed0/fine_pruning_alpha0.25,0.6862,0.88,0.9093333333333333,0.029333333333333322,False,0.6854,0.022444444444444444,20,2,4.426515102386475,0.9090269804000854,0.011609049513936043,0.05652677267789841,0.1393350511789322,0.5131269097328186,0.16612116992473602,-0.6219021677970886,-1.9209753274917603,0.9458183646202087,4.061312675476074,0.30258744955062866,0.08977498859167099,1.2049534320831299,-0.1329023689031601,1.5943914651870728,0.8048210144042969,0.01740811951458454,0.03448450565338135,0.464225709438324,0.5447174310684204,0.24383461475372314,-0.24799031019210815,-0.5540012121200562,0.8213456273078918,,,,,,,,,,,,,,,
cifar10_iid,cifar10,iid,0,short_retrain,0.5,cifar10_iid/seed0/short_retrain_alpha0.50,0.693,0.8978888888888888,0.9093333333333333,0.01144444444444448,False,0.6854,0.022444444444444444,20,2,1.8864970207214355,1.4505395889282227,-0.06237013265490532,-0.08110915124416351,0.6052477955818176,0.5108476281166077,0.3346475660800934,-0.6296743750572205,-0.9612129926681519,0.9422299861907959,0.707362711429596,0.5560085773468018,-0.30167344212532043,-0.3837932050228119,0.7873867750167847,1.5804884433746338,1.2222604751586914,0.058886777609586716,0.07614050805568695,0.47672152519226074,0.5474202632904053,0.43482089042663574,-0.24423104524612427,-0.3074759840965271,0.8065096139907837,,,,,,,,,,,,,,,
cifar10_iid,cifar10,iid,0,federaser,0.5,cifar10_iid/seed0/federaser_alpha0.50,0.429,0.09266666666666666,0.9093333333333333,0.8166666666666667,False,0.6854,0.022444444444444444,20,2,10.199034690856934,1.4505395889282227,0.3034176826477051,2.1332266330718994,-0.7798842191696167,3.808303117752075,0.3346475660800934,0.7023449540138245,7.992712020874023,-0.9481754302978516,4.546343803405762,0.5560085773468018,0.4337380826473236,3.5465643405914307,-0.880003809928894,7.469079494476318,1.2222604751586914,0.19826632738113403,1.2114980220794678,-0.6581745743751526,3.6148312091827393,0.43482089042663574,0.43725907802581787,3.6350996494293213,-0.8916723728179932,,,,,,,,,,,,,,,
cifar10_iid,cifar10,iid,0,grad_negation,0.5,cifar10_iid/seed0/grad_negation_alpha0.50,0.6873,0.886,0.9093333333333333,0.023333333333333317,False,0.6854,0.022444444444444444,20,2,2.6794347763061523,1.4505395889282227,-0.06418423354625702,-0.11855192482471466,0.4251379370689392,0.6921299695968628,0.3346475660800934,-0.4940851032733917,-1.0218840837478638,0.7912800908088684,1.3333240747451782,0.5560085773468018,-0.2157437801361084,-0.5173590183258057,0.4368433356285095,2.112532377243042,1.2222604751586914,0.026048732921481133,0.045019086450338364,0.34582453966140747,0.6782850623130798,0.43482089042663574,-0.14355964958667755,-0.22394125163555145,0.5410481691360474,,,,,,,,,,,,,,,
cifar10_iid,cifar10,iid,0,full_retrain,0.5,cifar10_iid/seed0/full_retrain_alpha0.50,0.6849,0.8127777777777778,0.9093333333333333,0.0965555555555555,False,0.6854,0.022444444444444444,20,2,24.472692489624023,1.4505395889282227,0.20356963574886322,3.43424916267395,-0.5864834189414978,11.227372169494629,0.3346475660800934,0.4777625501155853,16.028854370117188,-0.6606878042221069,11.956153869628906,0.5560085773468018,0.26215729117393494,5.637304782867432,-0.5771249532699585,15.626954078674316,1.2222604751586914,0.13285702466964722,1.6984997987747192,-0.5320121049880981,9.258881568908691,0.43482089042663574,0.28590402007102966,6.087910175323486,-0.6670307517051697,,,,,,,,,,,,,,,
cifar10_iid,cifar10,iid,0,fine_pruning,0.5,cifar10_iid/seed0/fine_pruning_alpha0.50,0.6874,0.8536666666666667,0.9093333333333333,0.05566666666666664,False,0.6854,0.022444444444444444,20,2,4.713339328765869,1.4505395889282227,0.022479135543107986,0.07303741574287415,0.12368039786815643,0.5302695035934448,0.3346475660800934,-0.6338380575180054,-1.0043548345565796,0.9434022903442383,4.339102268218994,0.5560085773468018,0.11544039100408554,0.9008982181549072,-0.15912456810474396,1.6704577207565308,1.2222604751586914,0.02788105607032776,0.03810231760144234,0.4634973108768463,0.564130961894989,0.43482089042663574,-0.28239649534225464,-0.36637741327285767,0.8122934699058533,,,,,,,,,,,,,,,
cifar10_iid,cifar10,iid,0,short_retrain,0.75,cifar10_iid/seed0/short_retrain_alpha0.75,0.691,0.8808888888888889,0.9093333333333333,0.028444444444444383,False,0.6854,0.022444444444444444,20,2,1.9670617580413818,1.9523067474365234,-0.06442725658416748,-0.0649089440703392,0.6054900884628296,0.5268634557723999,0.48429417610168457,-0.6632475256919861,-0.7215466499328613,0.9375954866409302,0.7344120144844055,0.8009727597236633,-0.32583385705947876,-0.2987569570541382,0.7741889357566833,1.6531994342803955,1.601833462715149,0.07372438907623291,0.07608397305011749,0.486143559217453,0.5651503801345825,0.6080194711685181,-0.23791155219078064,-0.2211374044418335,0.8025597929954529,,,,,,,,,,,,,,,
cifar10_iid,cifar10,iid,0,federaser,0.75,cifar10_iid/seed0/federaser_alpha0.75,0.4626,0.0768888888888889,0.9093333333333333,0.8324444444444444,False,0.6854,0.022444444444444444,20,2,10.362910270690918,1.9523067474365234,0.3680507242679596,1.9534677267074585,-0.743414044380188,3.790663957595825,0.48429417610168457,0.7400026917457581,5.792142868041992,-0.9361738562583923,4.60213041305542,0.8009727597236633,0.49453818798065186,2.8414549827575684,-0.8448933959007263,7.653641223907471,1.601833462715149,0.2630012631416321,1.2565585374832153,-0.6150092482566833,3.6425247192382812,0.6080194711685181,0.46978136897087097,2.814368486404419,-0.8688773512840271,,,,,,,,,,,,,,,
cifar10_iid,cifar10,iid,0,grad_negation,0.75,cifar10_iid/seed0/grad_negation_alpha0.75,0.6801,0.8364444444444444,0.9093333333333333,0.07288888888888889,False,0.6854,0.022444444444444444,20,2,3.1604979038238525,1.9523067474365234,-0.05780712515115738,-0.0935736894607544,0.365867555141449,0.8666163682937622,0.48429417610168457,-0.4055396616458893,-0.7256895899772644,0.678892970085144,1.6674996614456177,0.8009727597236633,-0.18802353739738464,-0.39143532514572144,0.34825289249420166,2.4235565662384033,1.601833462715149,0.02923382632434368,0.04422782361507416,0.30408552289009094,0.7642266750335693,0.6080194711685181,-0.10511338710784912,-0.13211826980113983,0.470836877822876,,,,,,,,,,,,,,,
cifar10_iid,cifar10,iid,0,full_retrain,0.75,cifar10_iid/seed0/full_retrain_alpha0.75,0.6897,0.589,0.9093333333333333,0.32033333333333336,False,0.6854,0.022444444444444444,20,2,24.56307601928711,1.9523067474365234,0.22380611300468445,2.8156039714813232,-0.5724215507507324,11.256678581237793,0.48429417610168457,0.4809892177581787,11.179858207702637,-0.6566404104232788,11.963726043701172,0.8009727597236633,0.27202603220939636,4.063113689422607,-0.5673611760139465,15.72115421295166,1.601833462715149,0.1499411165714264,1.4715056419372559,-0.512891948223114,9.293435096740723,0.6080194711685181,0.30576860904693604,4.673603057861328,-0.6545774340629578,,,,,,,,,,,,,,,
cifar10_iid,cifar10,iid,0,fine_pruning,0.75,cifar10_iid/seed0/fine_pruning_alpha0.75,0.6841,0.7966666666666666,0.9093333333333333,0.11266666666666669,False,0.6854,0.022444444444444444,20,2,4.744448184967041,1.9523067474365234,0.0316363088786602,0.07687556743621826,0.13457362353801727,0.5447574853897095,0.48429417610168457,-0.6463733315467834,-0.7270718216896057,0.9339554905891418,4.34228515625,0.8009727597236633,0.12635421752929688,0.6849992275238037,-0.1487426608800888,1.737955927848816,1.601833462715149,0.0440172478556633,0.04775495082139969,0.4620975852012634,0.5822972655296326,0.6080194711685181,-0.27805203199386597,-0.2662891447544098,0.8129768371582031,,,,,,,,,,,,,,,
cifar10_iid,cifar10,iid,0,short_retrain,1.0,cifar10_iid/seed0/short_retrain_alpha1.00,0.6926,0.842,0.9093333333333333,0.06733333333333336,True,0.6854,0.022444444444444444,20,2,2.0451087951660156,2.442732334136963,-0.04661906138062477,-0.03902744501829147,0.6054565906524658,0.5434181690216064,0.6436229348182678,-0.6323800683021545,-0.5339257121086121,0.9292564392089844,0.7536566853523254,1.0500116348266602,-0.28313374519348145,-0.20322202146053314,0.7768293023109436,1.7256985902786255,1.9542163610458374,0.0942133292555809,0.08319119364023209,0.4909024238586426,0.584124743938446,0.7946255207061768,-0.22703401744365692,-0.16689138114452362,0.799427330493927,-0.04922262951731682,7.650215148925781,1.0477535724639893,0.09841014444828033,1.490855097770691,1.030106544494629,-0.06951145827770233,3.1245391368865967,1.0448507070541382,-0.06130923330783844,6.476042747497559,1.0505622625350952,-0.0007822639308869839,2.145451068878174,1.0366061925888062
cifar10_iid,cifar10,iid,0,federaser,1.0,cifar10_iid/seed0/federaser_alpha1.00,0.4229,0.035777777777777776,0.9093333333333333,0.8735555555555555,True,0.6854,0.022444444444444444,20,2,10.73742389678955,2.442732334136963,0.40701115131378174,1.7889434099197388,-0.7057008743286133,3.8584134578704834,0.6436229348182678,0.7443850040435791,4.462465763092041,-0.909888505935669,4.800915718078613,1.0500116348266602,0.5141854882240295,2.350983142852783,-0.8173666000366211,7.9732666015625,1.9542163610458374,0.30768635869026184,1.2552915811538696,-0.5714506506919861,3.713352680206299,0.7946255207061768,0.48820066452026367,2.281402587890625,-0.842807948589325,0.30304446816444397,7.650215148925781,1.4557883739471436,0.06457415223121643,1.490855097770691,2.7136282920837402,0.31087571382522583,3.1245391368865967,1.5509872436523438,0.3587923049926758,6.476042747497559,1.2776472568511963,0.1672006994485855,2.145451068878174,1.8484843969345093
cifar10_iid,cifar10,iid,0,grad_negation,1.0,cifar10_iid/seed0/grad_negation_alpha1.00,0.6899,0.7164444444444444,0.9093333333333333,0.1928888888888889,True,0.6854,0.022444444444444444,20,2,2.3277859687805176,2.442732334136963,-0.036961279809474945,-0.03521926328539848,0.541976273059845,0.6239418387413025,0.6436229348182678,-0.586951494216919,-0.5690034031867981,0.9012140035629272,0.9460170865058899,1.0500116348266602,-0.24464493989944458,-0.22041481733322144,0.6539902687072754,1.9329445362091064,1.9542163610458374,0.0941052958369255,0.09307511150836945,0.4389389157295227,0.6310375928878784,0.7946255207061768,-0.17333626747131348,-0.13765184581279755,0.6689739227294922,-0.03479398041963577,7.650215148925781,1.0553505420684814,0.1254909336566925,1.490855097770691,1.0344630479812622,-0.054226964712142944,3.1245391368865967,1.060426950454712,-0.04577384144067764,6.476042747497559,1.0566039085388184,-0.0022668957244604826,2.145451068878174,1.04299795627594
cifar10_iid,cifar10,iid,0,full_retrain,1.0,cifar10_iid/seed0/full_retrain_alpha1.00,0.6891,0.023444444444444445,0.9093333333333333,0.8858888888888888,True,0.6854,0.022444444444444444,20,2,24.66401481628418,2.442732334136963,0.23897702991962433,2.4127378463745117,-0.5535327792167664,11.308614730834961,0.6436229348182678,0.4797576069831848,8.429461479187012,-0.6510933637619019,11.984188079833984,1.0500116348266602,0.27309033274650574,3.1168832778930664,-0.5525891184806824,15.825742721557617,1.9542163610458374,0.16486786305904388,1.3350580930709839,-0.4906505346298218,9.293808937072754,0.7946255207061768,0.3209954500198364,3.7543087005615234,-0.6307345628738403,0.10078058391809464,7.650215148925781,3.2778241634368896,-0.021623438224196434,1.490855097770691,7.672362804412842,0.08071090281009674,3.1245391368865967,3.884840250015259,0.14895032346248627,6.476042747497559,2.4987823963165283,0.05478958785533905,2.145451068878174,4.392083168029785
cifar10_iid,cifar10,iid,0,fine_pruning,1.0,cifar10_iid/seed0/fine_pruning_alpha1.00,0.6849,0.6874444444444444,0.9093333333333333,0.2218888888888889,True,0.6854,0.022444444444444444,20,2,4.777177333831787,2.442732334136963,0.04068347439169884,0.07955722510814667,0.14922811090946198,0.5554662346839905,0.6436229348182678,-0.6281670331954956,-0.5421273708343506,0.9334705471992493,4.346742630004883,1.0500116348266602,0.13269256055355072,0.549308180809021,-0.13541902601718903,1.8050955533981323,1.9542163610458374,0.058554522693157196,0.05408299341797829,0.47311675548553467,0.6018756628036499,0.7946255207061768,-0.23596331477165222,-0.17872637510299683,0.8063275218009949,0.006723124999552965,7.650215148925781,1.1753851175308228,0.09841658920049667,1.490855097770691,1.0322214365005493,0.06537008285522461,3.1245391368865967,1.6593531370162964,-0.059186067432165146,6.476042747497559,1.0538880825042725,-0.024583622813224792,2.145451068878174,1.0452238321304321
cifar10_iid,cifar10,iid,1,short_retrain,0.25,cifar10_iid/seed1/short_retrain_alpha0.25,0.6912,0.9101111111111111,0.9164444444444444,0.006333333333333302,False,0.6929,0.017777777777777778,20,2,1.8133865594863892,0.8918164968490601,-0.05442354828119278,-0.11065665632486343,0.5997156500816345,0.50775545835495,0.16084767878055573,-0.625292181968689,-1.9738892316818237,0.9224454760551453,0.6942533850669861,0.28178930282592773,-0.31044694781303406,-0.7648574709892273,0.7836467623710632,1.5018309354782104,0.787310779094696,0.046774689108133316,0.08922068774700165,0.46418800950050354,0.5414350032806396,0.26498425006866455,-0.2196865826845169,-0.4488794803619385,0.7910768389701843,,,,,,,,,,,,,,,
cifar10_iid,cifar10,iid,1,federaser,0.25,cifar10_iid/seed1/federaser_alpha0.25,0.3739,0.3838888888888889,0.9164444444444444,0.5325555555555554,False,0.6929,0.017777777777777778,20,2,10.12126350402832,0.8918164968490601,0.22427977621555328,2.5452189445495605,-0.7998101711273193,3.7093915939331055,0.16084767878055573,0.6475470066070557,14.933416366577148,-0.9454736113548279,4.479430198669434,0.28178930282592773,0.39225268363952637,6.235393047332764,-0.8951963186264038,7.461394309997559,0.787310779094696,0.13334877789020538,1.2636960744857788,-0.6899868249893188,3.5983872413635254,0.26498425006866455,0.377119779586792,5.121145725250244,-0.9140265583992004,,,,,,,,,,,,,,,
cifar10_iid,cifar10,iid,1,grad_negation,0.25,cifar10_iid/seed1/grad_negation_alpha0.25,0.6798,0.8948888888888888,0.9164444444444444,0.02155555555555555,False,0.6929,0.017777777777777778,20,2,3.008523464202881,0.8918164968490601,-0.04217357560992241,-0.14226369559764862,0.36844345927238464,1.3961347341537476,0.16084767878055573,-0.26774248480796814,-2.3239660263061523,0.3673757314682007,1.4870764017105103,0.28178930282592773,-0.1967204511165619,-1.038144826889038,0.38671740889549255,2.081623077392578,0.787310779094696,0.02999679185450077,0.07930681109428406,0.34094780683517456,0.7470664978027344,0.26498425006866455,-0.09979414194822311,-0.28134825825691223,0.4955362379550934,,,,,,,,,,,,,,,
cifar10_iid,cifar10,iid,1,full_retrain,0.25,cifar10_iid/seed1/full_retrain_alpha0.25,0.6867,0.8728888888888889,0.9164444444444444,0.04355555555555546,False,0.6929,0.017777777777777778,20,2,23.67038917541504,0.8918164968490601,0.1569240391254425,4.164809703826904,-0.5750563144683838,10.089669227600098,0.16084767878055573,0.4256840646266937,26.702350616455078,-0.5908922553062439,11.739339828491211,0.28178930282592773,0.24435177445411682,10.179683685302734,-0.5663256049156189,15.43618106842041,0.787310779094696,0.10257837921380997,2.0110795497894287,-0.5427752137184143,9.078496932983398,0.26498425006866455,0.23561327159404755,8.072232246398926,-0.6695442795753479,,,,,,,,,,,,,,,
cifar10_iid,cifar10,iid,1,fine_pruning,0.25,cifar10_iid/seed1/fine_pruning_alpha0.25,0.6858,0.8834444444444445,0.9164444444444444,0.03299999999999992,False,0.6929,0.017777777777777778,20,2,4.405369281768799,0.8918164968490601,0.013573377393186092,0.06704563647508621,0.1553005874156952,0.5261232852935791,0.16084767878055573,-0.6382642984390259,-2.0877246856689453,0.9283328056335449,4.04350471496582,0.28178930282592773,0.10896465182304382,1.5635749101638794,-0.09448587149381638,1.571263074874878,0.787310779094696,0.018728595227003098,0.037375558167696,0.46444883942604065,0.5601227879524231,0.26498425006866455,-0.2693932056427002,-0.5694423913955688,0.8020181655883789,,,,,,,,,,,,,,,
cifar10_iid,cifar10,iid,1,short_retrain,0.5,cifar10_iid/seed1/short_retrain_alpha0.50,0.69,0.8992222222222223,0.9164444444444444,0.01722222222222214,False,0.6929,0.017777777777777778,20,2,1.8903999328613281,1.4239740371704102,-0.05966292321681976,-0.079200379550457,0.5992307066917419,0.5215938091278076,0.32167038321495056,-0.6109446287155151,-0.9906566739082336,0.9248477816581726,0.7126702666282654,0.5197873115539551,-0.2990805506706238,-0.4100632071495056,0.7855094075202942,1.5729584693908691,1.1986498832702637,0.06255276501178741,0.08208222687244415,0.469214528799057,0.5652814507484436,0.4662090241909027,-0.2475854605436325,-0.3001989722251892,0.779729962348938,,,,,,,,,,,,,,,
cifar10_iid,cifar10,iid,1,federaser,0.5,cifar10_iid/seed1/federaser_alpha0.50,0.3324,0.18266666666666667,0.9164444444444444,0.7337777777777778,False,0.6929,0.017777777777777778,20,2,10.226807594299316,1.4239740371704102,0.299562931060791,2.1512811183929443,-0.7819620966911316,3.7081942558288574,0.32167038321495056,0.6762428283691406,7.795680522918701,-0.9382286667823792,4.532362937927246,0.5197873115539551,0.4403727650642395,3.839892864227295,-0.880294680595398,7.552670478820801,1.1986498832702637,0.1959896981716156,1.2348639965057373,-0.6698718070983887,3.641024112701416,0.4662090241909027,0.4383322298526764,3.4233102798461914,-0.8940094709396362,,,,,,,,,,,,,,,
cifar10_iid,cifar10,iid,1,grad_negation,0.5,cifar10_iid/seed1/grad_negation_alpha0.50,0.681,0.8927777777777778,0.9164444444444444,0.023666666666666614,False,0.6929,0.017777777777777778,20,2,2.4330954551696777,1.4239740371704102,-0.060077909380197525,-0.10264621675014496,0.4788340628147125,0.9043272137641907,0.32167038321495056,-0.38250046968460083,-1.0753415822982788,0.5893707871437073,1.217590093612671,0.5197873115539551,-0.22268250584602356,-0.5216283798217773,0.4753548502922058,1.7974430322647095,1.1986498832702637,0.042964134365320206,0.0644238293170929,0.41852059960365295,0.6238166093826294,0.4662090241909027,-0.1668182909488678,-0.22321324050426483,0.6719335317611694,,,,,,,,,,,,,,,
cifar10_iid,cifar10,iid,1,full_retrain,0.5,cifar10_iid/seed1/full_retrain_alpha0.50,0.6811,0.8033333333333333,0.9164444444444444,0.11311111111111105,False,0.6929,0.017777777777777778,20,2,23.782848358154297,1.4239740371704102,0.19863389432430267,3.3173112869262695,-0.5639008283615112,10.145652770996094,0.32167038321495056,0.43220677971839905,13.632027626037598,-0.5875198245048523,11.774816513061523,0.5197873115539551,0.26779478788375854,6.066389083862305,-0.5585508942604065,15.528338432312012,1.1986498832702637,0.13559862971305847,1.756570816040039,-0.527405858039856,9.106937408447266,0.4662090241909027,0.27168941497802734,5.307187080383301,-0.6589233875274658,,,,,,,,,,,,,,,
cifar10_iid,cifar10,iid,1,fine_pruning,0.5,cifar10_iid/seed1/fine_pruning_alpha0.50,0.6863,0.8506666666666667,0.9164444444444444,0.06577777777777771,False,0.6929,0.017777777777777778,20,2,4.521777153015137,1.4239740371704102,0.02243546023964882,0.07123823463916779,0.15542368590831757,0.5347548127174377,0.32167038321495056,-0.6338085532188416,-1.053662896156311,0.9250399470329285,4.143551349639893,0.5197873115539551,0.13116230070590973,1.0455762147903442,-0.09715491533279419,1.6335549354553223,1.1986498832702637,0.022393887862563133,0.030517475679516792,0.46422648429870605,0.5699487924575806,0.4662090241909027,-0.27419352531433105,-0.33520644903182983,0.8014007806777954,,,,,,,,,,,,,,,
cifar10_iid,cifar10,iid,1,short_retrain,0.75,cifar10_iid/seed1/short_retrain_alpha0.75,0.689,0.885,0.9164444444444444,0.031444444444444386,False,0.6929,0.017777777777777778,20,2,1.9701207876205444,1.9334022998809814,-0.059544045478105545,-0.06067043915390968,0.599120020866394,0.540985643863678,0.4756206274032593,-0.6176438927650452,-0.7025271058082581,0.9119231700897217,0.7446010708808899,0.7596787214279175,-0.28918591141700745,-0.28344592452049255,0.77564936876297,1.6440467834472656,1.5700701475143433,0.07383709400892258,0.07731209695339203,0.4779471457004547,0.5757351517677307,0.6853787302970886,-0.24048969149589539,-0.20201733708381653,0.776814877986908,,,,,,,,,,,,,,,
cifar10_iid,cifar10,iid,1,federaser,0.75,cifar10_iid/seed1/federaser_alpha0.75,0.398,0.13377777777777777,0.9164444444444444,0.7826666666666666,False,0.6929,0.017777777777777778,20,2,10.372713088989258,1.9334022998809814,0.3460197150707245,1.8562613725662231,-0.7519481182098389,3.739990234375,0.4756206274032593,0.7047643661499023,5.541835308074951,-0.9236190915107727,4.6005425453186035,0.7596787214279175,0.4731106758117676,2.86510968208313,-0.8572505712509155,7.673055648803711,1.5700701475143433,0.24088585376739502,1.1771676540374756,-0.6322789192199707,3.683793306350708,0.6853787302970886,0.44762080907821655,2.405885696411133,-0.8703891038894653,,,,,,,,,,,,,,,
cifar10_iid,cifar10,iid,1,grad_negation,0.75,cifar10_iid/seed1/grad_negation_alpha0.75,0.6803,0.8401111111111111,0.9164444444444444,0.07633333333333325,False,0.6929,0.017777777777777778,20,2,2.8651299476623535,1.9334022998809814,-0.04907728359103203,-0.07272282987833023,0.42252859473228455,1.2801545858383179,0.4756206274032593,-0.25458627939224243,-0.6852303743362427,0.43545347452163696,1.3772196769714355,0.7596787214279175,-0.21171709895133972,-0.38382089138031006,0.4320206940174103,2.0436649322509766,1.5700701475143433,0.054248686879873276,0.07060860097408295,0.3865210711956024,0.7052245140075684,0.6853787302970886,-0.14360608160495758,-0.14776435494422913,0.6043282151222229,,,,,,,,,,,,,,,
cifar10_iid,cifar10,iid,1,full_retrain,0.75,cifar10_iid/seed1/full_retrain_alpha0.75,0.686,0.6017777777777777,0.9164444444444444,0.31466666666666665,False,0.6929,0.017777777777777778,20,2,23.923263549804688,1.9334022998809814,0.22140923142433167,2.7394418716430664,-0.5497315526008606,10.223429679870605,0.4756206274032593,0.4501233398914337,9.675365447998047,-0.5811746120452881,11.82627010345459,0.7596787214279175,0.27631887793540955,4.301578044891357,-0.5464662909507751,15.608789443969727,1.5700701475143433,0.15442252159118652,1.5351066589355469,-0.5095416903495789,9.183124542236328,0.6853787302970886,0.28365176916122437,3.8005406856536865,-0.6463743448257446,,,,,,,,,,,,,,,
cifar10_iid,cifar10,iid,1,fine_pruning,0.75,cifar10_iid/seed1/fine_pruning_alpha0.75,0.687,0.8123333333333334,0.9164444444444444,0.10411111111111104,False,0.6929,0.017777777777777778,20,2,4.555604934692383,1.9334022998809814,0.027746878564357758,0.06537416577339172,0.16874024271965027,0.5566953420639038,0.4756206274032593,-0.6369542479515076,-0.74552983045578,0.9225807785987854,4.148083686828613,0.7596787214279175,0.13231444358825684,0.7224773168563843,-0.08361481875181198,1.6971096992492676,1.5700701475143433,0.0399453341960907,0.04317522794008255,0.4660017490386963,0.5989278554916382,0.6853787302970886,-0.26882052421569824,-0.23491264879703522,0.7937008738517761,,,,,,,,,,,,,,,
cifar10_iid,cifar10,iid,1,short_retrain,1.0,cifar10_iid/seed1/short_retrain_alpha1.00,0.6924,0.8492222222222222,0.9164444444444444,0.06722222222222218,True,0.6929,0.017777777777777778,20,2,2.0523102283477783,2.3985962867736816,-0.05147518590092659,-0.04404046759009361,0.5955529808998108,0.5515033006668091,0.6229283809661865,-0.6223597526550293,-0.5509999394416809,0.9126929640769958,0.7592485547065735,0.9848732948303223,-0.27021104097366333,-0.20830820500850677,0.7770182490348816,1.723389983177185,1.9040344953536987,0.08710940182209015,0.07884065806865692,0.47856229543685913,0.6011414527893066,0.8775684833526611,-0.23386047780513763,-0.16019631922245026,0.7684758901596069,-0.03466261178255081,7.398934364318848,1.0469818115234375,0.07615065574645996,1.5320392847061157,1.0367064476013184,-0.07763730734586716,3.0613317489624023,1.0488178730010986,-0.042034707963466644,6.164833068847656,1.0495985746383667,0.02698965184390545,2.2408668994903564,1.0283405780792236
cifar10_iid,cifar10,iid,1,federaser,1.0,cifar10_iid/seed1/federaser_alpha1.00,0.4002,0.024,0.9164444444444444,0.8924444444444444,True,0.6929,0.017777777777777778,20,2,10.359196662902832,2.3985962867736816,0.4001678228378296,1.728141188621521,-0.711064875125885,3.721905469894409,0.6229283809661865,0.7366809844970703,4.401561737060547,-0.9162808060646057,4.612171173095703,0.9848732948303223,0.5140141248703003,2.4071311950683594,-0.8303642272949219,7.670555114746094,1.9040344953536987,0.30213654041290283,1.2171151638031006,-0.5767126083374023,3.654618740081787,0.8775684833526611,0.4638460576534271,1.9316790103912354,-0.8337482810020447,0.28827884793281555,7.398934364318848,1.4673417806625366,0.06945628672838211,1.5320392847061157,2.5621116161346436,0.30562031269073486,3.0613317489624023,1.5326197147369385,0.33518683910369873,6.164833068847656,1.3092252016067505,0.18734756112098694,2.2408668994903564,1.7460615634918213
cifar10_iid,cifar10,iid,1,grad_negation,1.0,cifar10_iid/seed1/grad_negation_alpha1.00,0.6809,0.7484444444444445,0.9164444444444444,0.16799999999999993,True,0.6929,0.017777777777777778,20,2,2.935746669769287,2.3985962867736816,-0.04013910889625549,-0.04912440851330757,0.42463064193725586,1.2733491659164429,0.6229283809661865,-0.26034873723983765,-0.5321878790855408,0.44020944833755493,1.3891018629074097,0.9848732948303223,-0.19770433008670807,-0.2788493037223816,0.43433570861816406,2.130786418914795,1.9040344953536987,0.06907737255096436,0.07729961723089218,0.3904774487018585,0.7264871597290039,0.8775684833526611,-0.13475555181503296,-0.11155619472265244,0.5964991450309753,-0.001775465440005064,7.398934364318848,1.0764976739883423,0.11440293490886688,1.5320392847061157,1.2250033617019653,0.01459564734250307,3.0613317489624023,1.0920851230621338,-0.025855420157313347,6.164833068847656,1.066461443901062,0.009718755260109901,2.2408668994903564,1.0482382774353027
cifar10_iid,cifar10,iid,1,full_retrain,1.0,cifar10_iid/seed1/full_retrain_alpha1.00,0.6863,0.022111111111111113,0.9164444444444444,0.8943333333333333,True,0.6929,0.017777777777777778,20,2,24.031156539916992,2.3985962867736816,0.23796026408672333,2.383911609649658,-0.5331199169158936,10.288565635681152,0.6229283809661865,0.4571877717971802,7.551120758056641,-0.5767933130264282,11.849700927734375,0.9848732948303223,0.2852250039577484,3.431739091873169,-0.5341367125511169,15.715391159057617,1.9040344953536987,0.16825854778289795,1.388685703277588,-0.48968151211738586,9.180179595947266,0.8775684833526611,0.3007231056690216,3.1458427906036377,-0.6225332021713257,0.09117546677589417,7.398934364318848,3.310112476348877,-0.01841113716363907,1.5320392847061157,6.80783224105835,0.07745363563299179,3.0613317489624023,3.9221439361572266,0.13848049938678741,6.164833068847656,2.6062211990356445,0.013396220281720161,2.2408668994903564,4.203958034515381
cifar10_iid,cifar10,iid,1,fine_pruning,1.0,cifar10_iid/seed1/fine_pruning_alpha1.00,0.686,0.6937777777777778,0.9164444444444444,0.22266666666666657,True,0.6929,0.017777777777777778,20,2,4.589315891265869,2.3985962867736816,0.035591792315244675,0.06809399276971817,0.1830606758594513,0.5761715769767761,0.6229283809661865,-0.6568043828010559,-0.6075049638748169,0.9090576171875,4.152276992797852,0.9848732948303223,0.1403822898864746,0.5918585658073425,-0.06681244820356369,1.7608896493911743,1.9040344953536987,0.05875391140580177,0.05433386191725731,0.4704169034957886,0.6241947412490845,0.8775684833526611,-0.26206275820732117,-0.18639938533306122,0.785531759262085,0.012422599829733372,7.398934364318848,1.1701767444610596,0.06692560762166977,1.5320392847061157,1.0445564985275269,0.0637676939368248,3.0613317489624023,1.633014440536499,-0.04183918982744217,6.164833068847656,1.051422119140625,0.004541462287306786,2.2408668994903564,1.0368512868881226
cifar10_iid,cifar10,iid,2,short_retrain,0.25,cifar10_iid/seed2/short_retrain_alpha0.25,0.6979,0.9102222222222223,0.9155555555555556,0.005333333333333301,False,0.6913,0.021444444444444443,20,2,1.828183889389038,0.9257267713546753,-0.051158640533685684,-0.10102529078722,0.61030113697052,0.504252016544342,0.16247573494911194,-0.6411540508270264,-1.9898555278778076,0.9426262378692627,0.6835063099861145,0.3090006709098816,-0.28458502888679504,-0.6294981241226196,0.8101963996887207,1.5222673416137695,0.8178932666778564,0.048923321068286896,0.0910518541932106,0.4740002155303955,0.5510087013244629,0.2572135627269745,-0.2459554821252823,-0.5268914103507996,0.7965772151947021,,,,,,,,,,,,,,,
cifar10_iid,cifar10,iid,2,federaser,0.25,cifar10_iid/seed2/federaser_alpha0.25,0.4169,0.3457777777777778,0.9155555555555556,0.5697777777777777,False,0.6913,0.021444444444444443,20,2,10.012374877929688,0.9257267713546753,0.22128108143806458,2.393165111541748,-0.8009228110313416,3.792623281478882,0.16247573494911194,0.6812317371368408,15.901795387268066,-0.9653278589248657,4.5046257972717285,0.3090006709098816,0.361917644739151,5.276042938232422,-0.8923720717430115,7.264604568481445,0.8178932666778564,0.13277022540569305,1.179219365119934,-0.6740932464599609,3.5781333446502686,0.2572135627269745,0.36787307262420654,5.1175336837768555,-0.927091658115387,,,,,,,,,,,,,,,
cifar10_iid,cifar10,iid,2,grad_negation,0.25,cifar10_iid/seed2/grad_negation_alpha0.25,0.6931,0.9148888888888889,0.9155555555555556,0.0006666666666667043,False,0.6913,0.021444444444444443,20,2,1.9655201435089111,0.9257267713546753,-0.05206228047609329,-0.11053299903869629,0.5836399793624878,0.5767167210578918,0.16247573494911194,-0.6388390064239502,-2.2675952911376953,0.9036709666252136,0.8583940863609314,0.3090006709098816,-0.24403133988380432,-0.6779102683067322,0.6786312460899353,1.575676679611206,0.8178932666778564,0.045879341661930084,0.08838248997926712,0.4713815450668335,0.5578188896179199,0.2572135627269745,-0.20397982001304626,-0.4423709511756897,0.7085726261138916,,,,,,,,,,,,,,,
cifar10_iid,cifar10,iid,2,full_retrain,0.25,cifar10_iid/seed2/full_retrain_alpha0.25,0.6723,0.8762222222222222,0.9155555555555556,0.03933333333333333,False,0.6913,0.021444444444444443,20,2,23.790151596069336,0.9257267713546753,0.15012919902801514,3.8579235076904297,-0.5919579863548279,10.400335311889648,0.16247573494911194,0.38284769654273987,24.50670623779297,-0.632142961025238,11.741195678710938,0.3090006709098816,0.22580738365650177,8.580060958862305,-0.5891184210777283,15.433713912963867,0.8178932666778564,0.1022224873304367,1.92885160446167,-0.5423778891563416,9.042656898498535,0.2572135627269745,0.2363736927509308,8.310006141662598,-0.6890512704849243,,,,,,,,,,,,,,,
cifar10_iid,cifar10,iid,2,fine_pruning,0.25,cifar10_iid/seed2/fine_pruning_alpha0.25,0.6863,0.8821111111111111,0.9155555555555556,0.0334444444444445,False,0.6913,0.021444444444444443,20,2,4.715178489685059,0.9257267713546753,0.018416762351989746,0.09379996359348297,0.10622157156467438,0.5155486464500427,0.16247573494911194,-0.6546012759208679,-2.0771031379699707,0.9307999014854431,4.358388900756836,0.3090006709098816,0.09691695123910904,1.3669909238815308,-0.1759577989578247,1.6312565803527832,0.8178932666778564,0.03135010600090027,0.0625234916806221,0.45299088954925537,0.5591133236885071,0.2572135627269745,-0.2581773102283478,-0.5612083077430725,0.8051851391792297,,,,,,,,,,,,,,,
cifar10_iid,cifar10,iid,2,short_retrain,0.5,cifar10_iid/seed2/short_retrain_alpha0.50,0.6929,0.8941111111111111,0.9155555555555556,0.021444444444444488,False,0.6913,0.021444444444444443,20,2,1.8882348537445068,1.4713268280029297,-0.0528264045715332,-0.06779112666845322,0.6080914735794067,0.5160595178604126,0.3141971230506897,-0.6748337149620056,-1.1083943843841553,0.942787230014801,0.6969242691993713,0.546880304813385,-0.29247498512268066,-0.3727193772792816,0.8096300959587097,1.577413558959961,1.2437466382980347,0.07183225452899933,0.09109870344400406,0.47319746017456055,0.5703197717666626,0.4692007899284363,-0.24962428212165833,-0.30342161655426025,0.7986096143722534,,,,,,,,,,,,,,,
cifar10_iid,cifar10,iid,2,federaser,0.5,cifar10_iid/seed2/federaser_alpha0.50,0.4025,0.7016666666666667,0.9155555555555556,0.2138888888888889,False,0.6913,0.021444444444444443,20,2,10.087525367736816,1.4713268280029297,0.29509902000427246,2.023103952407837,-0.7801922559738159,3.7541818618774414,0.3141971230506897,0.7504397630691528,8.966622352600098,-0.9539406299591064,4.512793064117432,0.546880304813385,0.42687538266181946,3.5225260257720947,-0.8738128542900085,7.355760097503662,1.2437466382980347,0.18836525082588196,1.1139750480651855,-0.6511560678482056,3.6327686309814453,0.4692007899284363,0.4211689233779907,3.2608838081359863,-0.9126887321472168,,,,,,,,,,,,,,,
cifar10_iid,cifar10,iid,2,grad_negation,0.5,cifar10_iid/seed2/grad_negation_alpha0.50,0.695,0.8906666666666667,0.9155555555555556,0.02488888888888885,False,0.6913,0.021444444444444443,20,2,1.9009605646133423,1.4713268280029297,-0.05341259390115738,-0.0690053179860115,0.6134068965911865,0.5393092632293701,0.3141971230506897,-0.6967778205871582,-1.195996642112732,0.9427882432937622,0.7386889457702637,0.546880304813385,-0.2752854526042938,-0.37183696031570435,0.7842624187469482,1.5694477558135986,1.2437466382980347,0.06891167908906937,0.08695345371961594,0.48679032921791077,0.5603840351104736,0.4692007899284363,-0.20777161419391632,-0.24814939498901367,0.7626829743385315,,,,,,,,,,,,,,,
cifar10_iid,cifar10,iid,2,full_retrain,0.5,cifar10_iid/seed2/full_retrain_alpha0.50,0.6748,0.8184444444444444,0.9155555555555556,0.09711111111111115,False,0.6913,0.021444444444444443,20,2,23.84598159790039,1.4713268280029297,0.19251060485839844,3.119863986968994,-0.5803864598274231,10.366167068481445,0.3141971230506897,0.42307958006858826,13.958476066589355,-0.6257945895195007,11.772453308105469,0.546880304813385,0.25653770565986633,5.522374153137207,-0.5823380947113037,15.505979537963867,1.2437466382980347,0.13232208788394928,1.6495999097824097,-0.5259004235267639,9.064709663391113,0.4692007899284363,0.2757427394390106,5.327203273773193,-0.6821020841598511,,,,,,,,,,,,,,,
cifar10_iid,cifar10,iid,2,fine_pruning,0.5,cifar10_iid/seed2/fine_pruning_alpha0.50,0.6883,0.8681111111111111,0.9155555555555556,0.04744444444444451,False,0.6913,0.021444444444444443,20,2,4.745504856109619,1.4713268280029297,0.02587711624801159,0.08345725387334824,0.11886744946241379,0.5321446657180786,0.3141971230506897,-0.6896451711654663,-1.1680278778076172,0.9274736642837524,4.363654613494873,0.546880304813385,0.11375197768211365,0.9076470136642456,-0.16660191118717194,1.692713737487793,1.2437466382980347,0.044259462505578995,0.06023331731557846,0.46173095703125,0.5762665867805481,0.4692007899284363,-0.25390011072158813,-0.31183695793151855,0.8059844970703125,,,,,,,,,,,,,,,
cifar10_iid,cifar10,iid,2,short_retrain,0.75,cifar10_iid/seed2/short_retrain_alpha0.75,0.6934,0.8861111111111111,0.9155555555555556,0.029444444444444495,False,0.6913,0.021444444444444443,20,2,1.976609230041504,1.9641332626342773,-0.05355515331029892,-0.05389166250824928,0.6047171354293823,0.5260288715362549,0.4760344624519348,-0.6772380471229553,-0.7483634352684021,0.9399741291999817,0.7201704382896423,0.7853010296821594,-0.2859417796134949,-0.262226402759552,0.799477756023407,1.664853572845459,1.600833535194397,0.0824723169207573,0.08576631546020508,0.4813291132450104,0.5830577611923218,0.6722953915596008,-0.24597640335559845,-0.213326558470726,0.7881217002868652,,,,,,,,,,,,,,,
cifar10_iid,cifar10,iid,2,federaser,0.75,cifar10_iid/seed2/federaser_alpha0.75,0.3273,0.7128888888888889,0.9155555555555556,0.20266666666666666,False,0.6913,0.021444444444444443,20,2,10.230046272277832,1.9641332626342773,0.3537556827068329,1.8423855304718018,-0.7503283619880676,3.748878002166748,0.4760344624519348,0.7803694605827332,6.145584583282471,-0.941139817237854,4.601670265197754,0.7853010296821594,0.4714323878288269,2.7624754905700684,-0.8520257472991943,7.494392395019531,1.600833535194397,0.24654534459114075,1.1541593074798584,-0.6131865382194519,3.6419074535369873,0.6722953915596008,0.4304562509059906,2.3318350315093994,-0.893574059009552,,,,,,,,,,,,,,,
cifar10_iid,cifar10,iid,2,grad_negation,0.75,cifar10_iid/seed2/grad_negation_alpha0.75,0.6924,0.8595555555555555,0.9155555555555556,0.05600000000000005,False,0.6913,0.021444444444444443,20,2,1.9823240041732788,1.9641332626342773,-0.0495096854865551,-0.049964819103479385,0.6143911480903625,0.5592538714408875,0.4760344624519348,-0.6905659437179565,-0.811289370059967,0.9431894421577454,0.7616247534751892,0.7853010296821594,-0.26858681440353394,-0.26048892736434937,0.7795361280441284,1.6439703702926636,1.600833535194397,0.09114877879619598,0.0936003252863884,0.4930575489997864,0.5780983567237854,0.6722953915596008,-0.2268306016921997,-0.19504879415035248,0.7659189701080322,,,,,,,,,,,,,,,
cifar10_iid,cifar10,iid,2,full_retrain,0.75,cifar10_iid/seed2/full_retrain_alpha0.75,0.672,0.5514444444444444,0.9155555555555556,0.36411111111111116,False,0.6913,0.021444444444444443,20,2,23.943904876708984,1.9641332626342773,0.2174675017595291,2.6508727073669434,-0.5668984651565552,10.343420028686523,0.4760344624519348,0.42997825145721436,9.342697143554688,-0.616850733757019,11.802989959716797,0.7853010296821594,0.2655571401119232,3.9912924766540527,-0.5729796290397644,15.608170509338379,1.600833535194397,0.15078763663768768,1.4701114892959595,-0.5090811252593994,9.133183479309082,0.6722953915596008,0.30636322498321533,4.161967754364014,-0.6715693473815918,,,,,,,,,,,,,,,
cifar10_iid,cifar10,iid,2,fine_pruning,0.75,cifar10_iid/seed2/fine_pruning_alpha0.75,0.6864,0.8308888888888889,0.9155555555555556,0.08466666666666667,False,0.6913,0.021444444444444443,20,2,4.781023025512695,1.9641332626342773,0.0302823968231678,0.07370731979608536,0.12897652387619019,0.5442025661468506,0.4760344624519348,-0.6762821078300476,-0.7731257677078247,0.928825855255127,4.366283893585205,0.7853010296821594,0.11599291115999222,0.6449216604232788,-0.1583915650844574,1.7736448049545288,1.600833535194397,0.059045180678367615,0.06541594862937927,0.46036621928215027,0.594733715057373,0.6722953915596008,-0.26461687684059143,-0.2340884506702423,0.7970457077026367,,,,,,,,,,,,,,,
cifar10_iid,cifar10,iid,2,short_retrain,1.0,cifar10_iid/seed2/short_retrain_alpha1.00,0.6941,0.8441111111111111,0.9155555555555556,0.07144444444444442,True,0.6913,0.021444444444444443,20,2,2.0709311962127686,2.4576330184936523,-0.04589305818080902,-0.03866925835609436,0.6018916368484497,0.5469442009925842,0.6144750118255615,-0.6660231947898865,-0.5928270816802979,0.9243287444114685,0.7547338604927063,1.0070531368255615,-0.26486173272132874,-0.1984999179840088,0.7942695617675781,1.746280550956726,1.9630482196807861,0.08910272270441055,0.07925977557897568,0.4849911034107208,0.6087415814399719,0.8915672898292542,-0.209816113114357,-0.14325763285160065,0.7739861607551575,-0.012806535698473454,7.214247703552246,1.0439146757125854,0.060327235609292984,1.5558346509933472,1.0397921800613403,-0.07451476901769638,3.094754219055176,1.04681396484375,-0.01507655531167984,6.032421112060547,1.0452395677566528,0.07746539264917374,1.9127463102340698,1.0256600379943848
cifar10_iid,cifar10,iid,2,federaser,1.0,cifar10_iid/seed2/federaser_alpha1.00,0.3929,0.07344444444444445,0.9155555555555556,0.8421111111111111,True,0.6913,0.021444444444444443,20,2,10.38072681427002,2.4576330184936523,0.3973073661327362,1.6780601739883423,-0.7082660794258118,3.788177251815796,0.6144750118255615,0.7917460799217224,4.8810343742370605,-0.9247487783432007,4.653977870941162,1.0070531368255615,0.48932620882987976,2.261361837387085,-0.8257417678833008,7.62389612197876,1.9630482196807861,0.30171579122543335,1.1717172861099243,-0.557513415813446,3.69203782081604,0.8915672898292542,0.45090872049331665,1.867242455482483,-0.857330322265625,0.28110039234161377,7.214247703552246,1.5038551092147827,0.10946451872587204,1.5558346509933472,2.5288920402526855,0.3213304877281189,3.094754219055176,1.5149418115615845,0.32226642966270447,6.032421112060547,1.335179090499878,0.1355011910200119,1.9127463102340698,2.0500457286834717
cifar10_iid,cifar10,iid,2,grad_negation,1.0,cifar10_iid/seed2/grad_negation_alpha1.00,0.6947,0.7984444444444444,0.9155555555555556,0.11711111111111117,True,0.6913,0.021444444444444443,20,2,2.0879411697387695,2.4576330184936523,-0.02836737036705017,-0.024098524823784828,0.6097560524940491,0.5698397755622864,0.6144750118255615,-0.6817878484725952,-0.6322628855705261,0.9323051571846008,0.7979325652122498,1.0070531368255615,-0.24121174216270447,-0.19112253189086914,0.7664359211921692,1.7448886632919312,1.9630482196807861,0.1104002520442009,0.09812634438276291,0.501150369644165,0.5945714116096497,0.8915672898292542,-0.17196810245513916,-0.11468268185853958,0.7538141012191772,0.00085204909555614,7.214247703552246,1.0408031940460205,0.06491692364215851,1.5558346509933472,1.0423977375030518,-0.038075003772974014,3.094754219055176,1.0421671867370605,-0.0038900827057659626,6.032421112060547,1.0420725345611572,0.07935687154531479,1.9127463102340698,1.023371934890747
cifar10_iid,cifar10,iid,2,full_retrain,1.0,cifar10_iid/seed2/full_retrain_alpha1.00,0.6705,0.02311111111111111,0.9155555555555556,0.8924444444444445,True,0.6913,0.021444444444444443,20,2,24.10108757019043,2.4576330184936523,0.22405847907066345,2.1971068382263184,-0.5492709279060364,10.409582138061523,0.6144750118255615,0.4283878207206726,7.257149696350098,-0.6123683452606201,11.877869606018066,1.0070531368255615,0.2637792229652405,3.111189365386963,-0.5600075125694275,15.724584579467773,1.9630482196807861,0.16163142025470734,1.2946512699127197,-0.4863583445549011,9.174742698669434,0.8915672898292542,0.2917768359184265,3.0025527477264404,-0.6506438851356506,0.08340490609407425,7.214247703552246,3.406376838684082,-0.0315808542072773,1.5558346509933472,6.796152591705322,0.0738706961274147,3.094754219055176,3.89406156539917,0.12458331137895584,6.032421112060547,2.67307186126709,0.027359262108802795,1.9127463102340698,4.872907638549805
cifar10_iid,cifar10,iid,2,fine_pruning,1.0,cifar10_iid/seed2/fine_pruning_alpha1.00,0.6871,0.7907777777777778,0.9155555555555556,0.12477777777777777,True,0.6913,0.021444444444444443,20,2,4.914611339569092,2.4576330184936523,0.04013563692569733,0.08025507628917694,0.13115283846855164,0.5591301918029785,0.6144750118255615,-0.6633776426315308,-0.6036280989646912,0.9163557887077332,4.47530460357666,1.0070531368255615,0.12840837240219116,0.570641279220581,-0.16093257069587708,1.854786992073059,1.9630482196807861,0.07014542073011398,0.06627369672060013,0.46530935168266296,0.6115821599960327,0.8915672898292542,-0.22270463407039642,-0.15276716649532318,0.7849186062812805,0.01872001774609089,7.214247703552246,1.1993961334228516,0.05996258184313774,1.5558346509933472,1.042138695716858,0.05362677201628685,3.094754219055176,1.7135019302368164,-0.019463542848825455,6.032421112060547,1.0519036054611206,0.0740346610546112,1.9127463102340698,1.0270782709121704
cifar10_iid,cifar10,iid,3,short_retrain,0.25,cifar10_iid/seed3/short_retrain_alpha0.25,0.6897,0.9128888888888889,0.9108888888888889,-0.0020000000000000018,False,0.6838,0.021111111111111112,20,2,1.8277761936187744,0.9263116717338562,-0.05261861905455589,-0.103819340467453,0.6040344834327698,0.5151704549789429,0.17170175909996033,-0.5559329390525818,-1.668009877204895,0.9288405776023865,0.70203697681427,0.32337650656700134,-0.2845652401447296,-0.6177782416343689,0.7834863662719727,1.5090442895889282,0.8143563866615295,0.046914201229810715,0.08693017810583115,0.4697968363761902,0.5526290535926819,0.246665820479393,-0.2418145090341568,-0.5417600274085999,0.7815331220626831,,,,,,,,,,,,,,,
cifar10_iid,cifar10,iid,3,federaser,0.25,cifar10_iid/seed3/federaser_alpha0.25,0.395,0.46944444444444444,0.9108888888888889,0.4414444444444444,False,0.6838,0.021111111111111112,20,2,9.932112693786621,0.9263116717338562,0.2258138209581375,2.4210731983184814,-0.8054548501968384,3.7262961864471436,0.17170175909996033,0.6108995676040649,13.257830619812012,-0.9630128145217896,4.448710918426514,0.32337650656700134,0.4065741002559662,5.59325647354126,-0.891331672668457,7.2621026039123535,0.8143563866615295,0.13303445279598236,1.1862897872924805,-0.6918843388557434,3.498242139816284,0.246665820479393,0.3650723993778229,5.17749547958374,-0.9189735651016235,,,,,,,,,,,,,,,
cifar10_iid,cifar10,iid,3,grad_negation,0.25,cifar10_iid/seed3/grad_negation_alpha0.25,0.6912,0.899,0.9108888888888889,0.011888888888888838,False,0.6838,0.021111111111111112,20,2,1.861378788948059,0.9263116717338562,-0.05149080231785774,-0.1034618467092514,0.6051461100578308,0.5387566089630127,0.17170175909996033,-0.5998424291610718,-1.8821536302566528,0.9343070387840271,0.7484732270240784,0.32337650656700134,-0.2773689031600952,-0.6419848799705505,0.7589555382728577,1.5226577520370483,0.8143563866615295,0.04937272146344185,0.09231103956699371,0.48355987668037415,0.5439302325248718,0.246665820479393,-0.20407183468341827,-0.45000478625297546,0.7188400626182556,,,,,,,,,,,,,,,
cifar10_iid,cifar10,iid,3,full_retrain,0.25,cifar10_iid/seed3/full_retrain_alpha0.25,0.6875,0.8814444444444445,0.9108888888888889,0.029444444444444384,False,0.6838,0.021111111111111112,20,2,23.834714889526367,0.9263116717338562,0.14734698832035065,3.7911155223846436,-0.5751166939735413,10.784842491149902,0.17170175909996033,0.35485726594924927,22.289113998413086,-0.6196069717407227,11.732388496398926,0.32337650656700134,0.21081580221652985,7.6485724449157715,-0.5687581300735474,15.427281379699707,0.8143563866615295,0.09975305944681168,1.8896435499191284,-0.5389036536216736,8.726531028747559,0.246665820479393,0.25226372480392456,8.924570083618164,-0.6381195783615112,,,,,,,,,,,,,,,
cifar10_iid,cifar10,iid,3,fine_pruning,0.25,cifar10_iid/seed3/fine_pruning_alpha0.25,0.6827,0.8714444444444445,0.9108888888888889,0.03944444444444439,False,0.6838,0.021111111111111112,20,2,5.042935371398926,0.9263116717338562,0.021153748035430908,0.11515599489212036,0.08902303129434586,0.5273003578186035,0.17170175909996033,-0.5700341463088989,-1.7505890130996704,0.9178611040115356,4.7137131690979,0.32337650656700134,0.10287913680076599,1.4996201992034912,-0.19608494639396667,1.6198077201843262,0.8143563866615295,0.022099142894148827,0.04395448416471481,0.46935001015663147,0.5584800839424133,0.246665820479393,-0.25801756978034973,-0.584181547164917,0.8131837248802185,,,,,,,,,,,,,,,
cifar10_iid,cifar10,iid,3,short_retrain,0.5,cifar10_iid/seed3/short_retrain_alpha0.50,0.6883,0.8848888888888888,0.9108888888888889,0.026000000000000023,False,0.6838,0.021111111111111112,20,2,1.8995457887649536,1.4539848566055298,-0.05897432193160057,-0.07704108953475952,0.604202151298523,0.5251812934875488,0.31790924072265625,-0.6305227279663086,-1.0416138172149658,0.9242249131202698,0.7247329950332642,0.5693177580833435,-0.2817170321941376,-0.35862118005752563,0.7774723768234253,1.5796594619750977,1.2210866212844849,0.0641317144036293,0.08296001702547073,0.48088544607162476,0.5585534572601318,0.4448665380477905,-0.26189476251602173,-0.3288227319717407,0.7760129570960999,,,,,,,,,,,,,,,
cifar10_iid,cifar10,iid,3,federaser,0.5,cifar10_iid/seed3/federaser_alpha0.50,0.3719,0.4458888888888889,0.9108888888888889,0.46499999999999997,False,0.6838,0.021111111111111112,20,2,10.108397483825684,1.4539848566055298,0.30319178104400635,2.1077029705047607,-0.7850506901741028,3.737898111343384,0.31790924072265625,0.7073967456817627,8.31739330291748,-0.9574366807937622,4.584615707397461,0.5693177580833435,0.4512591063976288,3.633906126022339,-0.8747032284736633,7.4062581062316895,1.2210866212844849,0.19563783705234528,1.1865450143814087,-0.6655924916267395,3.5131051540374756,0.4448665380477905,0.4276896119117737,3.3774590492248535,-0.9057696461677551,,,,,,,,,,,,,,,
cifar10_iid,cifar10,iid,3,grad_negation,0.5,cifar10_iid/seed3/grad_negation_alpha0.50,0.6914,0.8773333333333333,0.9108888888888889,0.03355555555555556,False,0.6838,0.021111111111111112,20,2,1.910800814628601,1.4539848566055298,-0.05843697115778923,-0.0767914354801178,0.6095675230026245,0.5555418133735657,0.31790924072265625,-0.6524038314819336,-1.1400659084320068,0.9299972057342529,0.7574488520622253,0.5693177580833435,-0.25348350405693054,-0.33724677562713623,0.769713819026947,1.5675266981124878,1.2210866212844849,0.06363342702388763,0.0816832035779953,0.4888807237148285,0.5583502650260925,0.4448665380477905,-0.24003304541110992,-0.30126455426216125,0.7273682951927185,,,,,,,,,,,,,,,
cifar10_iid,cifar10,iid,3,full_retrain,0.5,cifar10_iid/seed3/full_retrain_alpha0.50,0.6865,0.8237777777777778,0.9108888888888889,0.08711111111111103,False,0.6838,0.021111111111111112,20,2,23.92500877380371,1.4539848566055298,0.19086092710494995,3.1403558254241943,-0.5652888417243958,10.820369720458984,0.31790924072265625,0.4098778963088989,13.950613975524902,-0.6186528205871582,11.758709907531738,0.5693177580833435,0.24247711896896362,5.008125305175781,-0.5617706775665283,15.507399559020996,1.2210866212844849,0.1322694718837738,1.6796976327896118,-0.5249506235122681,8.752243995666504,0.4448665380477905,0.2829216718673706,5.566162586212158,-0.6285292506217957,,,,,,,,,,,,,,,
cifar10_iid,cifar10,iid,3,fine_pruning,0.5,cifar10_iid/seed3/fine_pruning_alpha0.50,0.6779,0.87,0.9108888888888889,0.040888888888888864,False,0.6838,0.021111111111111112,20,2,5.072472095489502,1.4539848566055298,0.024353018030524254,0.0849536657333374,0.1003207266330719,0.5448668599128723,0.31790924072265625,-0.6356790065765381,-1.0894943475723267,0.9192109704017639,4.717589378356934,0.5693177580833435,0.11476542055606842,0.9509900212287903,-0.1871500015258789,1.684644103050232,1.2210866212844849,0.026422034949064255,0.036450788378715515,0.4725182056427002,0.5838310718536377,0.4448665380477905,-0.28055837750434875,-0.3681974411010742,0.7997029423713684,,,,,,,,,,,,,,,
cifar10_iid,cifar10,iid,3,short_retrain,0.75,cifar10_iid/seed3/short_retrain_alpha0.75,0.692,0.8667777777777778,0.9108888888888889,0.0441111111111111,False,0.6838,0.021111111111111112,20,2,1.984230637550354,1.9505127668380737,-0.05303076282143593,-0.05394313484430313,0.6034391522407532,0.5468679666519165,0.47446465492248535,-0.6317335963249207,-0.7281361222267151,0.920356273651123,0.7476799488067627,0.8072095513343811,-0.26052772998809814,-0.24131397902965546,0.7787500023841858,1.653680682182312,1.5847514867782593,0.08120259642601013,0.08472934365272522,0.48323366045951843,0.586945116519928,0.6453766822814941,-0.2557958960533142,-0.23263651132583618,0.7690176963806152,,,,,,,,,,,,,,,
cifar10_iid,cifar10,iid,3,federaser,0.75,cifar10_iid/seed3/federaser_alpha0.75,0.4128,0.26455555555555554,0.9108888888888889,0.6463333333333333,False,0.6838,0.021111111111111112,20,2,10.315040588378906,1.9505127668380737,0.3517339527606964,1.8599505424499512,-0.7556490302085876,3.7691802978515625,0.47446465492248535,0.7249115705490112,5.758748531341553,-0.9398806095123291,4.710765838623047,0.8072095513343811,0.5017477869987488,2.928126096725464,-0.84794682264328,7.560749530792236,1.5847514867782593,0.23676328361034393,1.1295136213302612,-0.6309798359870911,3.583636522293091,0.6453766822814941,0.44774940609931946,2.486255407333374,-0.88669353723526,,,,,,,,,,,,,,,
cifar10_iid,cifar10,iid,3,grad_negation,0.75,cifar10_iid/seed3/grad_negation_alpha0.75,0.6895,0.8332222222222222,0.9108888888888889,0.07766666666666666,False,0.6838,0.021111111111111112,20,2,2.0057055950164795,1.9505127668380737,-0.05104096978902817,-0.052481021732091904,0.607399582862854,0.5723705291748047,0.47446465492248535,-0.6540200710296631,-0.7889772653579712,0.9303119778633118,0.7954218983650208,0.8072095513343811,-0.24308300018310547,-0.23953275382518768,0.7588472962379456,1.6541783809661865,1.5847514867782593,0.0842883363366127,0.08797556906938553,0.49382108449935913,0.5712563395500183,0.6453766822814941,-0.235844224691391,-0.20875798165798187,0.7256470918655396,,,,,,,,,,,,,,,
cifar10_iid,cifar10,iid,3,full_retrain,0.75,cifar10_iid/seed3/full_retrain_alpha0.75,0.6881,0.628,0.9108888888888889,0.28288888888888886,False,0.6838,0.021111111111111112,20,2,24.07559585571289,1.9505127668380737,0.21285226941108704,2.6270692348480225,-0.5510165691375732,10.888473510742188,0.47446465492248535,0.41523927450180054,9.529312133789062,-0.6142581105232239,11.812376022338867,0.8072095513343811,0.2577778100967407,3.772207736968994,-0.5500030517578125,15.615737915039062,1.5847514867782593,0.14834058284759521,1.4616209268569946,-0.5074620842933655,8.815695762634277,0.6453766822814941,0.30255353450775146,4.132812023162842,-0.6125892400741577,,,,,,,,,,,,,,,
cifar10_iid,cifar10,iid,3,fine_pruning,0.75,cifar10_iid/seed3/fine_pruning_alpha0.75,0.6847,0.818,0.9108888888888889,0.09288888888888891,False,0.6838,0.021111111111111112,20,2,5.03110933303833,1.9505127668380737,0.03244498744606972,0.0836811289191246,0.11564723402261734,0.5597183704376221,0.47446465492248535,-0.6234909296035767,-0.7355223298072815,0.9194483160972595,4.652929306030273,0.8072095513343811,0.12275087833404541,0.7075609564781189,-0.17250174283981323,1.730203628540039,1.5847514867782593,0.04799449443817139,0.05239633470773697,0.476891428232193,0.5974610447883606,0.6453766822814941,-0.28182417154312134,-0.2609003186225891,0.7994704842567444,,,,,,,,,,,,,,,
cifar10_iid,cifar10,iid,3,short_retrain,1.0,cifar10_iid/seed3/short_retrain_alpha1.00,0.6903,0.8193333333333334,0.9108888888888889,0.0915555555555555,True,0.6838,0.021111111111111112,20,2,2.07340145111084,2.442943572998047,-0.04291955754160881,-0.036424387246370316,0.5997805595397949,0.5565968751907349,0.630424439907074,-0.623681902885437,-0.5506438612937927,0.9125149846076965,0.7741286754608154,1.0351555347442627,-0.26096004247665405,-0.19515548646450043,0.7694047689437866,1.7371363639831543,1.940380334854126,0.09976396709680557,0.08930888026952744,0.48687031865119934,0.6102060079574585,0.8568196892738342,-0.24043351411819458,-0.17123080790042877,0.7674156427383423,-0.10272634774446487,8.209630966186523,1.0562529563903809,-0.02490559034049511,1.829430103302002,1.052483081817627,-0.19292064011096954,3.918611764907837,1.0560545921325684,-0.09949613362550735,6.708156585693359,1.0576369762420654,0.018253518268465996,1.9230901002883911,1.0435988903045654
cifar10_iid,cifar10,iid,3,federaser,1.0,cifar10_iid/seed3/federaser_alpha1.00,0.475,0.02388888888888889,0.9108888888888889,0.887,True,0.6838,0.021111111111111112,20,2,10.424686431884766,2.442943572998047,0.4000222980976105,1.706871509552002,-0.7106139659881592,3.7508745193481445,0.630424439907074,0.7405820488929749,4.406285285949707,-0.9263343811035156,4.733420372009277,1.0351555347442627,0.5376165509223938,2.458336353302002,-0.8057870268821716,7.665678024291992,1.940380334854126,0.29333940148353577,1.1587986946105957,-0.5785166621208191,3.6664350032806396,0.8568196892738342,0.4579598605632782,1.959665060043335,-0.8435845375061035,0.37053751945495605,8.209630966186523,1.2928447723388672,0.1943284571170807,1.829430103302002,2.0992510318756104,0.4423403739929199,3.918611764907837,1.1791813373565674,0.409019410610199,6.708156585693359,1.1709327697753906,0.16177037358283997,1.9230901002883911,2.004502058029175
cifar10_iid,cifar10,iid,3,grad_negation,1.0,cifar10_iid/seed3/grad_negation_alpha1.00,0.6899,0.7265555555555555,0.9108888888888889,0.18433333333333335,True,0.6838,0.021111111111111112,20,2,2.0823793411254883,2.442943572998047,-0.032169267535209656,-0.02741919457912445,0.6093791723251343,0.5802507400512695,0.630424439907074,-0.6422473788261414,-0.5911327004432678,0.9253672361373901,0.7992791533470154,1.0351555347442627,-0.22859768569469452,-0.17650780081748962,0.769740879535675,1.7319823503494263,1.940380334854126,0.1104053482413292,0.09854182600975037,0.5002580881118774,0.6008962988853455,0.8568196892738342,-0.21484611928462982,-0.15067371726036072,0.7337175607681274,-0.09255003929138184,8.209630966186523,1.0541725158691406,-0.024840597063302994,1.829430103302002,1.0565786361694336,-0.1679944396018982,3.918611764907837,1.0536293983459473,-0.09169657528400421,6.708156585693359,1.0554683208465576,0.030903292819857597,1.9230901002883911,1.0384224653244019
cifar10_iid,cifar10,iid,3,full_retrain,1.0,cifar10_iid/seed3/full_retrain_alpha1.00,0.6892,0.021111111111111112,0.9108888888888889,0.8897777777777778,True,0.6838,0.021111111111111112,20,2,24.213232040405273,2.442943572998047,0.22785551846027374,2.25821852684021,-0.5328614115715027,10.929068565368652,0.630424439907074,0.4168938994407654,7.227292060852051,-0.6104350090026855,11.875306129455566,1.0351555347442627,0.2680225968360901,3.0747499465942383,-0.5369483828544617,15.726641654968262,1.940380334854126,0.16183917224407196,1.3116158246994019,-0.48520132899284363,8.860489845275879,0.8568196892738342,0.3124742805957794,3.2313385009765625,-0.5873469114303589,0.1187039390206337,8.209630966186523,2.9997715950012207,-0.010403702035546303,1.829430103302002,6.067399024963379,0.12872245907783508,3.918611764907837,3.066542625427246,0.16679924726486206,6.708156585693359,2.390434980392456,0.012754838913679123,1.9230901002883911,4.702213287353516
cifar10_iid,cifar10,iid,3,fine_pruning,1.0,cifar10_iid/seed3/fine_pruning_alpha1.00,0.6831,0.4653333333333333,0.9108888888888889,0.44555555555555554,True,0.6838,0.021111111111111112,20,2,5.282979488372803,2.442943572998047,0.06130967289209366,0.13257497549057007,0.11255111545324326,0.5731253623962402,0.630424439907074,-0.6149036884307861,-0.5590152740478516,0.9175815582275391,4.883394718170166,1.0351555347442627,0.19063079357147217,0.8993080854415894,-0.1748972088098526,1.829262137413025,1.940380334854126,0.05473259091377258,0.051595158874988556,0.47036197781562805,0.623658299446106,0.8568196892738342,-0.2703927457332611,-0.19681230187416077,0.7713037729263306,0.015654435381293297,8.209630966186523,1.1806414127349854,-0.018995366990566254,1.829430103302002,1.053587555885315,0.09141538292169571,3.918611764907837,1.5248560905456543,-0.08789944648742676,6.708156585693359,1.0593843460083008,0.023467235267162323,1.9230901002883911,1.044006586074829
cifar10_iid,cifar10,iid,4,short_retrain,0.25,cifar10_iid/seed4/short_retrain_alpha0.25,0.6855,0.9028888888888889,0.9066666666666666,0.003777777777777769,False,0.6854,0.023555555555555555,20,2,1.8197331428527832,0.9436084628105164,-0.054145317524671555,-0.1044120118021965,0.6026155352592468,0.5062079429626465,0.16436243057250977,-0.6073465347290039,-1.8705228567123413,0.9306979179382324,0.697693943977356,0.29901811480522156,-0.30859506130218506,-0.720038652420044,0.7671490907669067,1.5100170373916626,0.8405465483665466,0.04280863329768181,0.07690052688121796,0.4730602204799652,0.5369837880134583,0.2597487270832062,-0.23226071894168854,-0.4801572859287262,0.8001132011413574,,,,,,,,,,,,,,,
cifar10_iid,cifar10,iid,4,federaser,0.25,cifar10_iid/seed4/federaser_alpha0.25,0.4626,0.6535555555555556,0.9066666666666666,0.25311111111111106,False,0.6854,0.023555555555555555,20,2,10.167252540588379,0.9436084628105164,0.21491551399230957,2.315545082092285,-0.7967864274978638,3.708416700363159,0.16436243057250977,0.6245266795158386,14.090845108032227,-0.9524111747741699,4.480166912078857,0.29901811480522156,0.3943367004394531,5.9083099365234375,-0.8947188854217529,7.506525993347168,0.8405465483665466,0.12882795929908752,1.150443196296692,-0.6835537552833557,3.6340105533599854,0.2597487270832062,0.36029231548309326,5.040663719177246,-0.9099407196044922,,,,,,,,,,,,,,,
cifar10_iid,cifar10,iid,4,grad_negation,0.25,cifar10_iid/seed4/grad_negation_alpha0.25,0.6777,0.8826666666666667,0.9066666666666666,0.02399999999999991,False,0.6854,0.023555555555555555,20,2,2.838491916656494,0.9436084628105164,-0.050537917762994766,-0.15201514959335327,0.40266361832618713,1.1695611476898193,0.16436243057250977,-0.33286386728286743,-2.368574619293213,0.4671761989593506,1.477003574371338,0.29901811480522156,-0.17247572541236877,-0.8519447445869446,0.405147522687912,2.0135746002197266,0.8405465483665466,0.019077707082033157,0.0456993468105793,0.3584310710430145,0.6734974980354309,0.2597487270832062,-0.15713950991630554,-0.407444030046463,0.5551325082778931,,,,,,,,,,,,,,,
cifar10_iid,cifar10,iid,4,full_retrain,0.25,cifar10_iid/seed4/full_retrain_alpha0.25,0.6902,0.902,0.9066666666666666,0.004666666666666597,False,0.6854,0.023555555555555555,20,2,24.24285125732422,0.9436084628105164,0.14495377242565155,3.723874568939209,-0.5853378772735596,10.944476127624512,0.16436243057250977,0.37788739800453186,25.16256332397461,-0.633847713470459,11.988419532775879,0.29901811480522156,0.24534247815608978,9.836408615112305,-0.5809118151664734,15.523646354675293,0.8405465483665466,0.09559893608093262,1.765480399131775,-0.5426754355430603,9.12425708770752,0.2597487270832062,0.21487636864185333,7.5480146408081055,-0.659952700138092,,,,,,,,,,,,,,,
cifar10_iid,cifar10,iid,4,fine_pruning,0.25,cifar10_iid/seed4/fine_pruning_alpha0.25,0.6819,0.9011111111111111,0.9066666666666666,0.005555555555555536,False,0.6854,0.023555555555555555,20,2,4.020313739776611,0.9436084628105164,-0.005959058180451393,-0.025387469679117203,0.20042067766189575,0.521614670753479,0.16436243057250977,-0.5993553400039673,-1.9020928144454956,0.9250984787940979,3.6218879222869873,0.29901811480522156,0.012172858230769634,0.14744479954242706,-0.03613457456231117,1.5743070840835571,0.8405465483665466,0.03734373301267624,0.06993962079286575,0.4747559726238251,0.5434706211090088,0.2597487270832062,-0.23958170413970947,-0.5012753009796143,0.8001798987388611,,,,,,,,,,,,,,,
cifar10_iid,cifar10,iid,4,short_retrain,0.5,cifar10_iid/seed4/short_retrain_alpha0.50,0.6867,0.8821111111111111,0.9066666666666666,0.024555555555555553,False,0.6854,0.023555555555555555,20,2,1.8949214220046997,1.4776405096054077,-0.058979835361242294,-0.07563063502311707,0.6033952832221985,0.5264464616775513,0.30824014544487,-0.6152353286743164,-1.0507665872573853,0.9298585653305054,0.7206375598907471,0.5461578369140625,-0.31134259700775146,-0.4108060896396637,0.7664667963981628,1.5787397623062134,1.2542561292648315,0.06306739151477814,0.0793791115283966,0.4787600636482239,0.5494885444641113,0.46585530042648315,-0.2642863094806671,-0.3117326498031616,0.7972694039344788,,,,,,,,,,,,,,,
cifar10_iid,cifar10,iid,4,federaser,0.5,cifar10_iid/seed4/federaser_alpha0.50,0.4664,0.21522222222222223,0.9066666666666666,0.6914444444444444,False,0.6854,0.023555555555555555,20,2,10.28731918334961,1.4776405096054077,0.3038806915283203,2.1154770851135254,-0.7742716670036316,3.772615671157837,0.30824014544487,0.680072009563446,8.323542594909668,-0.947987973690033,4.581872463226318,0.5461578369140625,0.4718388617038727,3.958386182785034,-0.878453254699707,7.544483661651611,1.2542561292648315,0.20448145270347595,1.2299127578735352,-0.6510502696037292,3.6999096870422363,0.46585530042648315,0.4135185182094574,3.284241199493408,-0.8869130611419678,,,,,,,,,,,,,,,
cifar10_iid,cifar10,iid,4,grad_negation,0.5,cifar10_iid/seed4/grad_negation_alpha0.50,0.6819,0.857,0.9066666666666666,0.04966666666666664,False,0.6854,0.023555555555555555,20,2,2.678182363510132,1.4776405096054077,-0.05420224741101265,-0.09823369234800339,0.44370779395103455,1.0228502750396729,0.30824014544487,-0.36278024315834045,-1.2038335800170898,0.5467545390129089,1.3625495433807373,0.5461578369140625,-0.18918322026729584,-0.47197210788726807,0.4487749934196472,1.96368408203125,1.2542561292648315,0.039140209555625916,0.06127532199025154,0.3885904550552368,0.6436115503311157,0.46585530042648315,-0.1858980357646942,-0.2568310797214508,0.6081851720809937,,,,,,,,,,,,,,,
cifar10_iid,cifar10,iid,4,full_retrain,0.5,cifar10_iid/seed4/full_retrain_alpha0.50,0.6879,0.836,0.9066666666666666,0.07066666666666666,False,0.6854,0.023555555555555555,20,2,24.34886932373047,1.4776405096054077,0.18656647205352783,3.0740816593170166,-0.5757383108139038,11.022107124328613,0.30824014544487,0.3974211812019348,14.211057662963867,-0.63424152135849,12.025349617004395,0.5461578369140625,0.268588125705719,5.913790702819824,-0.5748173594474792,15.596138000488281,1.2542561292648315,0.12877891957759857,1.6012262105941772,-0.5277904868125916,9.140735626220703,0.46585530042648315,0.25341305136680603,4.972320079803467,-0.652039647102356,,,,,,,,,,,,,,,
cifar10_iid,cifar10,iid,4,fine_pruning,0.5,cifar10_iid/seed4/fine_pruning_alpha0.50,0.6869,0.8752222222222222,0.9066666666666666,0.031444444444444386,False,0.6854,0.023555555555555555,20,2,3.9604668617248535,1.4776405096054077,-0.005627941805869341,-0.015083390288054943,0.217365100979805,0.5271552205085754,0.30824014544487,-0.6015902161598206,-1.028845191001892,0.9252286553382874,3.5212185382843018,0.5461578369140625,0.011608676984906197,0.07484403252601624,-0.021077264100313187,1.6426653861999512,1.2542561292648315,0.05229810252785683,0.06848980486392975,0.473158061504364,0.5577125549316406,0.46585530042648315,-0.25117647647857666,-0.30070340633392334,0.7925191521644592,,,,,,,,,,,,,,,
cifar10_iid,cifar10,iid,4,short_retrain,0.75,cifar10_iid/seed4/short_retrain_alpha0.75,0.6874,0.8637777777777778,0.9066666666666666,0.042888888888888865,False,0.6854,0.023555555555555555,20,2,1.969124436378479,1.9751485586166382,-0.05588129535317421,-0.05570664629340172,0.6047112345695496,0.5417775511741638,0.45268532633781433,-0.6151814460754395,-0.736254096031189,0.9256798624992371,0.7392331957817078,0.7982544898986816,-0.2911168336868286,-0.2695920467376709,0.7674025893211365,1.6454575061798096,1.6238957643508911,0.0752217099070549,0.07621609419584274,0.4848582446575165,0.574460506439209,0.6497560143470764,-0.256318062543869,-0.22661525011062622,0.7951674461364746,,,,,,,,,,,,,,,
cifar10_iid,cifar10,iid,4,federaser,0.75,cifar10_iid/seed4/federaser_alpha0.75,0.4674,0.04622222222222222,0.9066666666666666,0.8604444444444443,False,0.6854,0.023555555555555555,20,2,10.197354316711426,1.9751485586166382,0.36834463477134705,1.9015564918518066,-0.7432864904403687,3.67582368850708,0.45268532633781433,0.694851279258728,5.642220497131348,-0.9299832582473755,4.653034687042236,0.7982544898986816,0.5121779441833496,2.9854888916015625,-0.8415948748588562,7.469999313354492,1.6238957643508911,0.2704302668571472,1.2439205646514893,-0.6139541864395142,3.6094791889190674,0.6497560143470764,0.460443377494812,2.557823419570923,-0.880244255065918,,,,,,,,,,,,,,,
cifar10_iid,cifar10,iid,4,grad_negation,0.75,cifar10_iid/seed4/grad_negation_alpha0.75,0.6845,0.816,0.9066666666666666,0.09066666666666667,False,0.6854,0.023555555555555555,20,2,2.465602159500122,1.9751485586166382,-0.059536438435316086,-0.07431444525718689,0.49928802251815796,0.8840833902359009,0.45268532633781433,-0.40293601155281067,-0.7869240045547485,0.6366569995880127,1.2003700733184814,0.7982544898986816,-0.21496255695819855,-0.3232482969760895,0.5125277042388916,1.869714379310608,1.6238957643508911,0.05402207747101784,0.06219613179564476,0.43117961287498474,0.60097736120224,0.6497560143470764,-0.22209198772907257,-0.20541907846927643,0.6996399760246277,,,,,,,,,,,,,,,
cifar10_iid,cifar10,iid,4,full_retrain,0.75,cifar10_iid/seed4/full_retrain_alpha0.75,0.6897,0.6783333333333333,0.9066666666666666,0.22833333333333328,False,0.6854,0.023555555555555555,20,2,24.47734260559082,1.9751485586166382,0.2067287117242813,2.561724901199341,-0.5614200234413147,11.05996036529541,0.45268532633781433,0.39672693610191345,9.692789077758789,-0.6303721070289612,12.074555397033691,0.7982544898986816,0.27300307154655457,4.129495143890381,-0.564884603023529,15.706811904907227,1.6238957643508911,0.1494991034269333,1.4459173679351807,-0.5079655647277832,9.183841705322266,0.6497560143470764,0.2620609998703003,3.704047679901123,-0.6393551230430603,,,,,,,,,,,,,,,
cifar10_iid,cifar10,iid,4,fine_pruning,0.75,cifar10_iid/seed4/fine_pruning_alpha0.75,0.6846,0.8567777777777777,0.9066666666666666,0.04988888888888887,False,0.6854,0.023555555555555555,20,2,3.993699550628662,1.9751485586166382,0.0006962185725569725,0.0014076295774430037,0.22933591902256012,0.5477007031440735,0.45268532633781433,-0.6011794805526733,-0.7273625731468201,0.9189437031745911,3.525601625442505,0.7982544898986816,0.01733608916401863,0.07656718045473099,-0.014282813295722008,1.699306607246399,1.6238957643508911,0.07208484411239624,0.07542798668146133,0.48203498125076294,0.5771083831787109,0.6497560143470764,-0.24844378232955933,-0.22066593170166016,0.79498291015625,,,,,,,,,,,,,,,
cifar10_iid,cifar10,iid,4,short_retrain,1.0,cifar10_iid/seed4/short_retrain_alpha1.00,0.6863,0.8322222222222222,0.9066666666666666,0.07444444444444442,True,0.6854,0.023555555555555555,20,2,2.062800645828247,2.4874093532562256,-0.04396243765950203,-0.03645533695816994,0.6004095673561096,0.5554562211036682,0.600085437297821,-0.6029657125473022,-0.5581221580505371,0.9155194759368896,0.7671059370040894,1.0590442419052124,-0.2735100984573364,-0.1981135606765747,0.7574620842933655,1.7323157787322998,1.9903777837753296,0.09116720408201218,0.07934213429689407,0.4899834990501404,0.5977771878242493,0.8626244068145752,-0.22637726366519928,-0.15687377750873566,0.7799932956695557,-0.05279821157455444,7.662850856781006,1.049231767654419,0.06706039607524872,1.5488473176956177,1.0394773483276367,-0.11131653189659119,3.509019136428833,1.0471196174621582,-0.060206927359104156,6.355264663696289,1.0521979331970215,0.06173713132739067,1.9023752212524414,1.0295337438583374
cifar10_iid,cifar10,iid,4,federaser,1.0,cifar10_iid/seed4/federaser_alpha1.00,0.4232,0.05177777777777778,0.9066666666666666,0.8548888888888888,True,0.6854,0.023555555555555555,20,2,10.433719635009766,2.4874093532562256,0.4058857858181,1.702413558959961,-0.6990473866462708,3.72007155418396,0.600085437297821,0.7210968732833862,4.470249652862549,-0.9077747464179993,4.777630805969238,1.0590442419052124,0.5233621001243591,2.3610236644744873,-0.8030626177787781,7.676990509033203,1.9903777837753296,0.31674888730049133,1.2216429710388184,-0.5610691905021667,3.6424472332000732,0.8626244068145752,0.45707282423973083,1.9299981594085693,-0.8511356115341187,0.3179149627685547,7.662850856781006,1.4100587368011475,0.09327917546033859,1.5488473176956177,2.514103412628174,0.36687934398651123,3.509019136428833,1.3618842363357544,0.3653361201286316,6.355264663696289,1.2556289434432983,0.13065333664417267,1.9023752212524414,2.041003465652466
cifar10_iid,cifar10,iid,4,grad_negation,1.0,cifar10_iid/seed4/grad_negation_alpha1.00,0.6805,0.7133333333333334,0.9066666666666666,0.19333333333333325,True,0.6854,0.023555555555555555,20,2,2.676438808441162,2.4874093532562256,-0.038822367787361145,-0.04176970571279526,0.48073726892471313,0.9425613284111023,0.600085437297821,-0.36455416679382324,-0.5726094841957092,0.620404839515686,1.2887203693389893,1.0590442419052124,-0.17862378060817719,-0.21736189723014832,0.4846574068069458,2.0463099479675293,1.9903777837753296,0.070526123046875,0.07250361144542694,0.4225228428840637,0.6535117626190186,0.8626244068145752,-0.1697922945022583,-0.12863217294216156,0.6551317572593689,-0.016999879851937294,7.662850856781006,1.0648329257965088,0.05181388184428215,1.5488473176956177,1.1433627605438232,-0.03950761258602142,3.509019136428833,1.0788415670394897,-0.02703830786049366,6.355264663696289,1.0588113069534302,0.08525608479976654,1.9023752212524414,1.0292879343032837
cifar10_iid,cifar10,iid,4,full_retrain,1.0,cifar10_iid/seed4/full_retrain_alpha1.00,0.694,0.025,0.9066666666666666,0.8816666666666666,True,0.6854,0.023555555555555555,20,2,24.638412475585938,2.4874093532562256,0.21756845712661743,2.1549179553985596,-0.5435661673545837,11.14264965057373,0.600085437297821,0.40059658885002136,7.438451766967773,-0.6262021660804749,12.135564804077148,1.0590442419052124,0.270820677280426,3.103325128555298,-0.5492121577262878,15.824591636657715,1.9903777837753296,0.16147609055042267,1.283745527267456,-0.48537227511405945,9.231796264648438,0.8626244068145752,0.26227447390556335,2.8068583011627197,-0.6227450370788574,0.0850609689950943,7.662850856781006,3.284992218017578,-0.08851116895675659,1.5488473176956177,7.350470066070557,0.09726680815219879,3.509019136428833,3.505383253097534,0.13659819960594177,6.355264663696289,2.553403377532959,-0.01665561832487583,1.9023752212524414,4.971022605895996
cifar10_iid,cifar10,iid,4,fine_pruning,1.0,cifar10_iid/seed4/fine_pruning_alpha1.00,0.6826,0.8281111111111111,0.9066666666666666,0.07855555555555549,True,0.6854,0.023555555555555555,20,2,4.039673328399658,2.4874093532562256,0.006983875297009945,0.011341351084411144,0.24213513731956482,0.5716624855995178,0.600085437297821,-0.5969682931900024,-0.5686929225921631,0.9161747694015503,3.5322606563568115,1.0590442419052124,0.023056626319885254,0.07690135389566422,-0.004043587017804384,1.7751299142837524,1.9903777837753296,0.0855853408575058,0.07632516324520111,0.48288413882255554,0.604261040687561,0.8626244068145752,-0.21808145940303802,-0.1527641862630844,0.7969493865966797,-0.03209301829338074,7.662850856781006,1.1453053951263428,0.06827715784311295,1.5488473176956177,1.0420299768447876,-0.03032851219177246,3.509019136428833,1.4402600526809692,-0.06654400378465652,6.355264663696289,1.0560246706008911,0.06326007843017578,1.9023752212524414,1.0299053192138672
mnist_iid,mnist,iid,0,short_retrain,0.25,mnist_iid/seed0/short_retrain_alpha0.25,0.9869,0.9945676274944567,0.9922394678492239,-0.002328159645232808,False,0.9856,0.0016629711751662971,10,2,0.607015073299408,0.2876408100128174,-0.18826861679553986,-0.3972688615322113,0.5014312863349915,0.13670659065246582,0.057959843426942825,-0.7064778804779053,-1.6663291454315186,0.7869367003440857,0.22844137251377106,0.09050366282463074,-0.4117092490196228,-1.0391982793807983,0.6282830834388733,0.50203937292099,0.24525950849056244,-0.09849592298269272,-0.20160230994224548,0.4044795632362366,0.21347035467624664,0.10506193339824677,-0.2958213984966278,-0.601065456867218,0.6585859060287476,,,,,,,,,,,,,,,
mnist_iid,mnist,iid,0,federaser,0.25,mnist_iid/seed0/federaser_alpha0.25,0.9603,0.570509977827051,0.9922394678492239,0.42172949002217286,False,0.9856,0.0016629711751662971,10,2,3.7267138957977295,0.2876408100128174,0.35111141204833984,4.5486040115356445,-0.6427728533744812,0.9006474614143372,0.057959843426942825,0.8537079095840454,13.265905380249023,-0.9248105883598328,1.4669969081878662,0.09050366282463074,0.42178553342819214,6.83681583404541,-0.7083090543746948,2.944253921508789,0.24525950849056244,0.295990914106369,3.552982807159424,-0.5619794726371765,1.5023976564407349,0.10506193339824677,0.39326032996177673,5.6236677169799805,-0.7443495392799377,,,,,,,,,,,,,,,
mnist_iid,mnist,iid,0,grad_negation,0.25,mnist_iid/seed0/grad_negation_alpha0.25,0.9865,0.9801552106430155,0.9922394678492239,0.012084257206208426,False,0.9856,0.0016629711751662971,10,2,1.4079642295837402,0.2876408100128174,-0.14904442429542542,-0.7294818758964539,0.3253578841686249,0.2140135020017624,0.057959843426942825,-0.1874038428068161,-0.6919782757759094,0.2721022665500641,0.3828151524066925,0.09050366282463074,-0.5047467947006226,-2.1349895000457764,0.6074367165565491,1.2142504453659058,0.24525950849056244,-0.12888218462467194,-0.6380293369293213,0.3156897723674774,0.5618167519569397,0.10506193339824677,-0.03671485185623169,-0.19633200764656067,0.2745712101459503,,,,,,,,,,,,,,,
mnist_iid,mnist,iid,0,full_retrain,0.25,mnist_iid/seed0/full_retrain_alpha0.25,0.9866,0.9873614190687361,0.9922394678492239,0.004878048780487809,False,0.9856,0.0016629711751662971,10,2,16.744213104248047,0.2876408100128174,0.2300008237361908,13.387555122375488,-0.4454396963119507,6.378092288970947,0.057959843426942825,0.3525013029575348,38.7904052734375,-0.39587920904159546,8.12437915802002,0.09050366282463074,0.2699117064476013,24.22952651977539,-0.40825381875038147,11.73776626586914,0.24525950849056244,0.18396037817001343,8.803374290466309,-0.41732409596443176,5.993032932281494,0.10506193339824677,0.3960995674133301,22.59465217590332,-0.6498650908470154,,,,,,,,,,,,,,,
mnist_iid,mnist,iid,0,short_retrain,0.5,mnist_iid/seed0/short_retrain_alpha0.50,0.9876,0.9921286031042129,0.9922394678492239,0.00011086474501098564,False,0.9856,0.0016629711751662971,10,2,0.6272988319396973,0.5369597673416138,-0.17189444601535797,-0.200792133808136,0.5038623213768005,0.14154647290706635,0.12199050188064575,-0.674936056137085,-0.7831332683563232,0.7838462591171265,0.23601706326007843,0.18989315629005432,-0.34391579031944275,-0.42745018005371094,0.6343610286712646,0.5183648467063904,0.4439464509487152,-0.07631828635931015,-0.08910320699214935,0.408406525850296,0.2215445190668106,0.20077276229858398,-0.2983158826828003,-0.3291793763637543,0.6530801653862,,,,,,,,,,,,,,,
mnist_iid,mnist,iid,0,federaser,0.5,mnist_iid/seed0/federaser_alpha0.50,0.9611,0.12416851441241686,0.9922394678492239,0.8680709534368071,False,0.9856,0.0016629711751662971,10,2,3.731673240661621,0.5369597673416138,0.4047604203224182,2.812626600265503,-0.6182600259780884,0.8997400403022766,0.12199050188064575,0.8459198474884033,6.239075660705566,-0.9305887222290039,1.4418188333511353,0.18989315629005432,0.36449694633483887,2.7675442695617676,-0.7228819727897644,2.968980550765991,0.4439464509487152,0.3687575161457062,2.4659109115600586,-0.5231220126152039,1.4909396171569824,0.20077276229858398,0.4421405494213104,3.2833385467529297,-0.7188060879707336,,,,,,,,,,,,,,,
mnist_iid,mnist,iid,0,grad_negation,0.5,mnist_iid/seed0/grad_negation_alpha0.50,0.9866,0.9445676274944568,0.9922394678492239,0.047671840354767125,False,0.9856,0.0016629711751662971,10,2,1.4027403593063354,0.5369597673416138,-0.08554816991090775,-0.22345928847789764,0.33377793431282043,0.2188253402709961,0.12199050188064575,-0.14707016944885254,-0.26381298899650574,0.2896728217601776,0.3755618631839752,0.18989315629005432,-0.401889443397522,-0.7948369979858398,0.6114264130592346,1.2053271532058716,0.4439464509487152,-0.06433811783790588,-0.17466360330581665,0.3232535421848297,0.5709317326545715,0.20077276229858398,0.022495225071907043,0.06396903097629547,0.2892262041568756,,,,,,,,,,,,,,,
mnist_iid,mnist,iid,0,full_retrain,0.5,mnist_iid/seed0/full_retrain_alpha0.50,0.9866,0.9747228381374723,0.9922394678492239,0.017516629711751608,False,0.9856,0.0016629711751662971,10,2,16.764589309692383,0.5369597673416138,0.24261541664600372,7.573937892913818,-0.44288134574890137,6.382985591888428,0.12199050188064575,0.35149314999580383,18.39139747619629,-0.39767974615097046,8.129884719848633,0.18989315629005432,0.25077855587005615,10.736549377441406,-0.41002532839775085,11.753422737121582,0.4439464509487152,0.19879867136478424,5.262680530548096,-0.4124368131160736,6.0064826011657715,0.20077276229858398,0.4028756618499756,12.052760124206543,-0.6450418829917908,,,,,,,,,,,,,,,
mnist_iid,mnist,iid,0,short_retrain,0.75,mnist_iid/seed0/short_retrain_alpha0.75,0.9875,0.9830376940133038,0.9922394678492239,0.009201773835920135,False,0.9856,0.0016629711751662971,10,2,0.658746063709259,0.783456027507782,-0.1512356549501419,-0.1271476447582245,0.5064387917518616,0.14480581879615784,0.18204587697982788,-0.6643790006637573,-0.5284709334373474,0.7719860672950745,0.24483118951320648,0.28278014063835144,-0.3307178020477295,-0.2863353490829468,0.62056964635849,0.5473273396492004,0.6419392228126526,-0.057042114436626434,-0.048630133271217346,0.42185014486312866,0.23127074539661407,0.29772549867630005,-0.25561028718948364,-0.19855591654777527,0.6534234285354614,,,,,,,,,,,,,,,
mnist_iid,mnist,iid,0,federaser,0.75,mnist_iid/seed0/federaser_alpha0.75,0.9632,0.02328159645232816,0.9922394678492239,0.9689578713968957,False,0.9856,0.0016629711751662971,10,2,3.7094168663024902,0.783456027507782,0.46690040826797485,2.2103750705718994,-0.579526424407959,0.8973464965820312,0.18204587697982788,0.8606064915657043,4.242130279541016,-0.9319362640380859,1.4297317266464233,0.28278014063835144,0.4011659026145935,2.0282862186431885,-0.7223826050758362,2.9691905975341797,0.6419392228126526,0.4444764256477356,2.0556516647338867,-0.46546587347984314,1.4474432468414307,0.29772549867630005,0.48016175627708435,2.3343875408172607,-0.689348042011261,,,,,,,,,,,,,,,
mnist_iid,mnist,iid,0,grad_negation,0.75,mnist_iid/seed0/grad_negation_alpha0.75,0.9863,0.8645232815964523,0.9922394678492239,0.1277161862527716,False,0.9856,0.0016629711751662971,10,2,1.3548892736434937,0.783456027507782,-0.049194976687431335,-0.08506690710783005,0.3595243990421295,0.2199326753616333,0.18204587697982788,-0.1655994951725006,-0.200063556432724,0.3117949068546295,0.37594208121299744,0.28278014063835144,-0.3667055070400238,-0.4875161647796631,0.6176978945732117,1.1621571779251099,0.6419392228126526,-0.021800225600600243,-0.039462860673666,0.3488997519016266,0.5435574650764465,0.29772549867630005,0.0596780851483345,0.10895424336194992,0.32162123918533325,,,,,,,,,,,,,,,
mnist_iid,mnist,iid,0,full_retrain,0.75,mnist_iid/seed0/full_retrain_alpha0.75,0.987,0.8537694013303769,0.9922394678492239,0.13847006651884697,False,0.9856,0.0016629711751662971,10,2,16.79529571533203,0.783456027507782,0.24873533844947815,5.3316450119018555,-0.43908166885375977,6.386300086975098,0.18204587697982788,0.35524290800094604,12.462177276611328,-0.39797458052635193,8.143270492553711,0.28278014063835144,0.25135061144828796,7.238181114196777,-0.4102606177330017,11.773528099060059,0.6419392228126526,0.2061941921710968,3.7813401222229004,-0.4065186679363251,6.031242370605469,0.29772549867630005,0.40250274538993835,8.153788566589355,-0.6386725306510925,,,,,,,,,,,,,,,
mnist_iid,mnist,iid,0,short_retrain,1.0,mnist_iid/seed0/short_retrain_alpha1.00,0.9869,0.9708425720620842,0.9922394678492239,0.021396895787139658,True,0.9856,0.0016629711751662971,10,2,0.6861315965652466,1.0364118814468384,-0.11034595221281052,-0.07304327934980392,0.5070964694023132,0.14958441257476807,0.24050167202949524,-0.6779984831809998,-0.4216935336589813,0.775915801525116,0.2522597312927246,0.37689197063446045,-0.3081786334514618,-0.2062685787677765,0.6224024295806885,0.5720946788787842,0.8496481776237488,-0.008539607748389244,-0.005749409552663565,0.4243484139442444,0.23976995050907135,0.3904014825820923,-0.2203538566827774,-0.13533306121826172,0.6516215205192566,0.09682220220565796,2.036426305770874,1.0238568782806396,0.34442007541656494,0.12441110610961914,1.271770715713501,0.06841326504945755,0.3845473825931549,1.1578290462493896,0.0983186587691307,1.8703391551971436,1.0165725946426392,0.1019744947552681,0.6968079209327698,1.0238285064697266
mnist_iid,mnist,iid,0,federaser,1.0,mnist_iid/seed0/federaser_alpha1.00,0.9656,0.003658536585365854,0.9922394678492239,0.988580931263858,True,0.9856,0.0016629711751662971,10,2,3.7349276542663574,1.0364118814468384,0.533492386341095,1.9223250150680542,-0.522864043712616,0.877173125743866,0.24050167202949524,0.8723099231719971,3.181544780731201,-0.925067663192749,1.4209744930267334,0.37689197063446045,0.44278910756111145,1.669420838356018,-0.7149899005889893,3.018594741821289,0.8496481776237488,0.5294647812843323,1.880872368812561,-0.38976481556892395,1.4317030906677246,0.3904014825820923,0.5116933584213257,1.8765114545822144,-0.6439745426177979,0.3297041654586792,2.036426305770874,1.7760841846466064,-0.24521270394325256,0.12441110610961914,7.359943866729736,0.07457990199327469,0.3845473825931549,3.755427837371826,0.40946507453918457,1.8703391551971436,1.5110341310501099,0.18238331377506256,0.6968079209327698,2.1147470474243164
mnist_iid,mnist,iid,0,grad_negation,1.0,mnist_iid/seed0/grad_negation_alpha1.00,0.9856,0.5057649667405765,0.9922394678492239,0.48647450110864743,True,0.9856,0.0016629711751662971,10,2,1.204994797706604,1.0364118814468384,0.059263162314891815,0.06889479607343674,0.41902366280555725,0.20867373049259186,0.24050167202949524,-0.24790050089359283,-0.21509340405464172,0.3858673870563507,0.35194534063339233,0.37689197063446045,-0.2780693471431732,-0.25966352224349976,0.6108601093292236,1.0330277681350708,0.8496481776237488,0.11897338181734085,0.14463694393634796,0.41481080651283264,0.46637773513793945,0.3904014825820923,0.10387907922267914,0.12409503757953644,0.39328551292419434,0.18523749709129333,2.036426305770874,1.0634554624557495,0.3308604657649994,0.12441110610961914,1.6442046165466309,0.10163980722427368,0.3845473825931549,1.285138487815857,0.19284385442733765,1.8703391551971436,1.0450159311294556,0.183428093791008,0.6968079209327698,1.0965542793273926
mnist_iid,mnist,iid,0,full_retrain,1.0,mnist_iid/seed0/full_retrain_alpha1.00,0.9867,0.0014412416851441242,0.9922394678492239,0.9907982261640798,True,0.9856,0.0016629711751662971,10,2,16.770557403564453,1.0364118814468384,0.2534853518009186,4.101255416870117,-0.4330570697784424,6.391914367675781,0.24050167202949524,0.3607116639614105,9.586786270141602,-0.39609235525131226,8.140628814697266,0.37689197063446045,0.2525232136249542,5.454336166381836,-0.41065162420272827,11.749371528625488,0.8496481776237488,0.21200212836265564,2.9313809871673584,-0.39739876985549927,6.007113456726074,0.3904014825820923,0.40944012999534607,6.300060272216797,-0.6325515508651733,0.036059457808732986,2.036426305770874,8.259917259216309,-0.14037001132965088,0.12441110610961914,51.52724838256836,-0.04668579623103142,0.3845473825931549,21.23956871032715,0.06276936084032059,1.8703391551971436,6.298753261566162,0.026255464181303978,0.6968079209327698,8.652588844299316
mnist_iid,mnist,iid,1,short_retrain,0.25,mnist_iid/seed1/short_retrain_alpha0.25,0.9866,0.9943458980044346,0.9939024390243902,-0.00044345898004438666,False,0.9849,0.0013303769401330377,10,2,0.6051428914070129,0.3028392195701599,-0.16844956576824188,-0.33655935525894165,0.49864551424980164,0.13136187195777893,0.056410666555166245,-0.7276709079742432,-1.6945061683654785,0.7687516808509827,0.2279578298330307,0.08811436593532562,-0.4110155403614044,-1.0633231401443481,0.6268946528434753,0.5043748021125793,0.2599427103996277,-0.07271850854158401,-0.14108046889305115,0.4114324450492859,0.20640411972999573,0.11488308757543564,-0.3242287039756775,-0.5825238823890686,0.6470842957496643,,,,,,,,,,,,,,,
mnist_iid,mnist,iid,1,federaser,0.25,mnist_iid/seed1/federaser_alpha0.25,0.9611,0.6260532150776054,0.9939024390243902,0.3678492239467849,False,0.9849,0.0013303769401330377,10,2,3.4983065128326416,0.3028392195701599,0.3413906693458557,3.943150043487549,-0.6452522873878479,0.9763903617858887,0.056410666555166245,0.8965635895729065,15.518272399902344,-0.9461241960525513,1.4888484477996826,0.08811436593532562,0.4433598518371582,7.49133825302124,-0.7482367753982544,2.686661958694458,0.2599427103996277,0.2704371511936188,2.7947819232940674,-0.5409455895423889,1.3605053424835205,0.11488308757543564,0.4175626039505005,4.94499397277832,-0.7273767590522766,,,,,,,,,,,,,,,
mnist_iid,mnist,iid,1,grad_negation,0.25,mnist_iid/seed1/grad_negation_alpha0.25,0.9839,0.9717294900221729,0.9939024390243902,0.022172949002217335,False,0.9849,0.0013303769401330377,10,2,1.3046042919158936,0.3028392195701599,-0.17094860970973969,-0.7363395690917969,0.3602888584136963,0.21532097458839417,0.056410666555166245,-0.19627438485622406,-0.7491844296455383,0.19550061225891113,0.404767781496048,0.08811436593532562,-0.4841354787349701,-2.223951816558838,0.6207844614982605,1.1129592657089233,0.2599427103996277,-0.15213868021965027,-0.651309609413147,0.35739490389823914,0.5031659007072449,0.11488308757543564,-0.06701073795557022,-0.29349419474601746,0.28423869609832764,,,,,,,,,,,,,,,
mnist_iid,mnist,iid,1,full_retrain,0.25,mnist_iid/seed1/full_retrain_alpha0.25,0.9859,0.9882483370288249,0.9939024390243902,0.005654101995565375,False,0.9849,0.0013303769401330377,10,2,16.47393798828125,0.3028392195701599,0.22645793855190277,12.317392349243164,-0.44092172384262085,5.71748161315918,0.056410666555166245,0.3350473940372467,33.9586067199707,-0.3419594466686249,8.063794136047363,0.08811436593532562,0.27442070841789246,25.11359214782715,-0.38714540004730225,11.750965118408203,0.2599427103996277,0.18930687010288239,8.556742668151855,-0.4269329905509949,5.966404438018799,0.11488308757543564,0.36252403259277344,18.827531814575195,-0.6509996652603149,,,,,,,,,,,,,,,
mnist_iid,mnist,iid,1,short_retrain,0.5,mnist_iid/seed1/short_retrain_alpha0.50,0.9867,0.9916851441241685,0.9939024390243902,0.0022172949002217113,False,0.9849,0.0013303769401330377,10,2,0.6200898885726929,0.5398224592208862,-0.17244207859039307,-0.1980554610490799,0.49773263931274414,0.13325583934783936,0.11638788878917694,-0.7111143469810486,-0.8141752481460571,0.779135525226593,0.2299262434244156,0.18077553808689117,-0.3900117874145508,-0.4960506856441498,0.6421287059783936,0.5192258954048157,0.4516769051551819,-0.07223216444253922,-0.08302295207977295,0.4084971249103546,0.210504412651062,0.20293359458446503,-0.31703317165374756,-0.32886067032814026,0.6419140696525574,,,,,,,,,,,,,,,
mnist_iid,mnist,iid,1,federaser,0.5,mnist_iid/seed1/federaser_alpha0.50,0.9617,0.1787139689578714,0.9939024390243902,0.8151884700665188,False,0.9849,0.0013303769401330377,10,2,3.461355209350586,0.5398224592208862,0.4357554018497467,2.793687582015991,-0.6295849084854126,0.9670014977455139,0.11638788878917694,0.8853925466537476,7.356228351593018,-0.9474432468414307,1.4752118587493896,0.18077553808689117,0.43457964062690735,3.546365976333618,-0.7598865628242493,2.660698890686035,0.4516769051551819,0.38697654008865356,2.279247999191284,-0.5100082755088806,1.338354229927063,0.20293359458446503,0.49195700883865356,3.244473695755005,-0.7275968790054321,,,,,,,,,,,,,,,
mnist_iid,mnist,iid,1,grad_negation,0.5,mnist_iid/seed1/grad_negation_alpha0.50,0.9855,0.9337028824833703,0.9939024390243902,0.06019955654101994,False,0.9849,0.0013303769401330377,10,2,1.154842495918274,0.5398224592208862,-0.17188960313796997,-0.3676725924015045,0.3814821243286133,0.19402454793453217,0.11638788878917694,-0.21194416284561157,-0.35332173109054565,0.26529645919799805,0.3576063811779022,0.18077553808689117,-0.4496205151081085,-0.8894287347793579,0.6256235837936401,0.985031247138977,0.4516769051551819,-0.1467152088880539,-0.3199162781238556,0.3731846511363983,0.4448455274105072,0.20293359458446503,-0.0889427438378334,-0.19496910274028778,0.3250672519207001,,,,,,,,,,,,,,,
mnist_iid,mnist,iid,1,full_retrain,0.5,mnist_iid/seed1/full_retrain_alpha0.50,0.9855,0.9717294900221729,0.9939024390243902,0.022172949002217335,False,0.9849,0.0013303769401330377,10,2,16.499778747558594,0.5398224592208862,0.25471168756484985,7.784233570098877,-0.43818023800849915,5.71818208694458,0.11638788878917694,0.332119882106781,16.31717872619629,-0.3417191803455353,8.06810474395752,0.18077553808689117,0.26442477107048035,11.801397323608398,-0.38770729303359985,11.773784637451172,0.4516769051551819,0.2197231650352478,5.726682662963867,-0.42231419682502747,5.986406326293945,0.20293359458446503,0.40624678134918213,11.984009742736816,-0.6472254395484924,,,,,,,,,,,,,,,
mnist_iid,mnist,iid,1,short_retrain,0.75,mnist_iid/seed1/short_retrain_alpha0.75,0.9858,0.980709534368071,0.9939024390243902,0.013192904656319282,False,0.9849,0.0013303769401330377,10,2,0.6473872661590576,0.8038856983184814,-0.1531236469745636,-0.12329752743244171,0.4985731840133667,0.13796307146549225,0.17359356582164764,-0.6790510416030884,-0.5396741032600403,0.7603819966316223,0.24042421579360962,0.26619163155555725,-0.35578787326812744,-0.32134711742401123,0.6234234571456909,0.5412225127220154,0.6717061996459961,-0.057905614376068115,-0.04665042832493782,0.41861066222190857,0.22219417989253998,0.30671194195747375,-0.2876802682876587,-0.20840688049793243,0.6330166459083557,,,,,,,,,,,,,,,
mnist_iid,mnist,iid,1,federaser,0.75,mnist_iid/seed1/federaser_alpha0.75,0.9626,0.014634146341463415,0.9939024390243902,0.9792682926829268,False,0.9849,0.0013303769401330377,10,2,3.528507947921753,0.8038856983184814,0.5100150108337402,2.2383193969726562,-0.5841526985168457,0.9669600129127502,0.17359356582164764,0.8907204866409302,4.9615373611450195,-0.9471248388290405,1.466457486152649,0.26619163155555725,0.469637006521225,2.587240695953369,-0.7659772634506226,2.7554683685302734,0.6717061996459961,0.4866839647293091,1.9961886405944824,-0.44495779275894165,1.331592082977295,0.30671194195747375,0.5216222405433655,2.2646267414093018,-0.6946022510528564,,,,,,,,,,,,,,,
mnist_iid,mnist,iid,1,grad_negation,0.75,mnist_iid/seed1/grad_negation_alpha0.75,0.9855,0.7871396895787139,0.9939024390243902,0.2067627494456763,False,0.9849,0.0013303769401330377,10,2,1.0566468238830566,0.8038856983184814,-0.12271731346845627,-0.16128116846084595,0.4137877821922302,0.191989466547966,0.17359356582164764,-0.22754324972629547,-0.2516562044620514,0.3098101019859314,0.3445182740688324,0.26619163155555725,-0.4260683059692383,-0.5514377951622009,0.6329939365386963,0.89449542760849,0.6717061996459961,-0.08583858609199524,-0.11429303139448166,0.40157943964004517,0.4010685980319977,0.30671194195747375,-0.04882782697677612,-0.06384918838739395,0.37333279848098755,,,,,,,,,,,,,,,
mnist_iid,mnist,iid,1,full_retrain,0.75,mnist_iid/seed1/full_retrain_alpha0.75,0.9854,0.8511086474501108,0.9939024390243902,0.1427937915742794,False,0.9849,0.0013303769401330377,10,2,16.516435623168945,0.8038856983184814,0.2567596733570099,5.274619102478027,-0.43373823165893555,5.719091415405273,0.17359356582164764,0.33246323466300964,10.953099250793457,-0.3426613509654999,8.082195281982422,0.26619163155555725,0.26345399022102356,7.999063968658447,-0.389335036277771,11.786652565002441,0.6717061996459961,0.2236209213733673,3.9233946800231934,-0.41519895195961,5.987016201019287,0.30671194195747375,0.40395087003707886,7.885119915008545,-0.6399425864219666,,,,,,,,,,,,,,,
mnist_iid,mnist,iid,1,short_retrain,1.0,mnist_iid/seed1/short_retrain_alpha1.00,0.9861,0.9559866962305986,0.9939024390243902,0.03791574279379162,True,0.9849,0.0013303769401330377,10,2,0.6710704565048218,1.0462920665740967,-0.1272648423910141,-0.08161293715238571,0.5039876699447632,0.1401808112859726,0.23389755189418793,-0.6559988856315613,-0.3931569755077362,0.7416912913322449,0.25105753540992737,0.35593852400779724,-0.31969547271728516,-0.2254934310913086,0.6136355400085449,0.5622209906578064,0.8677064776420593,-0.03419366851449013,-0.022152159363031387,0.43114396929740906,0.22711093723773956,0.40057992935180664,-0.24840448796749115,-0.1408342868089676,0.6448984742164612,0.09191304445266724,2.061878204345703,1.022792100906372,0.20625890791416168,0.11269353330135345,1.4262471199035645,0.14351396262645721,0.35780203342437744,1.1361947059631348,0.09384115040302277,1.8941333293914795,1.0160691738128662,0.06754755228757858,0.72312992811203,1.0277204513549805
mnist_iid,mnist,iid,1,federaser,1.0,mnist_iid/seed1/federaser_alpha1.00,0.9648,0.0033259423503325942,0.9939024390243902,0.9905764966740577,True,0.9849,0.0013303769401330377,10,2,3.6068811416625977,1.0462920665740967,0.5648389458656311,1.9468789100646973,-0.5308551788330078,0.9724222421646118,0.23389755189418793,0.8984678983688354,3.735353708267212,-0.946361780166626,1.4693536758422852,0.35593852400779724,0.5018975734710693,2.0718846321105957,-0.7775155901908875,2.8537309169769287,0.8677064776420593,0.5531481504440308,1.8189376592636108,-0.37061235308647156,1.327420949935913,0.40057992935180664,0.5549084544181824,1.838827133178711,-0.6481305956840515,0.3645228445529938,2.061878204345703,1.6688003540039062,-0.16881725192070007,0.11269353330135345,8.852767944335938,0.023950396105647087,0.35780203342437744,4.20327615737915,0.4546869695186615,1.8941333293914795,1.378405213356018,0.26993027329444885,0.72312992811203,1.838110089302063
mnist_iid,mnist,iid,1,grad_negation,1.0,mnist_iid/seed1/grad_negation_alpha1.00,0.9863,0.35210643015521065,0.9939024390243902,0.6417960088691796,True,0.9849,0.0013303769401330377,10,2,1.1692843437194824,1.0462920665740967,0.010344518348574638,0.011558803729712963,0.4137488901615143,0.2031668871641159,0.23389755189418793,-0.2165376991033554,-0.18808786571025848,0.3170899748802185,0.35228708386421204,0.35593852400779724,-0.33967071771621704,-0.336185485124588,0.6462109684944153,1.0037223100662231,0.8677064776420593,0.06797613948583603,0.0786200612783432,0.40380844473838806,0.44094157218933105,0.40057992935180664,0.03586437553167343,0.039478007704019547,0.3740208148956299,0.16092170774936676,2.061878204345703,1.0672906637191772,0.19690711796283722,0.11269353330135345,1.8815432786941528,0.14396153390407562,0.35780203342437744,1.2984321117401123,0.16772711277008057,1.8941333293914795,1.0502722263336182,0.14562927186489105,0.72312992811203,1.09280264377594
mnist_iid,mnist,iid,1,full_retrain,1.0,mnist_iid/seed1/full_retrain_alpha1.00,0.9866,0.0011086474501108647,0.9939024390243902,0.9927937915742794,True,0.9849,0.0013303769401330377,10,2,16.491254806518555,1.0462920665740967,0.26106682419776917,4.114223480224609,-0.42886102199554443,5.722109317779541,0.23389755189418793,0.3315598964691162,8.111336708068848,-0.34205037355422974,8.073629379272461,0.35593852400779724,0.26300907135009766,5.965730667114258,-0.3904862105846405,11.761934280395508,0.8677064776420593,0.22673040628433228,3.0729241371154785,-0.40764808654785156,5.974897384643555,0.40057992935180664,0.41407743096351624,6.176222801208496,-0.6337358951568604,0.03877246752381325,2.061878204345703,8.021885871887207,-0.08515824377536774,0.11269353330135345,50.87076187133789,-0.029755081981420517,0.35780203342437744,22.61635971069336,0.061490610241889954,1.8941333293914795,6.228672027587891,0.020672615617513657,0.72312992811203,8.302295684814453
mnist_iid,mnist,iid,2,short_retrain,0.25,mnist_iid/seed2/short_retrain_alpha0.25,0.9878,0.9981152993348116,0.9970066518847006,-0.0011086474501109667,False,0.9857,0.0013303769401330377,10,2,0.5941242575645447,0.28071531653404236,-0.20794685184955597,-0.4400689899921417,0.5193913578987122,0.14080414175987244,0.06522028893232346,-0.7207273840904236,-1.5559791326522827,0.8135784268379211,0.22710704803466797,0.09208940714597702,-0.4016728401184082,-0.9905882477760315,0.6853020191192627,0.48792678117752075,0.23328068852424622,-0.11047873646020889,-0.23105841875076294,0.40084734559059143,0.20862558484077454,0.1079384982585907,-0.3147120475769043,-0.6082813143730164,0.6916446089744568,,,,,,,,,,,,,,,
mnist_iid,mnist,iid,2,federaser,0.25,mnist_iid/seed2/federaser_alpha0.25,0.9605,0.45532150776053215,0.9970066518847006,0.5416851441241685,False,0.9857,0.0013303769401330377,10,2,4.00531530380249,0.28071531653404236,0.37442469596862793,5.34185791015625,-0.6489663124084473,0.9522922039031982,0.06522028893232346,0.7999345064163208,11.679978370666504,-0.8879022598266602,1.58071768283844,0.09208940714597702,0.392342209815979,6.734562873840332,-0.65223228931427,3.1472649574279785,0.23328068852424622,0.33322617411613464,4.495322227478027,-0.5899003744125366,1.653074026107788,0.1079384982585907,0.3897157907485962,5.96848201751709,-0.7689928412437439,,,,,,,,,,,,,,,
mnist_iid,mnist,iid,2,grad_negation,0.25,mnist_iid/seed2/grad_negation_alpha0.25,0.9862,0.9847006651884701,0.9970066518847006,0.012305986696230509,False,0.9857,0.0013303769401330377,10,2,1.2823572158813477,0.28071531653404236,-0.14539599418640137,-0.6641291975975037,0.370846688747406,0.21757297217845917,0.06522028893232346,-0.23133255541324615,-0.7717187404632568,0.3143651783466339,0.41818663477897644,0.09208940714597702,-0.39908233284950256,-1.8122692108154297,0.6491932272911072,1.0848726034164429,0.23328068852424622,-0.13718904554843903,-0.6379499435424805,0.3385634422302246,0.49530765414237976,0.1079384982585907,0.019304059445858,0.0885823667049408,0.3613811433315277,,,,,,,,,,,,,,,
mnist_iid,mnist,iid,2,full_retrain,0.25,mnist_iid/seed2/full_retrain_alpha0.25,0.9864,0.9932372505543238,0.9970066518847006,0.0037694013303768426,False,0.9857,0.0013303769401330377,10,2,16.7103328704834,0.28071531653404236,0.2345152497291565,13.95877456665039,-0.44631674885749817,6.059403419494629,0.06522028893232346,0.2808048129081726,26.088661193847656,-0.3359273672103882,8.276740074157715,0.09208940714597702,0.29575562477111816,26.581676483154297,-0.43339651823043823,11.753117561340332,0.23328068852424622,0.1976611614227295,9.957786560058594,-0.42269420623779297,5.990531921386719,0.1079384982585907,0.34291914105415344,19.031837463378906,-0.6613679528236389,,,,,,,,,,,,,,,
mnist_iid,mnist,iid,2,short_retrain,0.5,mnist_iid/seed2/short_retrain_alpha0.50,0.988,0.9950110864745011,0.9970066518847006,0.001995565410199518,False,0.9857,0.0013303769401330377,10,2,0.6097209453582764,0.5477886199951172,-0.19935786724090576,-0.22187556326389313,0.5164070725440979,0.1418333202600479,0.1288161277770996,-0.7108197212219238,-0.7826497554779053,0.8074762225151062,0.23293626308441162,0.18176637589931488,-0.40347832441329956,-0.5170624852180481,0.6673306822776794,0.5016306042671204,0.45456722378730774,-0.10571673512458801,-0.11665210127830505,0.40344342589378357,0.213941290974617,0.2093316912651062,-0.2770789563655853,-0.28318047523498535,0.6930133104324341,,,,,,,,,,,,,,,
mnist_iid,mnist,iid,2,federaser,0.5,mnist_iid/seed2/federaser_alpha0.50,0.959,0.10144124168514412,0.9970066518847006,0.8955654101995565,False,0.9857,0.0013303769401330377,10,2,4.0583038330078125,0.5477886199951172,0.4365634620189667,3.2339768409729004,-0.6279641389846802,0.9412651062011719,0.1288161277770996,0.797776460647583,5.829386234283447,-0.8839844465255737,1.5725154876708984,0.18176637589931488,0.43795129656791687,3.788841724395752,-0.6473951935768127,3.2155165672302246,0.45456722378730774,0.4113824665546417,2.909787893295288,-0.5601102709770203,1.66501784324646,0.2093316912651062,0.42263615131378174,3.361636161804199,-0.7610597014427185,,,,,,,,,,,,,,,
mnist_iid,mnist,iid,2,grad_negation,0.5,mnist_iid/seed2/grad_negation_alpha0.50,0.9865,0.9620842572062084,0.9970066518847006,0.03492239467849223,False,0.9857,0.0013303769401330377,10,2,1.3873683214187622,0.5477886199951172,-0.13324148952960968,-0.3374241888523102,0.3559708595275879,0.23324140906333923,0.1288161277770996,-0.20211108028888702,-0.36595314741134644,0.2848479747772217,0.44555383920669556,0.18176637589931488,-0.4066784083843231,-0.9968665838241577,0.6397998929023743,1.1765295267105103,0.45456722378730774,-0.12089204788208008,-0.3128710091114044,0.3215853273868561,0.5363791584968567,0.2093316912651062,0.021384092047810555,0.054793354123830795,0.3575083017349243,,,,,,,,,,,,,,,
mnist_iid,mnist,iid,2,full_retrain,0.5,mnist_iid/seed2/full_retrain_alpha0.50,0.9861,0.9729490022172949,0.9970066518847006,0.024057649667405756,False,0.9857,0.0013303769401330377,10,2,16.721370697021484,0.5477886199951172,0.24147622287273407,7.370403289794922,-0.4439884424209595,6.06239128112793,0.1288161277770996,0.28850308060646057,13.577634811401367,-0.3372359275817871,8.281027793884277,0.18176637589931488,0.2950076758861542,13.44012451171875,-0.4327582120895386,11.764581680297852,0.45456722378730774,0.20871706306934357,5.40131139755249,-0.4182995855808258,5.989869117736816,0.2093316912651062,0.3400208353996277,9.72944450378418,-0.6594190001487732,,,,,,,,,,,,,,,
mnist_iid,mnist,iid,2,short_retrain,0.75,mnist_iid/seed2/short_retrain_alpha0.75,0.9874,0.9907982261640799,0.9970066518847006,0.006208425720620747,False,0.9857,0.0013303769401330377,10,2,0.6360016465187073,0.8015738129615784,-0.17922565340995789,-0.14219039678573608,0.507466733455658,0.14427141845226288,0.19398733973503113,-0.6758422255516052,-0.5026344060897827,0.778998613357544,0.24123737215995789,0.2729305326938629,-0.37206363677978516,-0.3288584351539612,0.6485447287559509,0.5262041687965393,0.6594178676605225,-0.08563950657844543,-0.06833307445049286,0.4042215347290039,0.22049058973789215,0.3091854751110077,-0.2675856947898865,-0.19082437455654144,0.6842265129089355,,,,,,,,,,,,,,,
mnist_iid,mnist,iid,2,federaser,0.75,mnist_iid/seed2/federaser_alpha0.75,0.9638,0.019623059866962306,0.9970066518847006,0.9773835920177383,False,0.9857,0.0013303769401330377,10,2,4.141505718231201,0.8015738129615784,0.4892965853214264,2.5277976989746094,-0.5869992971420288,0.9234700798988342,0.19398733973503113,0.8052364587783813,3.8333003520965576,-0.8798636794090271,1.5541850328445435,0.2729305326938629,0.46224233508110046,2.632204532623291,-0.6431818604469299,3.3197202682495117,0.6594178676605225,0.474301815032959,2.387584686279297,-0.506145715713501,1.6923619508743286,0.3091854751110077,0.46959176659584045,2.570363998413086,-0.7229933738708496,,,,,,,,,,,,,,,
mnist_iid,mnist,iid,2,grad_negation,0.75,mnist_iid/seed2/grad_negation_alpha0.75,0.9868,0.8658536585365854,0.9970066518847006,0.13115299334811525,False,0.9857,0.0013303769401330377,10,2,1.116869568824768,0.8015738129615784,-0.09451811015605927,-0.131682887673378,0.41664451360702515,0.20172438025474548,0.19398733973503113,-0.27133747935295105,-0.2821595370769501,0.37015995383262634,0.3649473488330841,0.2729305326938629,-0.40652135014533997,-0.5435765981674194,0.6730635166168213,0.9410847425460815,0.6594178676605225,-0.0625094547867775,-0.08920248597860336,0.38213813304901123,0.4335078299045563,0.3091854751110077,0.03941793367266655,0.05526774376630783,0.4322570860385895,,,,,,,,,,,,,,,
mnist_iid,mnist,iid,2,full_retrain,0.75,mnist_iid/seed2/full_retrain_alpha0.75,0.9863,0.8216186252771619,0.9970066518847006,0.17538802660753872,False,0.9857,0.0013303769401330377,10,2,16.742399215698242,0.8015738129615784,0.24984249472618103,5.217901229858398,-0.43971818685531616,6.060365676879883,0.19398733973503113,0.2944783568382263,9.199809074401855,-0.3390315771102905,8.283935546875,0.2729305326938629,0.29160499572753906,8.850725173950195,-0.4318256974220276,11.789957046508789,0.6594178676605225,0.2163400650024414,3.867690324783325,-0.4110337197780609,5.996851921081543,0.3091854751110077,0.35893523693084717,6.961781024932861,-0.653564453125,,,,,,,,,,,,,,,
mnist_iid,mnist,iid,2,short_retrain,1.0,mnist_iid/seed2/short_retrain_alpha1.00,0.988,0.9823725055432373,0.9970066518847006,0.014634146341463317,True,0.9857,0.0013303769401330377,10,2,0.6521300673484802,1.0574005842208862,-0.1477920264005661,-0.09113822132349014,0.5305607318878174,0.1517770141363144,0.25312960147857666,-0.7084989547729492,-0.42481744289398193,0.8151471018791199,0.24529238045215607,0.35924315452575684,-0.3985286355018616,-0.27211639285087585,0.6921687126159668,0.5375975966453552,0.8728946447372437,-0.044777851551771164,-0.027575097978115082,0.4197939932346344,0.23038561642169952,0.4038116931915283,-0.19951072335243225,-0.11382630467414856,0.6974038481712341,0.07704105973243713,2.0243542194366455,1.0267159938812256,0.1643587350845337,0.14577576518058777,1.3197650909423828,0.05715244263410568,0.4886288344860077,1.0929890871047974,0.0712594985961914,1.8447015285491943,1.0214697122573853,0.13522304594516754,0.6596376895904541,1.0136698484420776
mnist_iid,mnist,iid,2,federaser,1.0,mnist_iid/seed2/federaser_alpha1.00,0.9661,0.0024390243902439024,0.9970066518847006,0.9945676274944567,True,0.9857,0.0013303769401330377,10,2,4.067555904388428,1.0574005842208862,0.5474224090576172,2.1055781841278076,-0.5351099371910095,0.8920695781707764,0.25312960147857666,0.8140626549720764,2.8688888549804688,-0.8758924007415771,1.5282436609268188,0.35924315452575684,0.5228312015533447,2.2241556644439697,-0.6401382088661194,3.285492181777954,0.8728946447372437,0.5430387258529663,2.0437498092651367,-0.43059831857681274,1.6186795234680176,0.4038116931915283,0.49912044405937195,2.0007243156433105,-0.6863683462142944,0.3119821548461914,2.0243542194366455,1.9451756477355957,-0.03534835949540138,0.14577576518058777,6.235420227050781,0.16421383619308472,0.4886288344860077,3.1232669353485107,0.3794060945510864,1.8447015285491943,1.6795040369033813,0.14179445803165436,0.6596376895904541,2.515092134475708
mnist_iid,mnist,iid,2,grad_negation,1.0,mnist_iid/seed2/grad_negation_alpha1.00,0.9872,0.5188470066518847,0.9970066518847006,0.47815964523281596,True,0.9857,0.0013303769401330377,10,2,1.204696774482727,1.0574005842208862,0.039408233016729355,0.04489314556121826,0.421349436044693,0.21496792137622833,0.25312960147857666,-0.2434578835964203,-0.20675434172153473,0.36241573095321655,0.3784893751144409,0.35924315452575684,-0.32640740275382996,-0.3438941240310669,0.6945696473121643,1.0272846221923828,0.8728946447372437,0.09011974185705185,0.10604915767908096,0.39023733139038086,0.45449888706207275,0.4038116931915283,0.1472107321023941,0.1656888723373413,0.43341195583343506,0.1708514541387558,2.0243542194366455,1.0727580785751343,0.1455174684524536,0.14577576518058777,1.6569284200668335,0.11908037215471268,0.4886288344860077,1.189755916595459,0.1687658131122589,1.8447015285491943,1.0593256950378418,0.23435699939727783,0.6596376895904541,1.0732141733169556
mnist_iid,mnist,iid,2,full_retrain,1.0,mnist_iid/seed2/full_retrain_alpha1.00,0.986,0.0013303769401330377,0.9970066518847006,0.9956762749445676,True,0.9857,0.0013303769401330377,10,2,16.729015350341797,1.0574005842208862,0.2525593042373657,3.9952969551086426,-0.4328959882259369,6.065605640411377,0.25312960147857666,0.29599395394325256,7.0927414894104,-0.33480656147003174,8.28048038482666,0.35924315452575684,0.288937509059906,6.659943103790283,-0.42988768219947815,11.767809867858887,0.8728946447372437,0.21926061809062958,2.95564866065979,-0.40180516242980957,6.002411842346191,0.4038116931915283,0.3718734383583069,5.527668476104736,-0.6441205739974976,0.04811840131878853,2.0243542194366455,8.276263236999512,-0.0331939272582531,0.14577576518058777,41.654335021972656,0.001077001797966659,0.4886288344860077,16.974761962890625,0.06946763396263123,1.8447015285491943,6.388152122497559,0.03700907155871391,0.6596376895904541,9.117478370666504
mnist_iid,mnist,iid,3,short_retrain,0.25,mnist_iid/seed3/short_retrain_alpha0.25,0.9875,0.9953436807095344,0.9952328159645233,-0.00011086474501109667,False,0.9869,0.0017738359201773836,10,2,0.5961371660232544,0.30848363041877747,-0.1759587824344635,-0.339995414018631,0.5023386478424072,0.12588000297546387,0.05991027504205704,-0.6896611452102661,-1.4490764141082764,0.7929095029830933,0.22535742819309235,0.10566166043281555,-0.33325132727622986,-0.7107650637626648,0.6097463965415955,0.4952240288257599,0.2565845251083374,-0.10098899900913239,-0.19489510357379913,0.42046937346458435,0.2086087465286255,0.12073756754398346,-0.25369811058044434,-0.4383360743522644,0.6365333199501038,,,,,,,,,,,,,,,
mnist_iid,mnist,iid,3,federaser,0.25,mnist_iid/seed3/federaser_alpha0.25,0.965,0.5429046563192904,0.9952328159645233,0.4523281596452329,False,0.9869,0.0017738359201773836,10,2,3.534869909286499,0.30848363041877747,0.34555426239967346,3.9591832160949707,-0.6342062950134277,0.8912270665168762,0.05991027504205704,0.852536678314209,12.682363510131836,-0.9435991048812866,1.430275797843933,0.10566166043281555,0.34728121757507324,4.700925350189209,-0.7239531874656677,2.7564353942871094,0.2565845251083374,0.30231398344039917,3.247365713119507,-0.5380086302757263,1.4346153736114502,0.12073756754398346,0.37521782517433167,4.458373069763184,-0.7225489616394043,,,,,,,,,,,,,,,
mnist_iid,mnist,iid,3,grad_negation,0.25,mnist_iid/seed3/grad_negation_alpha0.25,0.9865,0.9701773835920178,0.9952328159645233,0.025055432372505515,False,0.9869,0.0017738359201773836,10,2,1.378065824508667,0.30848363041877747,-0.12925677001476288,-0.5773500204086304,0.3364814817905426,0.20735090970993042,0.05991027504205704,-0.1450178623199463,-0.501910388469696,0.26409268379211426,0.4233967661857605,0.10566166043281555,-0.3603474795818329,-1.4439473152160645,0.5699475407600403,1.1894428730010986,0.2565845251083374,-0.12284568697214127,-0.5694147348403931,0.32222527265548706,0.5119499564170837,0.12073756754398346,0.007529880851507187,0.03192809969186783,0.30434173345565796,,,,,,,,,,,,,,,
mnist_iid,mnist,iid,3,full_retrain,0.25,mnist_iid/seed3/full_retrain_alpha0.25,0.9855,0.9892461197339246,0.9952328159645233,0.005986696230598665,False,0.9869,0.0017738359201773836,10,2,16.661741256713867,0.30848363041877747,0.22355884313583374,12.07336139678955,-0.4432590901851654,6.290445804595947,0.05991027504205704,0.3950170874595642,41.47592544555664,-0.41131913661956787,8.132609367370605,0.10566166043281555,0.22635598480701447,17.42224884033203,-0.395255446434021,11.696402549743652,0.2565845251083374,0.18369317054748535,8.372795104980469,-0.41208547353744507,5.925106048583984,0.12073756754398346,0.3556193709373474,17.451749801635742,-0.6581459045410156,,,,,,,,,,,,,,,
mnist_iid,mnist,iid,3,short_retrain,0.5,mnist_iid/seed3/short_retrain_alpha0.50,0.988,0.992350332594235,0.9952328159645233,0.0028824833702882913,False,0.9869,0.0017738359201773836,10,2,0.605035126209259,0.5506623983383179,-0.17976534366607666,-0.1974915862083435,0.503645658493042,0.1288326233625412,0.11431016027927399,-0.7123068571090698,-0.8028014302253723,0.8087365627288818,0.22743800282478333,0.19154471158981323,-0.3550218641757965,-0.42154890298843384,0.6229884624481201,0.5023234486579895,0.45642998814582825,-0.09366734325885773,-0.10307413339614868,0.41544127464294434,0.21314245462417603,0.21250486373901367,-0.2751013934612274,-0.2759268283843994,0.6398462057113647,,,,,,,,,,,,,,,
mnist_iid,mnist,iid,3,federaser,0.5,mnist_iid/seed3/federaser_alpha0.50,0.9643,0.1706208425720621,0.9952328159645233,0.8246119733924612,False,0.9869,0.0017738359201773836,10,2,3.4991912841796875,0.5506623983383179,0.4362630844116211,2.771904230117798,-0.6107742190361023,0.8890113830566406,0.11431016027927399,0.8668463230133057,6.74162483215332,-0.9479081034660339,1.4008450508117676,0.19154471158981323,0.42196762561798096,3.08602237701416,-0.7272534370422363,2.736311912536621,0.45642998814582825,0.40082383155822754,2.4026870727539062,-0.4989854693412781,1.4159562587738037,0.21250486373901367,0.46097081899642944,3.0715279579162598,-0.7084383368492126,,,,,,,,,,,,,,,
mnist_iid,mnist,iid,3,grad_negation,0.5,mnist_iid/seed3/grad_negation_alpha0.50,0.987,0.9480044345898004,0.9952328159645233,0.04722838137472285,False,0.9869,0.0017738359201773836,10,2,1.1958255767822266,0.5506623983383179,-0.1387420892715454,-0.3012576997280121,0.3743472397327423,0.19346292316913605,0.11431016027927399,-0.18515044450759888,-0.3133557438850403,0.30423206090927124,0.38209104537963867,0.19154471158981323,-0.37978264689445496,-0.7575857639312744,0.5892810821533203,1.0227967500686646,0.45642998814582825,-0.1298544555902481,-0.29095396399497986,0.3608282804489136,0.4477789103984833,0.21250486373901367,0.012079007923603058,0.02545224316418171,0.34557148814201355,,,,,,,,,,,,,,,
mnist_iid,mnist,iid,3,full_retrain,0.5,mnist_iid/seed3/full_retrain_alpha0.50,0.9865,0.9717294900221729,0.9952328159645233,0.023503325942350384,False,0.9869,0.0017738359201773836,10,2,16.686586380004883,0.5506623983383179,0.24282990396022797,7.357524871826172,-0.4407288134098053,6.293638706207275,0.11431016027927399,0.3920699954032898,21.58641815185547,-0.4124327003955841,8.139721870422363,0.19154471158981323,0.23882298171520233,10.148818969726562,-0.3956936299800873,11.7166109085083,0.45642998814582825,0.20346590876579285,5.222419261932373,-0.40749868750572205,5.9419026374816895,0.21250486373901367,0.3870869278907776,10.823437690734863,-0.6549031138420105,,,,,,,,,,,,,,,
mnist_iid,mnist,iid,3,short_retrain,0.75,mnist_iid/seed3/short_retrain_alpha0.75,0.9872,0.9882483370288249,0.9952328159645233,0.006984478935698424,False,0.9869,0.0017738359201773836,10,2,0.6337523460388184,0.7961737513542175,-0.15269698202610016,-0.12153113633394241,0.5059998631477356,0.13335871696472168,0.16871939599514008,-0.6929576992988586,-0.5477256774902344,0.7912764549255371,0.2389162927865982,0.280843585729599,-0.3398404121398926,-0.2891051173210144,0.6100415587425232,0.526969313621521,0.6556348204612732,-0.06428796797990799,-0.05166621878743172,0.42565879225730896,0.22158172726631165,0.31101465225219727,-0.23857726156711578,-0.16997382044792175,0.6436082720756531,,,,,,,,,,,,,,,
mnist_iid,mnist,iid,3,federaser,0.75,mnist_iid/seed3/federaser_alpha0.75,0.966,0.018847006651884702,0.9952328159645233,0.9763858093126386,False,0.9869,0.0017738359201773836,10,2,3.5190584659576416,0.7961737513542175,0.5010772943496704,2.2144644260406494,-0.568447470664978,0.8984918594360352,0.16871939599514008,0.8812419772148132,4.69293212890625,-0.9528148174285889,1.3845371007919312,0.280843585729599,0.46827012300491333,2.30853271484375,-0.7241966128349304,2.781923294067383,0.6556348204612732,0.4823382496833801,2.0463905334472656,-0.4365975260734558,1.3860543966293335,0.31101465225219727,0.48363903164863586,2.1553642749786377,-0.6790968179702759,,,,,,,,,,,,,,,
mnist_iid,mnist,iid,3,grad_negation,0.75,mnist_iid/seed3/grad_negation_alpha0.75,0.9866,0.792350332594235,0.9952328159645233,0.20288248337028825,False,0.9869,0.0017738359201773836,10,2,1.266844391822815,0.7961737513542175,-0.07185688614845276,-0.11432182788848877,0.3764345049858093,0.20718912780284882,0.16871939599514008,-0.17756208777427673,-0.21804802119731903,0.30907943844795227,0.3843896985054016,0.280843585729599,-0.35603955388069153,-0.48730963468551636,0.5912426114082336,1.0898914337158203,0.6556348204612732,-0.050676967948675156,-0.08423363417387009,0.3639451265335083,0.4758041799068451,0.31101465225219727,0.05661545693874359,0.08661285042762756,0.35709071159362793,,,,,,,,,,,,,,,
mnist_iid,mnist,iid,3,full_retrain,0.75,mnist_iid/seed3/full_retrain_alpha0.75,0.9857,0.8385809312638581,0.9952328159645233,0.15665188470066516,False,0.9869,0.0017738359201773836,10,2,16.70704460144043,0.7961737513542175,0.24663901329040527,5.174863338470459,-0.436043381690979,6.294755935668945,0.16871939599514008,0.39662909507751465,14.797842025756836,-0.41295039653778076,8.146533012390137,0.280843585729599,0.24119852483272552,6.996526718139648,-0.39480093121528625,11.73531436920166,0.6556348204612732,0.20658040046691895,3.6972219944000244,-0.40037640929222107,5.951961994171143,0.31101465225219727,0.3879739046096802,7.424747943878174,-0.6490927338600159,,,,,,,,,,,,,,,
mnist_iid,mnist,iid,3,short_retrain,1.0,mnist_iid/seed3/short_retrain_alpha1.00,0.9874,0.9677383592017739,0.9952328159645233,0.02749445676274942,True,0.9869,0.0017738359201773836,10,2,0.6519306302070618,1.0534764528274536,-0.12469615787267685,-0.07715702801942825,0.5040451884269714,0.1340719312429428,0.22752094268798828,-0.701787531375885,-0.4135444164276123,0.798146665096283,0.24089063704013824,0.36958789825439453,-0.34746578335762024,-0.2264716476202011,0.600147008895874,0.5434883236885071,0.8666114211082458,-0.03419748693704605,-0.02144426852464676,0.42961597442626953,0.23162302374839783,0.41290467977523804,-0.1797536015510559,-0.10083456337451935,0.6299393773078918,0.1101762056350708,1.9805312156677246,1.0177569389343262,0.316215842962265,0.102740079164505,1.370265245437622,0.14967283606529236,0.36624711751937866,1.1116288900375366,0.10875214636325836,1.81034255027771,1.0123436450958252,0.1079801693558693,0.7074640989303589,1.0180788040161133
mnist_iid,mnist,iid,3,federaser,1.0,mnist_iid/seed3/federaser_alpha1.00,0.9687,0.003658536585365854,0.9952328159645233,0.9915742793791574,True,0.9869,0.0017738359201773836,10,2,3.548428535461426,1.0534764528274536,0.5674459338188171,1.911091923713684,-0.510221540927887,0.8854399919509888,0.22752094268798828,0.8899731636047363,3.463495969772339,-0.9512373208999634,1.3732261657714844,0.36958789825439453,0.5225206017494202,1.9414550065994263,-0.7034717202186584,2.845982789993286,0.8666114211082458,0.5637466311454773,1.8511561155319214,-0.3595556616783142,1.3500553369522095,0.41290467977523804,0.5136505961418152,1.6794590950012207,-0.6447681188583374,0.3295363783836365,1.9805312156677246,1.7404859066009521,-0.1629313975572586,0.102740079164505,8.83643913269043,0.05562200769782066,0.36624711751937866,3.8263933658599854,0.41293448209762573,1.81034255027771,1.4741864204406738,0.18346701562404633,0.7074640989303589,1.9852949380874634
mnist_iid,mnist,iid,3,grad_negation,1.0,mnist_iid/seed3/grad_negation_alpha1.00,0.9865,0.47350332594235034,0.9952328159645233,0.521729490022173,True,0.9869,0.0017738359201773836,10,2,1.18110990524292,1.0534764528274536,0.03275095671415329,0.036714307963848114,0.4175961911678314,0.2067308872938156,0.22752094268798828,-0.1736004501581192,-0.15773746371269226,0.3177139163017273,0.36603814363479614,0.36958789825439453,-0.30048197507858276,-0.29759567975997925,0.6121833324432373,1.0132269859313965,0.8666114211082458,0.08372662216424942,0.09788070619106293,0.4126734733581543,0.4378472864627838,0.41290467977523804,0.0887690931558609,0.09413140267133713,0.3935013711452484,0.17859163880348206,1.9805312156677246,1.0689512491226196,0.3895628750324249,0.102740079164505,1.8657726049423218,0.2168617695569992,0.36624711751937866,1.2511531114578247,0.18032950162887573,1.81034255027771,1.0542389154434204,0.16026237607002258,0.7074640989303589,1.0884212255477905
mnist_iid,mnist,iid,3,full_retrain,1.0,mnist_iid/seed3/full_retrain_alpha1.00,0.9866,0.0009977827050997783,0.9952328159645233,0.9942350332594235,True,0.9869,0.0017738359201773836,10,2,16.69255256652832,1.0534764528274536,0.25339752435684204,4.0146355628967285,-0.43027979135513306,6.3036580085754395,0.22752094268798828,0.3979070484638214,11.024348258972168,-0.41154471039772034,8.141605377197266,0.36958789825439453,0.2494892030954361,5.4959611892700195,-0.3945072889328003,11.713815689086914,0.8666114211082458,0.2121756225824356,2.8676137924194336,-0.39139440655708313,5.951009750366211,0.41290467977523804,0.39914461970329285,5.75269079208374,-0.6439003944396973,0.04244695603847504,1.9805312156677246,8.445178031921387,-0.00050406000809744,0.102740079164505,61.36404800415039,-0.03504076227545738,0.36624711751937866,22.287267684936523,0.0678541511297226,1.81034255027771,6.479896545410156,0.01643596775829792,0.7074640989303589,8.454644203186035
mnist_iid,mnist,iid,4,short_retrain,0.25,mnist_iid/seed4/short_retrain_alpha0.25,0.9861,0.9977827050997783,0.9953436807095344,-0.0024390243902439046,False,0.9852,0.0014412416851441242,10,2,0.5869128108024597,0.298671692609787,-0.19540368020534515,-0.3839426040649414,0.48162633180618286,0.12993542850017548,0.055824898183345795,-0.7645642161369324,-1.7795641422271729,0.7826562523841858,0.2201123833656311,0.09784122556447983,-0.3892907500267029,-0.8757817149162292,0.6575191617012024,0.4868603050708771,0.25302398204803467,-0.10198956727981567,-0.19622479379177094,0.36723339557647705,0.20522251725196838,0.11179075390100479,-0.33822959661483765,-0.620913028717041,0.6554020643234253,,,,,,,,,,,,,,,
mnist_iid,mnist,iid,4,federaser,0.25,mnist_iid/seed4/federaser_alpha0.25,0.9592,0.648669623059867,0.9953436807095344,0.3466740576496674,False,0.9852,0.0014412416851441242,10,2,3.5058987140655518,0.298671692609787,0.3905186355113983,4.583540916442871,-0.643123984336853,0.942379355430603,0.055824898183345795,0.8568251132965088,14.464054107666016,-0.9135772585868835,1.5075266361236572,0.09784122556447983,0.5018600821495056,7.7325897216796875,-0.7967337965965271,2.6632139682769775,0.25302398204803467,0.32075685262680054,3.3757922649383545,-0.5213082432746887,1.427854299545288,0.11179075390100479,0.46155107021331787,5.895190238952637,-0.7325206995010376,,,,,,,,,,,,,,,
mnist_iid,mnist,iid,4,grad_negation,0.25,mnist_iid/seed4/grad_negation_alpha0.25,0.9858,0.9851441241685144,0.9953436807095344,0.010199556541020005,False,0.9852,0.0014412416851441242,10,2,1.4293804168701172,0.298671692609787,-0.13634797930717468,-0.6524639129638672,0.3480370044708252,0.24211476743221283,0.055824898183345795,-0.3532913625240326,-1.5322386026382446,0.3455948233604431,0.4826016128063202,0.09784122556447983,-0.39590778946876526,-1.9528106451034546,0.6129278540611267,1.1879546642303467,0.25302398204803467,-0.10551238805055618,-0.4953327775001526,0.31408876180648804,0.5834623575210571,0.11179075390100479,-0.04637494683265686,-0.24204184114933014,0.2936515510082245,,,,,,,,,,,,,,,
mnist_iid,mnist,iid,4,full_retrain,0.25,mnist_iid/seed4/full_retrain_alpha0.25,0.9859,0.9945676274944567,0.9953436807095344,0.0007760532150776767,False,0.9852,0.0014412416851441242,10,2,16.83909797668457,0.298671692609787,0.23517507314682007,13.257757186889648,-0.4559795558452606,6.598134994506836,0.055824898183345795,0.44845375418663025,53.0042839050293,-0.4585568606853485,8.177450180053711,0.09784122556447983,0.27972763776779175,23.37925148010254,-0.41795793175697327,11.730422973632812,0.25302398204803467,0.19005107879638672,8.810037612915039,-0.41846325993537903,5.962777614593506,0.11179075390100479,0.3445969223976135,18.3803653717041,-0.6519935131072998,,,,,,,,,,,,,,,
mnist_iid,mnist,iid,4,short_retrain,0.5,mnist_iid/seed4/short_retrain_alpha0.50,0.9869,0.9941241685144124,0.9953436807095344,0.0012195121951219523,False,0.9852,0.0014412416851441242,10,2,0.6086319088935852,0.543429434299469,-0.18363326787948608,-0.20564325153827667,0.4847206473350525,0.13344866037368774,0.11401429027318954,-0.7377326488494873,-0.8634832501411438,0.7800339460372925,0.23016612231731415,0.19063210487365723,-0.37779587507247925,-0.4561440348625183,0.6589598059654236,0.5049004554748535,0.44995829463005066,-0.08340246230363846,-0.0935765728354454,0.3715047240257263,0.211519256234169,0.2086266577243805,-0.31697171926498413,-0.32136645913124084,0.6624966859817505,,,,,,,,,,,,,,,
mnist_iid,mnist,iid,4,federaser,0.5,mnist_iid/seed4/federaser_alpha0.50,0.9601,0.14634146341463414,0.9953436807095344,0.8490022172949002,False,0.9852,0.0014412416851441242,10,2,3.55900502204895,0.543429434299469,0.46073636412620544,3.0170981884002686,-0.611312985420227,0.94994056224823,0.11401429027318954,0.8581201434135437,7.149656772613525,-0.9163593053817749,1.5012664794921875,0.19063210487365723,0.5277814269065857,4.1563801765441895,-0.8017434477806091,2.7326438426971436,0.44995829463005066,0.40797916054725647,2.4774420261383057,-0.47367873787879944,1.4296000003814697,0.2086266577243805,0.48773568868637085,3.342175245285034,-0.7075702548027039,,,,,,,,,,,,,,,
mnist_iid,mnist,iid,4,grad_negation,0.5,mnist_iid/seed4/grad_negation_alpha0.50,0.9852,0.9518847006651885,0.9953436807095344,0.043458980044345896,False,0.9852,0.0014412416851441242,10,2,1.4537532329559326,0.543429434299469,-0.10959001630544662,-0.2931365966796875,0.3497053384780884,0.23698824644088745,0.11401429027318954,-0.34216558933258057,-0.7112197875976562,0.3674081861972809,0.4389306604862213,0.19063210487365723,-0.4174842834472656,-0.9612568616867065,0.6530308723449707,1.2218220233917236,0.44995829463005066,-0.07438976317644119,-0.20197778940200806,0.3119387924671173,0.6097343564033508,0.2086266577243805,-0.011809563264250755,-0.03451474383473396,0.3129151165485382,,,,,,,,,,,,,,,
mnist_iid,mnist,iid,4,full_retrain,0.5,mnist_iid/seed4/full_retrain_alpha0.50,0.9857,0.9866962305986696,0.9953436807095344,0.008647450110864763,False,0.9852,0.0014412416851441242,10,2,16.851938247680664,0.543429434299469,0.25626569986343384,7.946002006530762,-0.4529086947441101,6.600164890289307,0.11401429027318954,0.44275301694869995,25.630495071411133,-0.45954540371894836,8.184407234191895,0.19063210487365723,0.2904294431209564,12.468989372253418,-0.41846418380737305,11.741151809692383,0.44995829463005066,0.20755380392074585,5.415317535400391,-0.41365769505500793,5.966083526611328,0.2086266577243805,0.3728004992008209,10.660951614379883,-0.6470857858657837,,,,,,,,,,,,,,,
mnist_iid,mnist,iid,4,short_retrain,0.75,mnist_iid/seed4/short_retrain_alpha0.75,0.9868,0.9907982261640799,0.9953436807095344,0.004545454545454519,False,0.9852,0.0014412416851441242,10,2,0.6297211647033691,0.798544704914093,-0.16559112071990967,-0.13056786358356476,0.48595383763313293,0.1383468061685562,0.170869842171669,-0.7010670304298401,-0.5676273107528687,0.7664594054222107,0.23839619755744934,0.28820693492889404,-0.3370288014411926,-0.278779536485672,0.6534159779548645,0.5233414769172668,0.6569229364395142,-0.07014013081789017,-0.05587146058678627,0.3752742409706116,0.21611760556697845,0.30641821026802063,-0.2933492362499237,-0.20690004527568817,0.6748156547546387,,,,,,,,,,,,,,,
mnist_iid,mnist,iid,4,federaser,0.75,mnist_iid/seed4/federaser_alpha0.75,0.9639,0.013968957871396896,0.9953436807095344,0.9813747228381375,False,0.9852,0.0014412416851441242,10,2,3.6024861335754395,0.798544704914093,0.5297170877456665,2.389446258544922,-0.5760495662689209,0.954110860824585,0.170869842171669,0.8559175729751587,4.779311656951904,-0.9140031933784485,1.508870244026184,0.28820693492889404,0.5394956469535828,2.824453353881836,-0.8004165887832642,2.786626100540161,0.6569229364395142,0.5015719532966614,2.1274051666259766,-0.42004433274269104,1.4234906435012817,0.30641821026802063,0.5308241248130798,2.465986728668213,-0.6923362612724304,,,,,,,,,,,,,,,
mnist_iid,mnist,iid,4,grad_negation,0.75,mnist_iid/seed4/grad_negation_alpha0.75,0.9859,0.8502217294900222,0.9953436807095344,0.1451219512195122,False,0.9852,0.0014412416851441242,10,2,1.483417272567749,0.798544704914093,-0.0820160061120987,-0.1523396372795105,0.3568172752857208,0.2512626647949219,0.170869842171669,-0.30729904770851135,-0.45188063383102417,0.3437867760658264,0.4639069139957428,0.28820693492889404,-0.36950862407684326,-0.5947712659835815,0.6453163623809814,1.249716877937317,0.6569229364395142,-0.04117029532790184,-0.07831300795078278,0.3182976245880127,0.6003673076629639,0.30641821026802063,-0.004117906093597412,-0.008068242110311985,0.33209940791130066,,,,,,,,,,,,,,,
mnist_iid,mnist,iid,4,full_retrain,0.75,mnist_iid/seed4/full_retrain_alpha0.75,0.9855,0.8539911308203991,0.9953436807095344,0.14135254988913526,False,0.9852,0.0014412416851441242,10,2,16.87558364868164,0.798544704914093,0.2630615532398224,5.558622360229492,-0.44858893752098083,6.599506855010986,0.170869842171669,0.4343250095844269,16.77493667602539,-0.4617527425289154,8.19162654876709,0.28820693492889404,0.28779783844947815,8.17997932434082,-0.41847696900367737,11.76221752166748,0.6569229364395142,0.2175198197364807,3.894272565841675,-0.4062801003456116,5.982271671295166,0.30641821026802063,0.3791542947292328,7.402315139770508,-0.6420283913612366,,,,,,,,,,,,,,,
mnist_iid,mnist,iid,4,short_retrain,1.0,mnist_iid/seed4/short_retrain_alpha1.00,0.9872,0.9751662971175167,0.9953436807095344,0.020177383592017706,True,0.9852,0.0014412416851441242,10,2,0.653327465057373,1.048393726348877,-0.13241448998451233,-0.08250663429498672,0.4904501438140869,0.14168603718280792,0.22934012115001678,-0.6941642761230469,-0.4288538098335266,0.7735797166824341,0.24610386788845062,0.3843321204185486,-0.30557727813720703,-0.19567333161830902,0.6592026352882385,0.5434263348579407,0.8591603636741638,-0.0366736575961113,-0.023193689063191414,0.38355085253715515,0.22560963034629822,0.40088972449302673,-0.24450770020484924,-0.13760212063789368,0.6671919226646423,0.04395608976483345,2.188533306121826,1.0309557914733887,0.24215252697467804,0.1248147040605545,1.3186523914337158,0.16259241104125977,0.4033750593662262,1.083437442779541,0.03521054610610008,1.9768255949020386,1.027718424797058,0.02431381680071354,0.838802695274353,1.0292054414749146
mnist_iid,mnist,iid,4,federaser,1.0,mnist_iid/seed4/federaser_alpha1.00,0.9635,0.003215077605321508,0.9953436807095344,0.9921286031042129,True,0.9852,0.0014412416851441242,10,2,3.721569061279297,1.048393726348877,0.5778532028198242,2.051002025604248,-0.5120335817337036,0.9721977114677429,0.22934012115001678,0.8618794083595276,3.6536006927490234,-0.9150713086128235,1.518429160118103,0.3843321204185486,0.5597947835922241,2.2116456031799316,-0.7989352941513062,2.92114520072937,0.8591603636741638,0.5606961846351624,1.9061437845230103,-0.3318849503993988,1.4377117156982422,0.40088972449302673,0.5700247883796692,2.044280767440796,-0.639998197555542,0.37651345133781433,2.188533306121826,1.6159311532974243,-0.1685991734266281,0.1248147040605545,8.01854133605957,0.06893152743577957,0.4033750593662262,3.8276736736297607,0.4720291495323181,1.9768255949020386,1.3374168872833252,0.2645866274833679,0.838802695274353,1.740921139717102
mnist_iid,mnist,iid,4,grad_negation,1.0,mnist_iid/seed4/grad_negation_alpha1.00,0.9857,0.6008869179600886,0.9953436807095344,0.39445676274944574,True,0.9852,0.0014412416851441242,10,2,1.452675223350525,1.048393726348877,-0.008326010778546333,-0.011535274796187878,0.38200047612190247,0.2530196011066437,0.22934012115001678,-0.3160843253135681,-0.3487201929092407,0.3805854618549347,0.46369504928588867,0.3843321204185486,-0.32155054807662964,-0.38794830441474915,0.6727039217948914,1.2156797647476196,0.8591603636741638,0.047145646065473557,0.0667015090584755,0.34552866220474243,0.5944812297821045,0.40088972449302673,0.05758536234498024,0.08539357781410217,0.33648619055747986,0.11051042377948761,2.188533306121826,1.1374931335449219,0.28398042917251587,0.1248147040605545,1.9894814491271973,0.13114039599895477,0.4033750593662262,1.421244502067566,0.10988815873861313,1.9768255949020386,1.1149166822433472,0.10780827701091766,0.838802695274353,1.1616709232330322
mnist_iid,mnist,iid,4,full_retrain,1.0,mnist_iid/seed4/full_retrain_alpha1.00,0.9853,0.0022172949002217295,0.9953436807095344,0.9931263858093127,True,0.9852,0.0014412416851441242,10,2,16.864694595336914,1.048393726348877,0.2664409577846527,4.28550386428833,-0.4430761933326721,6.608856201171875,0.22934012115001678,0.4310395419597626,12.421195983886719,-0.46224644780158997,8.192924499511719,0.3843321204185486,0.2891921103000641,6.164779186248779,-0.41804009675979614,11.742667198181152,0.8591603636741638,0.21857911348342896,2.9871037006378174,-0.3979683220386505,5.977863311767578,0.40088972449302673,0.3929816782474518,5.859940528869629,-0.6367979645729065,0.03978724032640457,2.188533306121826,7.73099422454834,-0.13055963814258575,0.1248147040605545,53.08915328979492,-0.021604429930448532,0.4033750593662262,20.357112884521484,0.06608998030424118,1.9768255949020386,5.958229064941406,0.022623542696237564,0.838802695274353,7.1740403175354
gtsrb_iid,gtsrb,iid,0,short_retrain,0.25,gtsrb_iid/seed0/short_retrain_alpha0.25,0.8371338083927158,0.8562450278440732,0.8408114558472554,-0.01543357199681783,False,0.8269200316706254,0.002466189339697693,20,2,0.6055644154548645,0.7635961771011353,-0.14657144248485565,-0.11622682958841324,0.5986559987068176,0.1626887321472168,0.16993235051631927,-0.2604845464229584,-0.2493809312582016,0.9162306785583496,0.2217680662870407,0.2238624393939972,-0.5075744986534119,-0.502825140953064,0.7298443913459778,0.4753052294254303,0.6134920716285706,-0.08085383474826813,-0.06263615190982819,0.5118961930274963,0.2552568316459656,0.3573993146419525,-0.12933194637298584,-0.09236965328454971,0.6092703342437744,,,,,,,,,,,,,,,
gtsrb_iid,gtsrb,iid,0,federaser,0.25,gtsrb_iid/seed0/federaser_alpha0.25,0.44813935075217737,0.8447891805887032,0.8408114558472554,-0.003977724741447863,False,0.8269200316706254,0.002466189339697693,20,2,10.035714149475098,0.7635961771011353,0.2614467740058899,3.435802698135376,-0.8715580701828003,3.4554831981658936,0.16993235051631927,0.20017988979816437,4.070549488067627,-0.979910135269165,4.058442115783691,0.2238624393939972,0.4389294385910034,7.957419395446777,-0.9321447610855103,7.12819766998291,0.6134920716285706,0.2592274248600006,3.0117056369781494,-0.8234124183654785,4.6367669105529785,0.3573993146419525,0.2133597433567047,2.768049716949463,-0.8707302808761597,,,,,,,,,,,,,,,
gtsrb_iid,gtsrb,iid,0,grad_negation,0.25,gtsrb_iid/seed0/grad_negation_alpha0.25,0.8385589865399842,0.811217183770883,0.8408114558472554,0.02959427207637233,False,0.8269200316706254,0.002466189339697693,20,2,1.491424560546875,0.7635961771011353,-0.15044274926185608,-0.29381176829338074,0.3335048258304596,0.2896925210952759,0.16993235051631927,-0.6149197816848755,-1.0482854843139648,0.40911078453063965,0.9694796800613403,0.2238624393939972,-0.3221037983894348,-1.3949310779571533,0.24637939035892487,0.9635221362113953,0.6134920716285706,-0.099284827709198,-0.15591807663440704,0.3878425061702728,0.5218680500984192,0.3573993146419525,-0.06683087348937988,-0.09758520871400833,0.4001626670360565,,,,,,,,,,,,,,,
gtsrb_iid,gtsrb,iid,0,full_retrain,0.25,gtsrb_iid/seed0/full_retrain_alpha0.25,0.8229612034837688,0.7796340493237868,0.8408114558472554,0.06117740652346859,False,0.8269200316706254,0.002466189339697693,20,2,23.80386734008789,0.7635961771011353,0.17466357350349426,5.444356441497803,-0.5835510492324829,9.198309898376465,0.16993235051631927,0.18598520755767822,10.067235946655273,-0.6154422760009766,10.6298828125,0.2238624393939972,0.2568584680557251,12.196649551391602,-0.5631566643714905,15.448416709899902,0.6134920716285706,0.17664949595928192,4.4478302001953125,-0.5557395219802856,11.418643951416016,0.3573993146419525,0.14669080078601837,4.6866607666015625,-0.6386808156967163,,,,,,,,,,,,,,,
gtsrb_iid,gtsrb,iid,0,short_retrain,0.5,gtsrb_iid/seed0/short_retrain_alpha0.50,0.8382422802850357,0.8344470962609387,0.8408114558472554,0.006364359586316648,False,0.8269200316706254,0.002466189339697693,20,2,0.6032866835594177,1.3170894384384155,-0.1043582633137703,-0.04779646173119545,0.6216384768486023,0.17407065629959106,0.3565268814563751,-0.10360269993543625,-0.05058297514915466,0.9303992390632629,0.21434088051319122,0.43315553665161133,-0.4198334515094757,-0.20774833858013153,0.8004733324050903,0.4696347415447235,1.008451223373413,-0.059895582497119904,-0.027890950441360474,0.5194529294967651,0.25916704535484314,0.6348912715911865,-0.05558575689792633,-0.022690484300255775,0.6254551410675049,,,,,,,,,,,,,,,
gtsrb_iid,gtsrb,iid,0,federaser,0.5,gtsrb_iid/seed0/federaser_alpha0.50,0.4399049881235154,0.7439936356404137,0.8408114558472554,0.09681782020684171,False,0.8269200316706254,0.002466189339697693,20,2,10.489418029785156,1.3170894384384155,0.30999431014060974,2.468597650527954,-0.8588679432868958,3.5922441482543945,0.3565268814563751,0.18558399379253387,1.8698816299438477,-0.9700948596000671,4.270073890686035,0.43315553665161133,0.4883593022823334,4.814269542694092,-0.9215254783630371,7.469050884246826,1.008451223373413,0.32749196887016296,2.425349712371826,-0.8115168809890747,4.8073883056640625,0.6348912715911865,0.22116903960704803,1.6746882200241089,-0.853279709815979,,,,,,,,,,,,,,,
gtsrb_iid,gtsrb,iid,0,grad_negation,0.5,gtsrb_iid/seed0/grad_negation_alpha0.50,0.8391132224861441,0.7795544948289579,0.8408114558472554,0.06125696101829747,False,0.8269200316706254,0.002466189339697693,20,2,1.1860697269439697,1.3170894384384155,-0.1334570348262787,-0.1201702207326889,0.39784103631973267,0.24071469902992249,0.3565268814563751,-0.5629721879959106,-0.3800995349884033,0.5004924535751343,0.7136271595954895,0.43315553665161133,-0.32040515542030334,-0.5278693437576294,0.30607807636260986,0.8106383681297302,1.008451223373413,-0.07710818946361542,-0.061977773904800415,0.43249550461769104,0.4272507429122925,0.6348912715911865,0.007040569093078375,0.00473795598372817,0.4829023480415344,,,,,,,,,,,,,,,
gtsrb_iid,gtsrb,iid,0,full_retrain,0.5,gtsrb_iid/seed0/full_retrain_alpha0.50,0.8231987331749802,0.7183770883054893,0.8408114558472554,0.12243436754176606,False,0.8269200316706254,0.002466189339697693,20,2,23.81082534790039,1.3170894384384155,0.1968568116426468,3.558525562286377,-0.5749298930168152,9.18770980834961,0.3565268814563751,0.1540490984916687,3.969851016998291,-0.6099715828895569,10.615398406982422,0.43315553665161133,0.26203039288520813,6.421603679656982,-0.5587228536605835,15.48364543914795,1.008451223373413,0.21106557548046112,3.2404022216796875,-0.5456258058547974,11.407614707946777,0.6348912715911865,0.16133442521095276,2.898827314376831,-0.6253371238708496,,,,,,,,,,,,,,,
gtsrb_iid,gtsrb,iid,0,short_retrain,0.75,gtsrb_iid/seed0/short_retrain_alpha0.75,0.8383214568487728,0.8029435163086714,0.8408114558472554,0.03786793953858392,False,0.8269200316706254,0.002466189339697693,20,2,0.6136091947555542,1.8660876750946045,-0.018420865759253502,-0.006056564394384623,0.6382321119308472,0.1917269229888916,0.5191344022750854,0.05718323215842247,0.021118933334946632,0.9424054622650146,0.21617859601974487,0.6420139074325562,-0.29454487562179565,-0.09917890280485153,0.8376649022102356,0.4714297652244568,1.410021185874939,0.019078228622674942,0.006378065794706345,0.5249130725860596,0.26606425642967224,0.9014460444450378,0.0058940378949046135,0.0017396416515111923,0.6336596608161926,,,,,,,,,,,,,,,
gtsrb_iid,gtsrb,iid,0,federaser,0.75,gtsrb_iid/seed0/federaser_alpha0.75,0.4433887569279493,0.4116945107398568,0.8408114558472554,0.42911694510739856,False,0.8269200316706254,0.002466189339697693,20,2,10.796473503112793,1.8660876750946045,0.3453574776649475,1.9979068040847778,-0.8306706547737122,3.7123711109161377,0.5191344022750854,0.21630822122097015,1.5468372106552124,-0.9496496915817261,4.4811882972717285,0.6420139074325562,0.5169843435287476,3.6084916591644287,-0.8937712907791138,7.697340488433838,1.410021185874939,0.36596983671188354,1.9976524114608765,-0.7819123864173889,4.843509197235107,0.9014460444450378,0.24775129556655884,1.331178903579712,-0.8224213123321533,,,,,,,,,,,,,,,
gtsrb_iid,gtsrb,iid,0,grad_negation,0.75,gtsrb_iid/seed0/grad_negation_alpha0.75,0.8411718131433096,0.7400159108989658,0.8408114558472554,0.10079554494828957,False,0.8269200316706254,0.002466189339697693,20,2,0.8967100977897644,1.8660876750946045,-0.06032805144786835,-0.028986500576138496,0.5172322392463684,0.20028270781040192,0.5191344022750854,-0.3692352771759033,-0.1424514353275299,0.7049553394317627,0.4553014636039734,0.6420139074325562,-0.3329949378967285,-0.23615209758281708,0.4468265473842621,0.6584400534629822,1.410021185874939,-0.0014210749650374055,-0.00066354003502056,0.506976306438446,0.3509683907032013,0.9014460444450378,0.11409880220890045,0.04442315548658371,0.6001566052436829,,,,,,,,,,,,,,,
gtsrb_iid,gtsrb,iid,0,full_retrain,0.75,gtsrb_iid/seed0/full_retrain_alpha0.75,0.815360253365004,0.5655529037390613,0.8408114558472554,0.27525855210819405,False,0.8269200316706254,0.002466189339697693,20,2,23.845502853393555,1.8660876750946045,0.20843707025051117,2.663213014602661,-0.5619804859161377,9.20633316040039,0.5191344022750854,0.15488970279693604,2.7468152046203613,-0.6019300222396851,10.612351417541504,0.6420139074325562,0.26398876309394836,4.363672733306885,-0.5507556796073914,15.51126480102539,1.410021185874939,0.2241416573524475,2.4654927253723145,-0.529643714427948,11.430180549621582,0.9014460444450378,0.17797932028770447,2.2567474842071533,-0.609744131565094,,,,,,,,,,,,,,,
gtsrb_iid,gtsrb,iid,0,short_retrain,1.0,gtsrb_iid/seed0/short_retrain_alpha1.00,0.8409342834520982,0.7363564041368338,0.8408114558472554,0.10445505171042158,True,0.8269200316706254,0.002466189339697693,20,2,0.6401094794273376,2.409498691558838,0.10672428458929062,0.028349386528134346,0.6663389205932617,0.2161075323820114,0.6980169415473938,0.21896354854106903,0.06779157370328903,0.9442515969276428,0.22800461947917938,0.8564816117286682,-0.11487364768981934,-0.030580567196011543,0.8644944429397583,0.4804786145687103,1.8010170459747314,0.11150652170181274,0.029744822531938553,0.5419279336929321,0.2832088768482208,1.1582419872283936,0.17534078657627106,0.04287361353635788,0.673004686832428,-0.12346012890338898,7.46341609954834,1.014167308807373,0.01921420730650425,1.4270074367523193,1.0085211992263794,-0.15729817748069763,2.6084203720092773,1.0174188613891602,-0.1356939971446991,6.0044355392456055,1.0139644145965576,-0.11889981478452682,3.2879419326782227,1.0138553380966187
gtsrb_iid,gtsrb,iid,0,federaser,1.0,gtsrb_iid/seed0/federaser_alpha1.00,0.3857482185273159,0.0,0.8408114558472554,0.8408114558472554,True,0.8269200316706254,0.002466189339697693,20,2,11.382165908813477,2.409498691558838,0.36646783351898193,1.7309596538543701,-0.8099762797355652,3.8846499919891357,0.6980169415473938,0.21848253905773163,1.2159132957458496,-0.9266986846923828,4.710799217224121,0.8564816117286682,0.5130040645599365,2.8216092586517334,-0.8726261258125305,8.138555526733398,1.8010170459747314,0.3978288769721985,1.797548770904541,-0.7607184648513794,5.103267669677734,1.1582419872283936,0.2634146809577942,1.160616159439087,-0.8072299957275391,0.327985018491745,7.46341609954834,1.5249541997909546,0.18843433260917664,1.4270074367523193,2.7174692153930664,0.3662267029285431,2.6084203720092773,1.7142975330352783,0.37145885825157166,6.0044355392456055,1.352870225906372,0.24824488162994385,3.2879419326782227,1.624332070350647
gtsrb_iid,gtsrb,iid,0,grad_negation,1.0,gtsrb_iid/seed0/grad_negation_alpha1.00,0.843784639746635,0.33389021479713604,0.8408114558472554,0.5069212410501194,True,0.8269200316706254,0.002466189339697693,20,2,1.1347616910934448,2.409498691558838,0.08137990534305573,0.03832199051976204,0.5031534433364868,0.2429359406232834,0.6980169415473938,-0.21806767582893372,-0.07589567452669144,0.6454470157623291,0.6463198065757751,0.8564816117286682,-0.23360033333301544,-0.17627975344657898,0.3486238718032837,0.7738550901412964,1.8010170459747314,0.14148421585559845,0.060786157846450806,0.5398958921432495,0.4606187343597412,1.1582419872283936,0.35915061831474304,0.14282968640327454,0.6214198470115662,-0.0874367356300354,7.46341609954834,1.0245492458343506,-0.1436205357313156,1.4270074367523193,1.0382113456726074,-0.0819723829627037,2.6084203720092773,1.0497703552246094,-0.10720299929380417,6.0044355392456055,1.0218839645385742,-0.03592593967914581,3.2879419326782227,1.014737606048584
gtsrb_iid,gtsrb,iid,0,full_retrain,1.0,gtsrb_iid/seed0/full_retrain_alpha1.00,0.8155977830562153,0.0022275258552108194,0.8408114558472554,0.8385839299920446,True,0.8269200316706254,0.002466189339697693,20,2,23.814016342163086,2.409498691558838,0.21571417152881622,2.131756067276001,-0.5431177020072937,9.205796241760254,0.6980169415473938,0.15121810138225555,1.9943395853042603,-0.5830840468406677,10.568878173828125,0.8564816117286682,0.26165971159935,3.2288453578948975,-0.5388320684432983,15.505877494812012,1.8010170459747314,0.23288355767726898,2.004805326461792,-0.5106992721557617,11.412613868713379,1.1582419872283936,0.1916850507259369,1.8887463808059692,-0.5841379761695862,0.1521134376525879,7.46341609954834,3.195368528366089,0.06465424597263336,1.4270074367523193,6.463959693908691,0.1482391357421875,2.6084203720092773,4.026917934417725,0.17987102270126343,6.0044355392456055,2.5961339473724365,0.1426548808813095,3.2879419326782227,3.472445011138916
gtsrb_iid,gtsrb,iid,1,short_retrain,0.25,gtsrb_iid/seed1/short_retrain_alpha0.25,0.8410134600158353,0.8280827366746221,0.82824184566428,0.0001591089896579856,False,0.8251781472684085,0.0018297533810660302,20,2,0.6299187541007996,0.7480388879776001,-0.15161915123462677,-0.1276676058769226,0.5929173827171326,0.16172850131988525,0.16631929576396942,-0.2748439311981201,-0.26725754141807556,0.9116452932357788,0.2285328209400177,0.2158498764038086,-0.48181405663490295,-0.5101237297058105,0.7474337816238403,0.494726300239563,0.5830838084220886,-0.10134576261043549,-0.08598165959119797,0.5123273134231567,0.27142778038978577,0.38123348355293274,-0.10677119344472885,-0.0760180875658989,0.5826395750045776,,,,,,,,,,,,,,,
gtsrb_iid,gtsrb,iid,1,federaser,0.25,gtsrb_iid/seed1/federaser_alpha0.25,0.40451306413301663,0.630151153540175,0.82824184566428,0.19809069212410502,False,0.8251781472684085,0.0018297533810660302,20,2,10.756339073181152,0.7480388879776001,0.24799425899982452,3.565727949142456,-0.8649460673332214,3.593588352203369,0.16631929576396942,0.20401306450366974,4.40802001953125,-0.9648244380950928,4.249424934387207,0.2158498764038086,0.43758952617645264,8.614787101745605,-0.9231389760971069,7.833195209503174,0.5830838084220886,0.2525233328342438,3.392155408859253,-0.8261908888816833,4.834779262542725,0.38123348355293274,0.17291590571403503,2.1929068565368652,-0.8602055907249451,,,,,,,,,,,,,,,
gtsrb_iid,gtsrb,iid,1,grad_negation,0.25,gtsrb_iid/seed1/grad_negation_alpha0.25,0.8375296912114014,0.7918058870326173,0.82824184566428,0.03643595863166271,False,0.8251781472684085,0.0018297533810660302,20,2,1.277011752128601,0.7480388879776001,-0.14568893611431122,-0.24869301915168762,0.39897051453590393,0.27566131949424744,0.16631929576396942,-0.6948697566986084,-1.1516923904418945,0.38880839943885803,0.669384777545929,0.2158498764038086,-0.486250102519989,-1.5079364776611328,0.38530629873275757,0.921844482421875,0.5830838084220886,-0.0564238615334034,-0.08919811993837357,0.4180096685886383,0.5069615244865417,0.38123348355293274,-0.034803908318281174,-0.04628194123506546,0.4088396728038788,,,,,,,,,,,,,,,
gtsrb_iid,gtsrb,iid,1,full_retrain,0.25,gtsrb_iid/seed1/full_retrain_alpha0.25,0.82486144101346,0.7857597454256166,0.82824184566428,0.0424821002386635,False,0.8251781472684085,0.0018297533810660302,20,2,23.44243621826172,0.7480388879776001,0.17495794594287872,5.482498645782471,-0.5677935481071472,8.44417667388916,0.16631929576396942,0.17137320339679718,8.700766563415527,-0.5497295260429382,10.45689582824707,0.2158498764038086,0.2542249858379364,12.31596565246582,-0.5494983196258545,15.621047973632812,0.5830838084220886,0.18126043677330017,4.855661869049072,-0.5585907697677612,11.175827980041504,0.38123348355293274,0.14142382144927979,4.1458234786987305,-0.615852415561676,,,,,,,,,,,,,,,
gtsrb_iid,gtsrb,iid,1,short_retrain,0.5,gtsrb_iid/seed1/short_retrain_alpha0.50,0.841963578780681,0.8128878281622912,0.82824184566428,0.015354017501988837,False,0.8251781472684085,0.0018297533810660302,20,2,0.6358500719070435,1.34115731716156,-0.11724867671728134,-0.055583853274583817,0.6026806831359863,0.16939115524291992,0.3136689066886902,-0.1932002305984497,-0.10433424264192581,0.9254915714263916,0.22451482713222504,0.4219779372215271,-0.4373273253440857,-0.23268115520477295,0.78372722864151,0.49966779351234436,1.0205880403518677,-0.08383361995220184,-0.04104063659906387,0.5113695859909058,0.2748622000217438,0.6933302283287048,-0.029058000072836876,-0.011519672349095345,0.5978789329528809,,,,,,,,,,,,,,,
gtsrb_iid,gtsrb,iid,1,federaser,0.5,gtsrb_iid/seed1/federaser_alpha0.50,0.4398258115597783,0.6877486077963405,0.82824184566428,0.14049323786793955,False,0.8251781472684085,0.0018297533810660302,20,2,10.884331703186035,1.34115731716156,0.28683584928512573,2.3276686668395996,-0.8385576009750366,3.627129554748535,0.3136689066886902,0.2157619595527649,2.494976282119751,-0.9407938122749329,4.293753623962402,0.4219779372215271,0.46640709042549133,4.745826244354248,-0.8963145017623901,7.974294185638428,1.0205880403518677,0.30531740188598633,2.3853840827941895,-0.804427981376648,4.826359272003174,0.6933302283287048,0.18281729519367218,1.2726129293441772,-0.8241437077522278,,,,,,,,,,,,,,,
gtsrb_iid,gtsrb,iid,1,grad_negation,0.5,gtsrb_iid/seed1/grad_negation_alpha0.50,0.8384006334125099,0.7571996817820207,0.82824184566428,0.07104216388225937,False,0.8251781472684085,0.0018297533810660302,20,2,1.0184569358825684,1.34115731716156,-0.0991266667842865,-0.07526952028274536,0.47283631563186646,0.216252401471138,0.3136689066886902,-0.5952188372612,-0.41036105155944824,0.5483642220497131,0.48847389221191406,0.4219779372215271,-0.45114362239837646,-0.5222347378730774,0.4678308069705963,0.7561545372009277,1.0205880403518677,-0.019040808081626892,-0.014106213115155697,0.4762897789478302,0.4244596064090729,0.6933302283287048,0.0430280864238739,0.026341941207647324,0.47949641942977905,,,,,,,,,,,,,,,
gtsrb_iid,gtsrb,iid,1,full_retrain,0.5,gtsrb_iid/seed1/full_retrain_alpha0.50,0.8209817893903405,0.7181384248210024,0.82824184566428,0.11010342084327762,False,0.8251781472684085,0.0018297533810660302,20,2,23.480684280395508,1.34115731716156,0.19226883351802826,3.365934133529663,-0.5576632022857666,8.46774673461914,0.3136689066886902,0.17232604324817657,4.65208101272583,-0.5443839430809021,10.468366622924805,0.4219779372215271,0.2558179497718811,6.34628438949585,-0.5448703169822693,15.65269660949707,1.0205880403518677,0.20557773113250732,3.1526787281036377,-0.5485197901725769,11.183164596557617,0.6933302283287048,0.15256527066230774,2.460819721221924,-0.5971325039863586,,,,,,,,,,,,,,,
gtsrb_iid,gtsrb,iid,1,short_retrain,0.75,gtsrb_iid/seed1/short_retrain_alpha0.75,0.8412509897070467,0.7514717581543358,0.82824184566428,0.0767700875099443,False,0.8251781472684085,0.0018297533810660302,20,2,0.6481525897979736,1.8946176767349243,-0.021009095013141632,-0.007186668459326029,0.6227039694786072,0.1862986981868744,0.48630842566490173,0.011158942244946957,0.004274852108210325,0.9409891963005066,0.22363804280757904,0.6313605904579163,-0.3054269254207611,-0.10818701982498169,0.8355108499526978,0.5028180480003357,1.4166916608810425,-0.013504337519407272,-0.00479264697059989,0.5140184760093689,0.28734898567199707,0.9734406471252441,0.0927172377705574,0.027369091287255287,0.6237577199935913,,,,,,,,,,,,,,,
gtsrb_iid,gtsrb,iid,1,federaser,0.75,gtsrb_iid/seed1/federaser_alpha0.75,0.4542359461599367,0.22856006364359585,0.82824184566428,0.5996817820206842,False,0.8251781472684085,0.0018297533810660302,20,2,11.124070167541504,1.8946176767349243,0.3167983889579773,1.8599002361297607,-0.7996423840522766,3.735166311264038,0.48630842566490173,0.18587163090705872,1.4276156425476074,-0.9068408012390137,4.471357345581055,0.6313605904579163,0.4645419418811798,3.289928436279297,-0.8454740643501282,8.143394470214844,1.4166916608810425,0.35193783044815063,2.02284574508667,-0.7716104388237,4.846920013427734,0.9734406471252441,0.20507004857063293,1.0210765600204468,-0.7767758369445801,,,,,,,,,,,,,,,
gtsrb_iid,gtsrb,iid,1,grad_negation,0.75,gtsrb_iid/seed1/grad_negation_alpha0.75,0.841963578780681,0.722593476531424,0.82824184566428,0.10564836913285602,False,0.8251781472684085,0.0018297533810660302,20,2,0.8942951560020447,1.8946176767349243,-0.051681745797395706,-0.024392765015363693,0.555787980556488,0.20145733654499054,0.48630842566490173,-0.4223041534423828,-0.17494304478168488,0.6802349090576172,0.42088189721107483,0.6313605904579163,-0.40831074118614197,-0.2721906304359436,0.5269389748573303,0.6687138676643372,1.4166916608810425,0.004539595451205969,0.002142637735232711,0.548251211643219,0.3672897219657898,0.9734406471252441,0.16223737597465515,0.06121387705206871,0.5983119606971741,,,,,,,,,,,,,,,
gtsrb_iid,gtsrb,iid,1,full_retrain,0.75,gtsrb_iid/seed1/full_retrain_alpha0.75,0.8198733174980206,0.5972155926809865,0.82824184566428,0.2310262529832936,False,0.8251781472684085,0.0018297533810660302,20,2,23.519710540771484,1.8946176767349243,0.1996927708387375,2.478775978088379,-0.5438558459281921,8.49514389038086,0.48630842566490173,0.14439265429973602,2.5223424434661865,-0.5369638204574585,10.468912124633789,0.6313605904579163,0.24547913670539856,4.070411205291748,-0.5368350744247437,15.67959976196289,1.4166916608810425,0.22079503536224365,2.4435179233551025,-0.5341712832450867,11.20612907409668,0.9734406471252441,0.16270513832569122,1.8730401992797852,-0.5752018094062805,,,,,,,,,,,,,,,
gtsrb_iid,gtsrb,iid,1,short_retrain,1.0,gtsrb_iid/seed1/short_retrain_alpha1.00,0.8479809976247031,0.6821797931583135,0.82824184566428,0.1460620525059666,True,0.8251781472684085,0.0018297533810660302,20,2,0.675455629825592,2.4834322929382324,0.11061717569828033,0.030083684250712395,0.6632230877876282,0.21473632752895355,0.6562936902046204,0.1888977736234665,0.06180649250745773,0.9486627578735352,0.23693034052848816,0.8388581275939941,-0.10534410923719406,-0.029753753915429115,0.8741894364356995,0.5103644728660583,1.8654533624649048,0.09570715576410294,0.026182256639003754,0.5432094931602478,0.30583953857421875,1.246337890625,0.2328336089849472,0.05713513493537903,0.6728611588478088,-0.11979637295007706,7.423665523529053,1.0149284601211548,0.041262995451688766,1.4607410430908203,1.0047281980514526,-0.12535957992076874,2.3900842666625977,1.0171927213668823,-0.1309930384159088,5.99730110168457,1.014661431312561,-0.13784784078598022,3.361323118209839,1.0165449380874634
gtsrb_iid,gtsrb,iid,1,federaser,1.0,gtsrb_iid/seed1/federaser_alpha1.00,0.421298495645289,0.001511535401750199,0.82824184566428,0.8267303102625299,True,0.8251781472684085,0.0018297533810660302,20,2,11.501140594482422,2.4834322929382324,0.33037418127059937,1.5298845767974854,-0.7606099247932434,3.857179880142212,0.6562936902046204,0.1663663536310196,0.9777709245681763,-0.8856091499328613,4.588772773742676,0.8388581275939941,0.46719905734062195,2.555696725845337,-0.8163858652114868,8.438170433044434,1.8654533624649048,0.373365193605423,1.6887462139129639,-0.7254322171211243,5.0146026611328125,1.246337890625,0.21433202922344208,0.8623579144477844,-0.7387703061103821,0.3377436399459839,7.423665523529053,1.5341891050338745,0.16266916692256927,1.4607410430908203,2.667114734649658,0.3158119320869446,2.3900842666625977,1.8637127876281738,0.3811940550804138,5.99730110168457,1.380946159362793,0.30646878480911255,3.361323118209839,1.5202676057815552
gtsrb_iid,gtsrb,iid,1,grad_negation,1.0,gtsrb_iid/seed1/grad_negation_alpha1.00,0.8442596991290579,0.14192521877486078,0.82824184566428,0.6863166268894193,True,0.8251781472684085,0.0018297533810660302,20,2,0.8317548036575317,2.4834322929382324,0.15057577192783356,0.050426874309778214,0.6414455771446228,0.19906173646450043,0.6562936902046204,-0.04186641052365303,-0.01269858330488205,0.8766588568687439,0.30416738986968994,0.8388581275939941,-0.2803199291229248,-0.10164299607276917,0.7183502316474915,0.6237084865570068,1.8654533624649048,0.14012449979782104,0.04684659093618393,0.5870304703712463,0.4131392538547516,1.246337890625,0.43694862723350525,0.1448407620191574,0.6550273299217224,-0.10778894275426865,7.423665523529053,1.0181889533996582,-0.02131694182753563,1.4607410430908203,1.0121169090270996,-0.13935698568820953,2.3900842666625977,1.0255072116851807,-0.11497116088867188,5.99730110168457,1.017214059829712,-0.09216901659965515,3.361323118209839,1.0187066793441772
gtsrb_iid,gtsrb,iid,1,full_retrain,1.0,gtsrb_iid/seed1/full_retrain_alpha1.00,0.8220110847189231,0.002386634844868735,0.82824184566428,0.8258552108194113,True,0.8251781472684085,0.0018297533810660302,20,2,23.513174057006836,2.4834322929382324,0.2011195719242096,1.9040451049804688,-0.5236116647720337,8.524084091186523,0.6562936902046204,0.13284270465373993,1.7253894805908203,-0.5211004018783569,10.450716972351074,0.8388581275939941,0.24559350311756134,3.059664487838745,-0.5249941945075989,15.682671546936035,1.8654533624649048,0.22134879231452942,1.860713243484497,-0.5129355192184448,11.183039665222168,1.246337890625,0.17020049691200256,1.527160406112671,-0.5477256774902344,0.143252432346344,7.423665523529053,3.181908369064331,-0.0041330535896122456,1.4607410430908203,5.924588203430176,0.11008705943822861,2.3900842666625977,4.3767900466918945,0.18297135829925537,5.99730110168457,2.6231961250305176,0.13561756908893585,3.361323118209839,3.341611385345459
gtsrb_iid,gtsrb,iid,2,short_retrain,0.25,gtsrb_iid/seed2/short_retrain_alpha0.25,0.8292161520190023,0.8428003182179793,0.8645186953062848,0.021718377088305485,False,0.8095803642121931,0.0036595067621320605,20,2,0.6481621861457825,0.7971290946006775,-0.11989304423332214,-0.09747973829507828,0.6059905886650085,0.1810350865125656,0.17062687873840332,-0.28394654393196106,-0.30126726627349854,0.9053454399108887,0.24030019342899323,0.22320489585399628,-0.44382455945014954,-0.4778166115283966,0.7413066625595093,0.5012425780296326,0.6153733730316162,-0.07399111241102219,-0.06026327237486839,0.5175260901451111,0.27994009852409363,0.42168158292770386,-0.055456120520830154,-0.036815378814935684,0.6083746552467346,,,,,,,,,,,,,,,
gtsrb_iid,gtsrb,iid,2,federaser,0.25,gtsrb_iid/seed2/federaser_alpha0.25,0.3986539984164687,0.8704852824184567,0.8645186953062848,-0.005966587112171906,False,0.8095803642121931,0.0036595067621320605,20,2,10.59752368927002,0.7971290946006775,0.23277297616004944,3.0943801403045654,-0.8703275322914124,3.773637056350708,0.17062687873840332,0.23345811665058136,5.163232803344727,-0.9703433513641357,4.256062030792236,0.22320489585399628,0.4446460008621216,8.478482246398926,-0.9212099313735962,7.461207389831543,0.6153733730316162,0.23569785058498383,2.8575243949890137,-0.8269564509391785,4.928630352020264,0.42168158292770386,0.14986199140548706,1.7515897750854492,-0.8668020367622375,,,,,,,,,,,,,,,
gtsrb_iid,gtsrb,iid,2,grad_negation,0.25,gtsrb_iid/seed2/grad_negation_alpha0.25,0.8257323832145684,0.8260938743038981,0.8645186953062848,0.038424821002386644,False,0.8095803642121931,0.0036595067621320605,20,2,0.9037022590637207,0.7971290946006775,-0.11747006326913834,-0.13316474854946136,0.5085493326187134,0.21275122463703156,0.17062687873840332,-0.6317861676216125,-0.7877615690231323,0.6662662029266357,0.36299437284469604,0.22320489585399628,-0.4035947918891907,-0.6563586592674255,0.5874241590499878,0.7033025026321411,0.6153733730316162,-0.05384814739227295,-0.06153726205229759,0.4680196940898895,0.38084876537323,0.42168158292770386,-0.035379499197006226,-0.03195353224873543,0.5211085677146912,,,,,,,,,,,,,,,
gtsrb_iid,gtsrb,iid,2,full_retrain,0.25,gtsrb_iid/seed2/full_retrain_alpha0.25,0.8235154394299288,0.7954653937947495,0.8645186953062848,0.06905330151153533,False,0.8095803642121931,0.0036595067621320605,20,2,23.364347457885742,0.7971290946006775,0.1682928502559662,4.932374000549316,-0.5655444860458374,8.444124221801758,0.17062687873840332,0.23560640215873718,11.659886360168457,-0.5366511344909668,10.530013084411621,0.22320489585399628,0.22963863611221313,10.833520889282227,-0.5654763579368591,15.586695671081543,0.6153733730316162,0.16863548755645752,4.270987033843994,-0.5495068430900574,10.990022659301758,0.42168158292770386,0.13759851455688477,3.5861382484436035,-0.6190144419670105,,,,,,,,,,,,,,,
gtsrb_iid,gtsrb,iid,2,short_retrain,0.5,gtsrb_iid/seed2/short_retrain_alpha0.50,0.8308788598574822,0.8262529832935561,0.8645186953062848,0.03826571201272866,False,0.8095803642121931,0.0036595067621320605,20,2,0.6642440557479858,1.3896510601043701,-0.07496902346611023,-0.03583168983459473,0.6217222213745117,0.19096431136131287,0.3385578989982605,-0.17207658290863037,-0.09706015884876251,0.9197679758071899,0.2419356405735016,0.44719862937927246,-0.3510485887527466,-0.18991796672344208,0.7663009762763977,0.5120534300804138,1.0373704433441162,-0.03969880938529968,-0.01959390379488468,0.5275084376335144,0.28988948464393616,0.7351546287536621,0.004656594712287188,0.0018362083937972784,0.627164900302887,,,,,,,,,,,,,,,
gtsrb_iid,gtsrb,iid,2,federaser,0.5,gtsrb_iid/seed2/federaser_alpha0.50,0.4103721298495645,0.6696101829753381,0.8645186953062848,0.19490851233094664,False,0.8095803642121931,0.0036595067621320605,20,2,10.74748420715332,1.3896510601043701,0.2843463122844696,2.1989340782165527,-0.8513900637626648,3.8155269622802734,0.3385578989982605,0.23758307099342346,2.677546739578247,-0.9582993388175964,4.366002082824707,0.44719862937927246,0.4439532160758972,4.334311485290527,-0.9024451375007629,7.570441722869873,1.0373704433441162,0.3026370704174042,2.2083687782287598,-0.8088312149047852,4.958230972290039,0.7351546287536621,0.19104142487049103,1.288473129272461,-0.8411303758621216,,,,,,,,,,,,,,,
gtsrb_iid,gtsrb,iid,2,grad_negation,0.5,gtsrb_iid/seed2/grad_negation_alpha0.50,0.8358669833729216,0.7962609387430389,0.8645186953062848,0.06825775656324584,False,0.8095803642121931,0.0036595067621320605,20,2,1.007738709449768,1.3896510601043701,-0.07713989913463593,-0.055935148149728775,0.49395331740379333,0.2339354008436203,0.3385578989982605,-0.6113742589950562,-0.4224449694156647,0.5979788303375244,0.4785864055156708,0.44719862937927246,-0.3036881983280182,-0.32500290870666504,0.4854835271835327,0.7405409216880798,1.0373704433441162,-0.02933257818222046,-0.02093762904405594,0.48540714383125305,0.42827653884887695,0.7351546287536621,0.08869058638811111,0.05166814476251602,0.5171518325805664,,,,,,,,,,,,,,,
gtsrb_iid,gtsrb,iid,2,full_retrain,0.5,gtsrb_iid/seed2/full_retrain_alpha0.50,0.8209817893903405,0.7295147175815434,0.8645186953062848,0.13500397772474138,False,0.8095803642121931,0.0036595067621320605,20,2,23.366252899169922,1.3896510601043701,0.1885620802640915,3.170306444168091,-0.5555936694145203,8.416980743408203,0.3385578989982605,0.23678933084011078,5.886884689331055,-0.5219975709915161,10.525097846984863,0.44719862937927246,0.21331307291984558,5.020449638366699,-0.5620353817939758,15.603389739990234,1.0373704433441162,0.1967967450618744,2.9598186016082764,-0.5393522381782532,10.995925903320312,0.7351546287536621,0.15568985044956207,2.32869815826416,-0.6065443754196167,,,,,,,,,,,,,,,
gtsrb_iid,gtsrb,iid,2,short_retrain,0.75,gtsrb_iid/seed2/short_retrain_alpha0.75,0.8265241488519398,0.7949085123309467,0.8645186953062848,0.06961018297533805,False,0.8095803642121931,0.0036595067621320605,20,2,0.670041024684906,1.9581979513168335,-0.005465580616146326,-0.0018700116779655218,0.6339471936225891,0.20533651113510132,0.503815233707428,-0.030407963320612907,-0.012393166311085224,0.935516893863678,0.2409219592809677,0.6508669257164001,-0.2584651708602905,-0.09567208588123322,0.8067615032196045,0.5105329155921936,1.4274319410324097,0.01852913200855255,0.006626546382904053,0.5237314701080322,0.2968493103981018,1.058146357536316,0.07322540879249573,0.020542433485388756,0.6379826664924622,,,,,,,,,,,,,,,
gtsrb_iid,gtsrb,iid,2,federaser,0.75,gtsrb_iid/seed2/federaser_alpha0.75,0.40380047505938244,0.241527446300716,0.8645186953062848,0.6229912490055688,False,0.8095803642121931,0.0036595067621320605,20,2,10.966675758361816,1.9581979513168335,0.32669275999069214,1.829452395439148,-0.8198144435882568,3.876077890396118,0.503815233707428,0.25891557335853577,1.9919545650482178,-0.9358552098274231,4.487380504608154,0.6508669257164001,0.46869128942489624,3.2313694953918457,-0.8682560920715332,7.750590801239014,1.4274319410324097,0.36284685134887695,1.9700015783309937,-0.7778263092041016,5.0043535232543945,1.058146357536316,0.21280020475387573,1.0064079761505127,-0.806069016456604,,,,,,,,,,,,,,,
gtsrb_iid,gtsrb,iid,2,grad_negation,0.75,gtsrb_iid/seed2/grad_negation_alpha0.75,0.8243072050673,0.7568019093078759,0.8645186953062848,0.10771678599840884,False,0.8095803642121931,0.0036595067621320605,20,2,0.7552614808082581,1.9581979513168335,-0.017681976780295372,-0.0068192207254469395,0.6201215982437134,0.19479067623615265,0.503815233707428,-0.29462841153144836,-0.11391255259513855,0.857036292552948,0.28022024035453796,0.6508669257164001,-0.3336569666862488,-0.14365030825138092,0.7396081686019897,0.5865240693092346,1.4274319410324097,0.003631850006058812,0.0014921831898391247,0.5468314290046692,0.3315986096858978,1.058146357536316,0.17264410853385925,0.05410264432430267,0.6481761336326599,,,,,,,,,,,,,,,
gtsrb_iid,gtsrb,iid,2,full_retrain,0.75,gtsrb_iid/seed2/full_retrain_alpha0.75,0.8200316706254949,0.5947494033412888,0.8645186953062848,0.269769291964996,False,0.8095803642121931,0.0036595067621320605,20,2,23.39235496520996,1.9581979513168335,0.1996772587299347,2.3851139545440674,-0.5399715900421143,8.400789260864258,0.503815233707428,0.24730022251605988,4.123569965362549,-0.5040144920349121,10.53334903717041,0.6508669257164001,0.21710330247879028,3.513498306274414,-0.5554437637329102,15.625499725341797,1.4274319410324097,0.21214576065540314,2.3220772743225098,-0.5247300863265991,11.024558067321777,1.058146357536316,0.16113317012786865,1.678804636001587,-0.5823932886123657,,,,,,,,,,,,,,,
gtsrb_iid,gtsrb,iid,2,short_retrain,1.0,gtsrb_iid/seed2/short_retrain_alpha1.00,0.8218527315914489,0.7041368337311058,0.8645186953062848,0.16038186157517897,True,0.8095803642121931,0.0036595067621320605,20,2,0.7139545679092407,2.5414319038391113,0.1214568018913269,0.034117456525564194,0.6664921641349792,0.22950808703899384,0.6680741906166077,0.09054913371801376,0.031106969341635704,0.9376888871192932,0.2587064206600189,0.8666616082191467,-0.0783134177327156,-0.02337723597884178,0.8349502682685852,0.534302294254303,1.8193470239639282,0.1092061847448349,0.03206862136721611,0.5499691963195801,0.3235239088535309,1.3970283269882202,0.2608502507209778,0.06040770560503006,0.6854943037033081,-0.15686900913715363,8.169634819030762,1.0173777341842651,-0.10663402080535889,1.9907773733139038,1.0187625885009766,-0.2705935835838318,3.400183916091919,1.023213505744934,-0.15343846380710602,6.393778324127197,1.016180396080017,-0.10001147538423538,3.215803623199463,1.0150095224380493
gtsrb_iid,gtsrb,iid,2,federaser,1.0,gtsrb_iid/seed2/federaser_alpha1.00,0.3927157561361837,7.955449482895784e-05,0.8645186953062848,0.8644391408114558,True,0.8095803642121931,0.0036595067621320605,20,2,11.248527526855469,2.5414319038391113,0.35718122124671936,1.5807693004608154,-0.7681611180305481,3.8989884853363037,0.6680741906166077,0.2909969389438629,1.698305368423462,-0.9010800123214722,4.582805633544922,0.8666616082191467,0.48309043049812317,2.5545217990875244,-0.8210581541061401,8.021060943603516,1.8193470239639282,0.4014571011066437,1.769770622253418,-0.7293304204940796,5.0985565185546875,1.3970283269882202,0.23525306582450867,0.8585730195045471,-0.7400490641593933,0.3646041750907898,8.169634819030762,1.375428318977356,0.27539533376693726,1.9907773733139038,1.9383198022842407,0.4414723813533783,3.400183916091919,1.2753639221191406,0.3851594924926758,6.393778324127197,1.2678595781326294,0.28885915875434875,3.215803623199463,1.6117558479309082
gtsrb_iid,gtsrb,iid,2,grad_negation,1.0,gtsrb_iid/seed2/grad_negation_alpha1.00,0.8344418052256533,0.18257756563245822,0.8645186953062848,0.6819411296738266,True,0.8095803642121931,0.0036595067621320605,20,2,0.8009140491485596,2.5414319038391113,0.18443362414836884,0.05811794474720955,0.666708767414093,0.22252723574638367,0.6680741906166077,0.019809540361166,0.006598313804715872,0.9212335348129272,0.2820065915584564,0.8666616082191467,-0.11624632775783539,-0.0378258116543293,0.7907037734985352,0.5913584232330322,1.8193470239639282,0.14289210736751556,0.046441368758678436,0.5766883492469788,0.40339913964271545,1.3970283269882202,0.43853238224983215,0.12662845849990845,0.6905373334884644,-0.1424178183078766,8.169634819030762,1.0185949802398682,-0.1412072777748108,1.9907773733139038,1.0217938423156738,-0.2684364914894104,3.400183916091919,1.0253812074661255,-0.14460182189941406,6.393778324127197,1.0174973011016846,-0.050237856805324554,3.215803623199463,1.0140713453292847
gtsrb_iid,gtsrb,iid,2,full_retrain,1.0,gtsrb_iid/seed2/full_retrain_alpha1.00,0.818923198733175,0.001511535401750199,0.8645186953062848,0.8630071599045346,True,0.8095803642121931,0.0036595067621320605,20,2,23.405548095703125,2.5414319038391113,0.21097292006015778,1.9428074359893799,-0.518216073513031,8.420398712158203,0.6680741906166077,0.26669225096702576,3.36138653755188,-0.4812658727169037,10.51445198059082,0.8666616082191467,0.22466060519218445,2.725607395172119,-0.544183075428009,15.628938674926758,1.8193470239639282,0.22333206236362457,1.918344497680664,-0.5049493312835693,11.050623893737793,1.3970283269882202,0.1717592477798462,1.3586313724517822,-0.5484523177146912,0.1682516187429428,8.169634819030762,2.871227264404297,0.19122862815856934,1.9907773733139038,4.156044960021973,0.1734335869550705,3.400183916091919,3.0805535316467285,0.17944401502609253,6.393778324127197,2.4693963527679443,0.13604801893234253,3.215803623199463,3.445791482925415
gtsrb_iid,gtsrb,iid,3,short_retrain,0.25,gtsrb_iid/seed3/short_retrain_alpha0.25,0.8218527315914489,0.8034208432776452,0.7985680190930787,-0.004852824184566451,False,0.8231987331749802,0.0032617342879872713,20,2,0.6842590570449829,0.7786625027656555,-0.14350934326648712,-0.12610162794589996,0.5838356018066406,0.1698627471923828,0.15867173671722412,-0.18992646038532257,-0.20332184433937073,0.8968352675437927,0.2583841383457184,0.19210098683834076,-0.5172485709190369,-0.6957206726074219,0.6735984683036804,0.5387292504310608,0.6151246428489685,-0.10510408878326416,-0.09204354137182236,0.5155776739120483,0.2870175838470459,0.40727248787879944,-0.0927310362458229,-0.06535039097070694,0.5963180661201477,,,,,,,,,,,,,,,
gtsrb_iid,gtsrb,iid,3,federaser,0.25,gtsrb_iid/seed3/federaser_alpha0.25,0.4454473475851148,0.8031026252983293,0.7985680190930787,-0.004534606205250591,False,0.8231987331749802,0.0032617342879872713,20,2,10.131272315979004,0.7786625027656555,0.24621433019638062,3.2032973766326904,-0.8610917925834656,3.2954232692718506,0.15867173671722412,0.14477816224098206,3.0068700313568115,-0.9752794504165649,3.9532246589660645,0.19210098683834076,0.4530496597290039,9.323244094848633,-0.9178426861763,7.342782497406006,0.6151246428489685,0.2604866623878479,3.1092047691345215,-0.8208838105201721,4.716361045837402,0.40727248787879944,0.18015079200267792,2.0862090587615967,-0.8556220531463623,,,,,,,,,,,,,,,
gtsrb_iid,gtsrb,iid,3,grad_negation,0.25,gtsrb_iid/seed3/grad_negation_alpha0.25,0.8186856690419636,0.7703261734287987,0.7985680190930787,0.028241845664280008,False,0.8231987331749802,0.0032617342879872713,20,2,1.2930443286895752,0.7786625027656555,-0.12663286924362183,-0.2102711945772171,0.41880857944488525,0.2734066843986511,0.15867173671722412,-0.6313783526420593,-1.087925672531128,0.4127046465873718,0.658515453338623,0.19210098683834076,-0.40792396664619446,-1.398347020149231,0.3807525634765625,0.9458931088447571,0.6151246428489685,-0.07027877122163773,-0.10806110501289368,0.44525980949401855,0.5186166763305664,0.40727248787879944,-0.03605342283844948,-0.045910026878118515,0.43538737297058105,,,,,,,,,,,,,,,
gtsrb_iid,gtsrb,iid,3,full_retrain,0.25,gtsrb_iid/seed3/full_retrain_alpha0.25,0.8265241488519398,0.747175815433572,0.7985680190930787,0.0513922036595067,False,0.8231987331749802,0.0032617342879872713,20,2,23.440959930419922,0.7786625027656555,0.15142026543617249,4.558052062988281,-0.5666267275810242,8.763051986694336,0.15867173671722412,0.12420371919870377,6.859467506408691,-0.5812607407569885,10.439375877380371,0.19210098683834076,0.22519181668758392,12.237618446350098,-0.5530210733413696,15.654680252075195,0.6151246428489685,0.16462737321853638,4.189376354217529,-0.5506705045700073,10.892898559570312,0.40727248787879944,0.12492594122886658,3.3412632942199707,-0.6062785983085632,,,,,,,,,,,,,,,
gtsrb_iid,gtsrb,iid,3,short_retrain,0.5,gtsrb_iid/seed3/short_retrain_alpha0.50,0.8232779097387174,0.7858392999204455,0.7985680190930787,0.012728719172633185,False,0.8231987331749802,0.0032617342879872713,20,2,0.6851820349693298,1.4185594320297241,-0.07486338168382645,-0.03615706413984299,0.6046578884124756,0.1830061823129654,0.3353635370731354,-0.04759685695171356,-0.02597336284816265,0.9199789762496948,0.25070855021476746,0.3977506756782532,-0.4229036569595337,-0.2665625810623169,0.7227951884269714,0.5335121750831604,1.0907710790634155,-0.05376984924077988,-0.026297545060515404,0.5229282379150391,0.2974987328052521,0.7429138422012329,0.016372857615351677,0.0065564787946641445,0.612384557723999,,,,,,,,,,,,,,,
gtsrb_iid,gtsrb,iid,3,federaser,0.5,gtsrb_iid/seed3/federaser_alpha0.50,0.47759303246239115,0.6878281622911695,0.7985680190930787,0.11073985680190923,False,0.8231987331749802,0.0032617342879872713,20,2,10.473477363586426,1.4185594320297241,0.26600998640060425,1.9638422727584839,-0.8256102204322815,3.2660105228424072,0.3353635370731354,0.14552512764930725,1.4172279834747314,-0.9562097787857056,3.978384017944336,0.3977506756782532,0.47058653831481934,4.706898212432861,-0.8868746161460876,7.679591655731201,1.0907710790634155,0.29081568121910095,2.047330856323242,-0.7881845235824585,4.922291278839111,0.7429138422012329,0.16737286746501923,1.1089537143707275,-0.8113121390342712,,,,,,,,,,,,,,,
gtsrb_iid,gtsrb,iid,3,grad_negation,0.5,gtsrb_iid/seed3/grad_negation_alpha0.50,0.8294536817102138,0.7369928400954654,0.7985680190930787,0.06157517899761333,False,0.8231987331749802,0.0032617342879872713,20,2,1.0704576969146729,1.4185594320297241,-0.09583771228790283,-0.07231421768665314,0.4817824959754944,0.21585683524608612,0.3353635370731354,-0.4823954999446869,-0.31049400568008423,0.5530824065208435,0.5151169300079346,0.3977506756782532,-0.3612500727176666,-0.4678453803062439,0.43105706572532654,0.8021971583366394,1.0907710790634155,-0.035855233669281006,-0.0263673048466444,0.504845380783081,0.43641936779022217,0.7429138422012329,-0.016099484637379646,-0.009457515552639961,0.49641555547714233,,,,,,,,,,,,,,,
gtsrb_iid,gtsrb,iid,3,full_retrain,0.5,gtsrb_iid/seed3/full_retrain_alpha0.50,0.830720506730008,0.6954653937947494,0.7985680190930787,0.10310262529832936,False,0.8231987331749802,0.0032617342879872713,20,2,23.47393035888672,1.4185594320297241,0.16934190690517426,2.801999092102051,-0.5577369928359985,8.801614761352539,0.3353635370731354,0.12940894067287445,3.3963372707366943,-0.5735181570053101,10.449378967285156,0.3977506756782532,0.22353318333625793,5.87247371673584,-0.5494382977485657,15.664410591125488,1.0907710790634155,0.18963095545768738,2.723048448562622,-0.5415527820587158,10.909188270568848,0.7429138422012329,0.13422197103500366,1.970956802368164,-0.591284990310669,,,,,,,,,,,,,,,
gtsrb_iid,gtsrb,iid,3,short_retrain,0.75,gtsrb_iid/seed3/short_retrain_alpha0.75,0.8205859065716548,0.7293556085918854,0.7985680190930787,0.06921241050119331,False,0.8231987331749802,0.0032617342879872713,20,2,0.7111204266548157,2.016296625137329,-0.011996201239526272,-0.004230552352964878,0.616709291934967,0.19419258832931519,0.4821852147579193,0.009019143879413605,0.003632320323958993,0.9281331300735474,0.2581639587879181,0.588079571723938,-0.3409639298915863,-0.1496812403202057,0.7299075722694397,0.5523591637611389,1.5210654735565186,-0.00782117061316967,-0.0028399440925568342,0.5325241088867188,0.3102390766143799,1.0833345651626587,0.11988232284784317,0.03433120995759964,0.6318714022636414,,,,,,,,,,,,,,,
gtsrb_iid,gtsrb,iid,3,federaser,0.75,gtsrb_iid/seed3/federaser_alpha0.75,0.5118764845605701,0.416945107398568,0.7985680190930787,0.38162291169451074,False,0.8231987331749802,0.0032617342879872713,20,2,10.508122444152832,2.016296625137329,0.3088894188404083,1.609675407409668,-0.7846134901046753,3.1870903968811035,0.4821852147579193,0.19601494073867798,1.2955962419509888,-0.9243903756141663,4.083869457244873,0.588079571723938,0.4942283630371094,3.4321227073669434,-0.8449915051460266,7.750082969665527,1.5210654735565186,0.33804211020469666,1.7222398519515991,-0.75408935546875,4.850539684295654,1.0833345651626587,0.20389790832996368,0.9129359722137451,-0.7545987963676453,,,,,,,,,,,,,,,
gtsrb_iid,gtsrb,iid,3,grad_negation,0.75,gtsrb_iid/seed3/grad_negation_alpha0.75,0.8291369754552652,0.6677804295942721,0.7985680190930787,0.13078758949880664,False,0.8231987331749802,0.0032617342879872713,20,2,1.1263734102249146,2.016296625137329,-0.03356711566448212,-0.018750229850411415,0.49895188212394714,0.2334222048521042,0.4821852147579193,-0.4169699251651764,-0.2018519937992096,0.573913037776947,0.5694366693496704,0.588079571723938,-0.3499387204647064,-0.3388447165489197,0.41000697016716003,0.8237884640693665,1.5210654735565186,0.009147568605840206,0.004953792784363031,0.5266273617744446,0.45978641510009766,1.0833345651626587,0.1534220278263092,0.06511504203081131,0.5498561263084412,,,,,,,,,,,,,,,
gtsrb_iid,gtsrb,iid,3,full_retrain,0.75,gtsrb_iid/seed3/full_retrain_alpha0.75,0.8311163895486936,0.5912490055688147,0.7985680190930787,0.20731901352426407,False,0.8231987331749802,0.0032617342879872713,20,2,23.520404815673828,2.016296625137329,0.1818052977323532,2.1206133365631104,-0.5419793725013733,8.840024948120117,0.4821852147579193,0.1410471796989441,2.5858542919158936,-0.5645247101783752,10.469183921813965,0.588079571723938,0.2346353977918625,4.17704963684082,-0.5420351624488831,15.691267967224121,1.5210654735565186,0.20524978637695312,2.1171772480010986,-0.5260993242263794,10.920633316040039,1.0833345651626587,0.1417808085680008,1.429232120513916,-0.5632097125053406,,,,,,,,,,,,,,,
gtsrb_iid,gtsrb,iid,3,short_retrain,1.0,gtsrb_iid/seed3/short_retrain_alpha1.00,0.82486144101346,0.6354813046937152,0.7985680190930787,0.1630867143993635,True,0.8231987331749802,0.0032617342879872713,20,2,0.7354452610015869,2.585329294204712,0.12533067166805267,0.0356496199965477,0.6547582745552063,0.2230961173772812,0.6052602529525757,0.1432666778564453,0.05280742794275284,0.9450175762176514,0.25998711585998535,0.7584851384162903,-0.18688784539699554,-0.0640597939491272,0.8065334558486938,0.5555834770202637,1.931627631187439,0.10257517546415329,0.02950056828558445,0.5480348467826843,0.33890610933303833,1.418218970298767,0.30319008231163025,0.07245206832885742,0.6769407987594604,-0.09819336980581284,7.25297212600708,1.0149884223937988,-0.018579766154289246,1.6101596355438232,1.012100100517273,-0.1569886952638626,2.872593402862549,1.0181396007537842,-0.1104523167014122,5.719487190246582,1.0153295993804932,-0.04794187843799591,3.00848650932312,1.0116775035858154
gtsrb_iid,gtsrb,iid,3,federaser,1.0,gtsrb_iid/seed3/federaser_alpha1.00,0.4825811559778306,0.0003977724741447892,0.7985680190930787,0.798170246618934,True,0.8231987331749802,0.0032617342879872713,20,2,10.808372497558594,2.585329294204712,0.3370470404624939,1.4089579582214355,-0.7452489137649536,3.3365888595581055,0.6052602529525757,0.21911302208900452,1.2078937292099,-0.9084873199462891,4.136775016784668,0.7584851384162903,0.5167691707611084,2.818455219268799,-0.8190970420837402,7.990819931030273,1.931627631187439,0.3724960386753082,1.540819525718689,-0.7062666416168213,4.972766399383545,1.418218970298767,0.22752772271633148,0.7977904081344604,-0.7132179141044617,0.3453841805458069,7.25297212600708,1.4803277254104614,0.19040390849113464,1.6101596355438232,2.1224844455718994,0.3879236578941345,2.872593402862549,1.3987699747085571,0.3714183568954468,5.719487190246582,1.3835312128067017,0.2986416816711426,3.00848650932312,1.6567631959915161
gtsrb_iid,gtsrb,iid,3,grad_negation,1.0,gtsrb_iid/seed3/grad_negation_alpha1.00,0.8292953285827395,0.043993635640413684,0.7985680190930787,0.754574383452665,True,0.8231987331749802,0.0032617342879872713,20,2,0.9638852477073669,2.585329294204712,0.12669605016708374,0.047231923788785934,0.5997660160064697,0.21157854795455933,0.6052602529525757,-0.12312843650579453,-0.043041545897722244,0.8212488889694214,0.3857046067714691,0.7584851384162903,-0.2898487150669098,-0.14739367365837097,0.58193039894104,0.722162663936615,1.931627631187439,0.10166122764348984,0.038003988564014435,0.5695325136184692,0.46266403794288635,1.418218970298767,0.4183022677898407,0.13646221160888672,0.6368054151535034,-0.0860847532749176,7.25297212600708,1.0200705528259277,-0.12235182523727417,1.6101596355438232,1.0244125127792358,-0.13709081709384918,2.872593402862549,1.027055263519287,-0.10093237459659576,5.719487190246582,1.0205061435699463,0.006210805848240852,3.00848650932312,1.010811686515808
gtsrb_iid,gtsrb,iid,3,full_retrain,1.0,gtsrb_iid/seed3/full_retrain_alpha1.00,0.8296912114014252,0.0013524264120922831,0.7985680190930787,0.7972155926809864,True,0.8231987331749802,0.0032617342879872713,20,2,23.5670108795166,2.585329294204712,0.19115972518920898,1.742400884628296,-0.5228236317634583,8.903331756591797,0.6052602529525757,0.16144369542598724,2.374824285507202,-0.5518297553062439,10.462288856506348,0.7584851384162903,0.24616731703281403,3.3955469131469727,-0.5341947078704834,15.69072437286377,1.931627631187439,0.213701531291008,1.735758900642395,-0.5068833231925964,10.976825714111328,1.418218970298767,0.15073780715465546,1.1666897535324097,-0.5315021276473999,0.13845309615135193,7.25297212600708,3.2646851539611816,0.06397116184234619,1.6101596355438232,5.555861473083496,0.13772407174110413,2.872593402862549,3.641664505004883,0.1659248173236847,5.719487190246582,2.759676933288574,0.1126197800040245,3.00848650932312,3.6729581356048584
gtsrb_iid,gtsrb,iid,4,short_retrain,0.25,gtsrb_iid/seed4/short_retrain_alpha0.25,0.836104513064133,0.8326968973747017,0.839538583929992,0.006841686555290383,False,0.8348376880443389,0.0007159904534606205,20,2,0.6031279563903809,0.7793716192245483,-0.14596356451511383,-0.11294673383235931,0.6026591062545776,0.155911386013031,0.17133328318595886,-0.25310948491096497,-0.23032677173614502,0.8943538665771484,0.21686795353889465,0.21412980556488037,-0.48949533700942993,-0.4957537353038788,0.7424778342247009,0.4747154414653778,0.6144521236419678,-0.09692955762147903,-0.07487910240888596,0.5221421718597412,0.25899797677993774,0.3932889997959137,-0.10647816210985184,-0.07012046873569489,0.6157288551330566,,,,,,,,,,,,,,,
gtsrb_iid,gtsrb,iid,4,federaser,0.25,gtsrb_iid/seed4/federaser_alpha0.25,0.48558986539984167,0.7578361177406523,0.839538583929992,0.08170246618933974,False,0.8348376880443389,0.0007159904534606205,20,2,10.252394676208496,0.7793716192245483,0.2504008710384369,3.2936758995056152,-0.8635449409484863,3.5302956104278564,0.17133328318595886,0.21478122472763062,4.425533294677734,-0.9666385054588318,4.100783824920654,0.21412980556488037,0.4874192774295807,9.334511756896973,-0.9251080751419067,7.292372226715088,0.6144521236419678,0.2488318830728531,2.952880620956421,-0.8166341185569763,4.760185241699219,0.3932889997959137,0.17516179382801056,2.120074510574341,-0.8636360764503479,,,,,,,,,,,,,,,
gtsrb_iid,gtsrb,iid,4,grad_negation,0.25,gtsrb_iid/seed4/grad_negation_alpha0.25,0.8380839271575614,0.8090692124105012,0.839538583929992,0.030469371519490807,False,0.8348376880443389,0.0007159904534606205,20,2,0.9254580140113831,0.7793716192245483,-0.15839679539203644,-0.18807142972946167,0.4868796169757843,0.20389433205127716,0.17133328318595886,-0.6565577983856201,-0.7813332080841064,0.5801424384117126,0.3440115749835968,0.21412980556488037,-0.5031968355178833,-0.808412492275238,0.5807597041130066,0.722615659236908,0.6144521236419678,-0.0626380667090416,-0.07365746796131134,0.4644071161746979,0.41763240098953247,0.3932889997959137,-0.1609281301498413,-0.1708889603614807,0.47753313183784485,,,,,,,,,,,,,,,
gtsrb_iid,gtsrb,iid,4,full_retrain,0.25,gtsrb_iid/seed4/full_retrain_alpha0.25,0.8364212193190815,0.8003977724741448,0.839538583929992,0.039140811455847246,False,0.8348376880443389,0.0007159904534606205,20,2,23.518510818481445,0.7793716192245483,0.1671203225851059,5.04265022277832,-0.5678427815437317,8.89557933807373,0.17133328318595886,0.21124467253684998,10.967766761779785,-0.5640228390693665,10.589471817016602,0.21412980556488037,0.25305917859077454,12.514641761779785,-0.5537687540054321,15.35922908782959,0.6144521236419678,0.17127428948879242,4.2808756828308105,-0.5501640439033508,11.223437309265137,0.3932889997959137,0.124846450984478,3.5627880096435547,-0.6201034784317017,,,,,,,,,,,,,,,
gtsrb_iid,gtsrb,iid,4,short_retrain,0.5,gtsrb_iid/seed4/short_retrain_alpha0.50,0.8411718131433096,0.8007955449482895,0.839538583929992,0.038743038981702504,False,0.8348376880443389,0.0007159904534606205,20,2,0.6051491498947144,1.3838938474655151,-0.07200026512145996,-0.031481411308050156,0.6185492277145386,0.16622857749462128,0.33941853046417236,-0.11795544624328613,-0.057768113911151886,0.9253951907157898,0.21279624104499817,0.44033220410346985,-0.34156864881515503,-0.16506734490394592,0.7965153455734253,0.4725858271121979,1.0548896789550781,-0.04226528853178024,-0.018932899460196495,0.5208791494369507,0.2645089030265808,0.7023836374282837,-0.0030499929562211037,-0.0011485879076644778,0.6277794241905212,,,,,,,,,,,,,,,
gtsrb_iid,gtsrb,iid,4,federaser,0.5,gtsrb_iid/seed4/federaser_alpha0.50,0.5130641330166271,0.7780429594272077,0.839538583929992,0.06149562450278434,False,0.8348376880443389,0.0007159904534606205,20,2,10.305984497070312,1.3838938474655151,0.2922258973121643,2.176034927368164,-0.8373146057128906,3.52843976020813,0.33941853046417236,0.2161901742219925,2.2474143505096436,-0.9519321918487549,4.201417922973633,0.44033220410346985,0.505294144153595,4.821247100830078,-0.9045354127883911,7.334374904632568,1.0548896789550781,0.2974202334880829,2.0676937103271484,-0.7861658930778503,4.7248969078063965,0.7023836374282837,0.20278914272785187,1.364150047302246,-0.8344880938529968,,,,,,,,,,,,,,,
gtsrb_iid,gtsrb,iid,4,grad_negation,0.5,gtsrb_iid/seed4/grad_negation_alpha0.50,0.840221694378464,0.7746221161495624,0.839538583929992,0.06491646778042959,False,0.8348376880443389,0.0007159904534606205,20,2,0.9046233296394348,1.3838938474655151,-0.09726086258888245,-0.06357166916131973,0.5199301838874817,0.2046547532081604,0.33941853046417236,-0.5973695516586304,-0.36018815636634827,0.5822578072547913,0.381041020154953,0.44033220410346985,-0.4166261851787567,-0.36052677035331726,0.5291318297386169,0.6901993751525879,1.0548896789550781,-0.007897265255451202,-0.0051665883511304855,0.5171170830726624,0.3936079144477844,0.7023836374282837,-0.016683373600244522,-0.009349164552986622,0.531431257724762,,,,,,,,,,,,,,,
gtsrb_iid,gtsrb,iid,4,full_retrain,0.5,gtsrb_iid/seed4/full_retrain_alpha0.50,0.836104513064133,0.7579156722354813,0.839538583929992,0.08162291169451075,False,0.8348376880443389,0.0007159904534606205,20,2,23.54693031311035,1.3838938474655151,0.18747657537460327,3.1896204948425293,-0.5569071173667908,8.9188814163208,0.33941853046417236,0.2122599184513092,5.577542304992676,-0.5533534288406372,10.598997116088867,0.44033220410346985,0.24967323243618011,6.009744167327881,-0.5492185354232788,15.378860473632812,1.0548896789550781,0.19605691730976105,2.857978105545044,-0.5369071960449219,11.2285795211792,0.7023836374282837,0.14210626482963562,2.271763563156128,-0.6073110103607178,,,,,,,,,,,,,,,
gtsrb_iid,gtsrb,iid,4,short_retrain,0.75,gtsrb_iid/seed4/short_retrain_alpha0.75,0.8414885193982581,0.760461416070008,0.839538583929992,0.07907716785998409,False,0.8348376880443389,0.0007159904534606205,20,2,0.6182461977005005,1.918412208557129,0.038275815546512604,0.012334011495113373,0.6459610462188721,0.18427257239818573,0.4855128526687622,0.06993535906076431,0.02654341608285904,0.9428891539573669,0.21737349033355713,0.6334057450294495,-0.20027150213718414,-0.06872958689928055,0.8347712755203247,0.4739202857017517,1.4281294345855713,0.04318001866340637,0.014327825047075748,0.5377606153488159,0.27646714448928833,1.0019842386245728,0.135333850979805,0.037341244518756866,0.6514308452606201,,,,,,,,,,,,,,,
gtsrb_iid,gtsrb,iid,4,federaser,0.75,gtsrb_iid/seed4/federaser_alpha0.75,0.4622327790973872,0.3937151949085123,0.839538583929992,0.4458233890214797,False,0.8348376880443389,0.0007159904534606205,20,2,10.76157283782959,1.918412208557129,0.32837456464767456,1.8418899774551392,-0.8139328956604004,3.7535336017608643,0.4855128526687622,0.20993831753730774,1.6230477094650269,-0.9391001462936401,4.410795211791992,0.6334057450294495,0.5242921113967896,3.650969982147217,-0.8849949240684509,7.661221981048584,1.4281294345855713,0.34896236658096313,1.8718401193618774,-0.7610555291175842,4.855928897857666,1.0019842386245728,0.22893422842025757,1.1094861030578613,-0.8036805987358093,,,,,,,,,,,,,,,
gtsrb_iid,gtsrb,iid,4,grad_negation,0.75,gtsrb_iid/seed4/grad_negation_alpha0.75,0.8429136975455265,0.7197295147175815,0.839538583929992,0.11980906921241052,False,0.8348376880443389,0.0007159904534606205,20,2,0.759829044342041,1.918412208557129,0.011191229335963726,0.00443212641403079,0.6157811880111694,0.1790616661310196,0.4855128526687622,-0.2617306113243103,-0.09652869403362274,0.8175008893013,0.26972463726997375,0.6334057450294495,-0.3541403114795685,-0.15080440044403076,0.7320700883865356,0.5966943502426147,1.4281294345855713,0.04914623126387596,0.020532144233584404,0.5630982518196106,0.3413201868534088,1.0019842386245728,0.1686852127313614,0.057461611926555634,0.6349676251411438,,,,,,,,,,,,,,,
gtsrb_iid,gtsrb,iid,4,full_retrain,0.75,gtsrb_iid/seed4/full_retrain_alpha0.75,0.8352335708630245,0.6195704057279237,0.839538583929992,0.21996817820206838,False,0.8348376880443389,0.0007159904534606205,20,2,23.575057983398438,1.918412208557129,0.19585251808166504,2.4065804481506348,-0.5435407161712646,8.932050704956055,0.4855128526687622,0.19891230762004852,3.659419059753418,-0.5441020131111145,10.60947036743164,0.6334057450294495,0.24518898129463196,4.106886386871338,-0.5430155396461487,15.3973970413208,1.4281294345855713,0.21212057769298553,2.286768674850464,-0.5220343470573425,11.242022514343262,1.0019842386245728,0.14941293001174927,1.6763758659362793,-0.5872964859008789,,,,,,,,,,,,,,,
gtsrb_iid,gtsrb,iid,4,short_retrain,1.0,gtsrb_iid/seed4/short_retrain_alpha1.00,0.8454473475851149,0.6794749403341289,0.839538583929992,0.16006364359586311,True,0.8348376880443389,0.0007159904534606205,20,2,0.6508914232254028,2.4539120197296143,0.16644224524497986,0.044143833220005035,0.6786223649978638,0.21121574938297272,0.6414669752120972,0.2213933765888214,0.07289817184209824,0.9461609721183777,0.23277118802070618,0.8236887454986572,-0.04058115556836128,-0.011468063108623028,0.8638931512832642,0.483752578496933,1.8064789772033691,0.13719408214092255,0.03673524782061577,0.5590521693229675,0.3014379143714905,1.2917624711990356,0.3177790641784668,0.07415496557950974,0.6926441192626953,-0.08682582527399063,7.2747602462768555,1.0117037296295166,0.07016332447528839,1.4126386642456055,1.000686764717102,-0.1007920503616333,2.6363027095794678,1.01271653175354,-0.11859997361898422,5.811082363128662,1.013250708580017,-0.0382181853055954,3.195268392562866,1.0080235004425049
gtsrb_iid,gtsrb,iid,4,federaser,1.0,gtsrb_iid/seed4/federaser_alpha1.00,0.4948535233570863,0.002386634844868735,0.839538583929992,0.8371519490851232,True,0.8348376880443389,0.0007159904534606205,20,2,11.217833518981934,2.4539120197296143,0.35125210881233215,1.6055573225021362,-0.7564249038696289,3.716231346130371,0.6414669752120972,0.21735140681266785,1.2591890096664429,-0.9012290835380554,4.592520713806152,0.8236887454986572,0.5283655524253845,2.945927381515503,-0.8300625681877136,8.120386123657227,1.8064789772033691,0.38244470953941345,1.7189754247665405,-0.7064796686172485,5.000540256500244,1.2917624711990356,0.23873059451580048,0.924149215221405,-0.7375410199165344,0.3544814884662628,7.2747602462768555,1.511514663696289,0.1813814342021942,1.4126386642456055,2.6393699645996094,0.39883774518966675,2.6363027095794678,1.6263759136199951,0.4015008509159088,5.811082363128662,1.353026032447815,0.26292508840560913,3.195268392562866,1.620563268661499
gtsrb_iid,gtsrb,iid,4,grad_negation,1.0,gtsrb_iid/seed4/grad_negation_alpha1.00,0.842596991290578,0.05163086714399363,0.839538583929992,0.7879077167859984,True,0.8348376880443389,0.0007159904534606205,20,2,0.8116960525512695,2.4539120197296143,0.21905465424060822,0.0724509060382843,0.6621813774108887,0.20287609100341797,0.6414669752120972,0.04124787822365761,0.013045423664152622,0.9070372581481934,0.268869549036026,0.8236887454986572,-0.1461351066827774,-0.04770156741142273,0.8189095854759216,0.603428065776825,1.8064789772033691,0.1820751130580902,0.06081356108188629,0.5931457281112671,0.4257887005805969,1.2917624711990356,0.4815102219581604,0.15871454775333405,0.6618982553482056,-0.07620708644390106,7.2747602462768555,1.0146236419677734,0.021734993904829025,1.4126386642456055,1.0071654319763184,-0.11518625169992447,2.6363027095794678,1.016806721687317,-0.10768888145685196,5.811082363128662,1.0164399147033691,0.0022354028187692165,3.195268392562866,1.0085443258285522
gtsrb_iid,gtsrb,iid,4,full_retrain,1.0,gtsrb_iid/seed4/full_retrain_alpha1.00,0.8299287410926366,0.0009546539379474941,0.839538583929992,0.8385839299920446,True,0.8348376880443389,0.0007159904534606205,20,2,23.606157302856445,2.4539120197296143,0.20552299916744232,1.9768949747085571,-0.5243278741836548,8.959638595581055,0.6414669752120972,0.1919844001531601,2.6815268993377686,-0.527629017829895,10.59689998626709,0.8236887454986572,0.2449301779270172,3.151066541671753,-0.5346910357475281,15.407641410827637,1.8064789772033691,0.22286862134933472,1.9006818532943726,-0.5025964379310608,11.283063888549805,1.2917624711990356,0.16884399950504303,1.4747885465621948,-0.5570589900016785,0.13906757533550262,7.2747602462768555,3.2599453926086426,0.026084519922733307,1.4126386642456055,6.395015239715576,0.12038492411375046,2.6363027095794678,4.023609161376953,0.1805015355348587,5.811082363128662,2.6594998836517334,0.11171075701713562,3.195268392562866,3.5609381198883057
cifar10_dirichlet,cifar10,dirichlet,0,short_retrain,0.25,cifar10_dirichlet/seed0/short_retrain_alpha0.25,0.6721,0.9368888888888889,0.9381111111111111,0.0012222222222222356,False,0.6656,0.024,20,2,1.5927910804748535,1.0481942892074585,-0.03762390464544296,-0.0571681372821331,0.6412955522537231,0.45876064896583557,0.20592527091503143,-0.5390668511390686,-1.2009339332580566,0.949386715888977,0.6079782247543335,0.3833886384963989,-0.25633421540260315,-0.40649473667144775,0.8217240571975708,1.3104037046432495,0.9026232361793518,0.05750242620706558,0.08347591012716293,0.50730961561203,0.489684522151947,0.3075938820838928,-0.13380202651023865,-0.21301066875457764,0.8237761855125427,,,,,,,,,,,,,,,
cifar10_dirichlet,cifar10,dirichlet,0,federaser,0.25,cifar10_dirichlet/seed0/federaser_alpha0.25,0.4723,0.9211111111111111,0.9381111111111111,0.017000000000000015,False,0.6656,0.024,20,2,8.947896003723145,1.0481942892074585,0.22938129305839539,1.9579890966415405,-0.8414258360862732,3.5727858543395996,0.20592527091503143,0.5724729895591736,9.932357788085938,-0.9595643281936646,4.086304187774658,0.3833886384963989,0.32017216086387634,3.41251540184021,-0.8605284690856934,6.29269552230835,0.9026232361793518,0.1654878407716751,1.1536463499069214,-0.7572066187858582,3.317744255065918,0.3075938820838928,0.2828550338745117,3.050908088684082,-0.9510907530784607,,,,,,,,,,,,,,,
cifar10_dirichlet,cifar10,dirichlet,0,grad_negation,0.25,cifar10_dirichlet/seed0/grad_negation_alpha0.25,0.6744,0.9357777777777778,0.9381111111111111,0.0023333333333332984,False,0.6656,0.024,20,2,1.7794743776321411,1.0481942892074585,-0.05533565953373909,-0.09393516182899475,0.5768792033195496,0.49971747398376465,0.20592527091503143,-0.5600951313972473,-1.3591790199279785,0.9189878106117249,0.7625905275344849,0.3833886384963989,-0.27381187677383423,-0.5446330904960632,0.6808322072029114,1.4351845979690552,0.9026232361793518,0.03428461402654648,0.05451009050011635,0.4661564528942108,0.5249844193458557,0.3075938820838928,-0.06153685972094536,-0.10502774268388748,0.680759072303772,,,,,,,,,,,,,,,
cifar10_dirichlet,cifar10,dirichlet,0,full_retrain,0.25,cifar10_dirichlet/seed0/full_retrain_alpha0.25,0.6599,0.9194444444444444,0.9381111111111111,0.01866666666666672,False,0.6656,0.024,20,2,23.443483352661133,1.0481942892074585,0.15419483184814453,3.4484453201293945,-0.5867483019828796,10.951691627502441,0.20592527091503143,0.43041354417800903,22.890613555908203,-0.6600953340530396,11.557342529296875,0.3833886384963989,0.1927766054868698,5.811291694641113,-0.5742287039756775,14.731209754943848,0.9026232361793518,0.10465002804994583,1.7078416347503662,-0.5300482511520386,8.893671989440918,0.3075938820838928,0.20935176312923431,6.053130149841309,-0.6622573137283325,,,,,,,,,,,,,,,
cifar10_dirichlet,cifar10,dirichlet,0,short_retrain,0.5,cifar10_dirichlet/seed0/short_retrain_alpha0.50,0.6724,0.9208888888888889,0.9381111111111111,0.01722222222222225,False,0.6656,0.024,20,2,1.6535472869873047,1.4721707105636597,-0.03835918381810188,-0.04308249428868294,0.6396428346633911,0.4731174409389496,0.3050954341888428,-0.609551727771759,-0.9452434778213501,0.9447065591812134,0.6299166679382324,0.5732019543647766,-0.23689472675323486,-0.2603335678577423,0.818821370601654,1.3636085987091064,1.1995646953582764,0.0671791359782219,0.076361745595932,0.5082855820655823,0.5042117834091187,0.5538411140441895,-0.10651087760925293,-0.09696649014949799,0.8247660398483276,,,,,,,,,,,,,,,
cifar10_dirichlet,cifar10,dirichlet,0,federaser,0.5,cifar10_dirichlet/seed0/federaser_alpha0.50,0.4383,0.9096666666666666,0.9381111111111111,0.028444444444444494,False,0.6656,0.024,20,2,8.95265007019043,1.4721707105636597,0.25283461809158325,1.53745698928833,-0.8253591656684875,3.5339837074279785,0.3050954341888428,0.6481411457061768,7.507551193237305,-0.9500412344932556,4.083233833312988,0.5732019543647766,0.33362942934036255,2.3766226768493652,-0.8539886474609375,6.322945594787598,1.1995646953582764,0.1758667677640915,0.9269470572471619,-0.7371760606765747,3.3184564113616943,0.5538411140441895,0.28223204612731934,1.691052794456482,-0.9307188987731934,,,,,,,,,,,,,,,
cifar10_dirichlet,cifar10,dirichlet,0,grad_negation,0.5,cifar10_dirichlet/seed0/grad_negation_alpha0.50,0.666,0.9205555555555556,0.9381111111111111,0.017555555555555546,False,0.6656,0.024,20,2,2.3455119132995605,1.4721707105636597,-0.049640003591775894,-0.07908320426940918,0.4551329016685486,0.6577341556549072,0.3050954341888428,-0.4582200348377228,-0.9878446459770203,0.7649123072624207,1.1755906343460083,0.5732019543647766,-0.24875769019126892,-0.5101810097694397,0.45844927430152893,1.8075835704803467,1.1995646953582764,0.03974537551403046,0.05988757312297821,0.38132840394973755,0.6478230953216553,0.5538411140441895,0.00554724270477891,0.006488559767603874,0.548065185546875,,,,,,,,,,,,,,,
cifar10_dirichlet,cifar10,dirichlet,0,full_retrain,0.5,cifar10_dirichlet/seed0/full_retrain_alpha0.50,0.6602,0.9031111111111111,0.9381111111111111,0.03500000000000003,False,0.6656,0.024,20,2,23.58088493347168,1.4721707105636597,0.17160215973854065,2.748512029647827,-0.575714647769928,11.005504608154297,0.3050954341888428,0.45633208751678467,16.46095848083496,-0.6565329432487488,11.616087913513184,0.5732019543647766,0.20187035202980042,4.090949535369873,-0.5669084191322327,14.818004608154297,1.1995646953582764,0.11609610170125961,1.4340327978134155,-0.5168600082397461,8.96959400177002,0.5538411140441895,0.2047598510980606,3.316135883331299,-0.6446723937988281,,,,,,,,,,,,,,,
cifar10_dirichlet,cifar10,dirichlet,0,short_retrain,0.75,cifar10_dirichlet/seed0/short_retrain_alpha0.75,0.6721,0.9022222222222223,0.9381111111111111,0.03588888888888886,False,0.6656,0.024,20,2,1.7482010126113892,2.6876413822174072,-0.037075575441122055,-0.02411426045000553,0.634831428527832,0.4851646423339844,0.6904799938201904,-0.6871992945671082,-0.4828595817089081,0.9361028075218201,0.6539592742919922,1.137712836265564,-0.25272849202156067,-0.14526863396167755,0.7998079657554626,1.4548401832580566,2.0945217609405518,0.11004838347434998,0.07643407583236694,0.5212264657020569,0.5260104537010193,1.032246708869934,-0.16814100742340088,-0.0856810212135315,0.7993483543395996,,,,,,,,,,,,,,,
cifar10_dirichlet,cifar10,dirichlet,0,federaser,0.75,cifar10_dirichlet/seed0/federaser_alpha0.75,0.421,0.10466666666666667,0.9381111111111111,0.8334444444444444,False,0.6656,0.024,20,2,9.763956069946289,2.6876413822174072,0.41492989659309387,1.50728440284729,-0.7315264344215393,3.812659502029419,0.6904799938201904,0.7912787199020386,4.369246006011963,-0.9023056626319885,4.63385534286499,1.137712836265564,0.48738932609558105,1.9851138591766357,-0.7666597366333008,6.858441352844238,2.0945217609405518,0.31495431065559387,1.031243085861206,-0.6316472291946411,3.5060603618621826,1.032246708869934,0.47293850779533386,1.6063518524169922,-0.8284479379653931,,,,,,,,,,,,,,,
cifar10_dirichlet,cifar10,dirichlet,0,grad_negation,0.75,cifar10_dirichlet/seed0/grad_negation_alpha0.75,0.6625,0.882,0.9381111111111111,0.05611111111111111,False,0.6656,0.024,20,2,2.941204071044922,2.6876413822174072,-0.026730036363005638,-0.029249563813209534,0.37689873576164246,0.8187769651412964,0.6904799938201904,-0.4200737476348877,-0.4981270432472229,0.6768036484718323,1.5898075103759766,1.137712836265564,-0.1689891666173935,-0.2361404448747635,0.33649376034736633,2.215470552444458,2.0945217609405518,0.07643675804138184,0.08084558695554733,0.3312498927116394,0.7381333112716675,1.032246708869934,-0.029983077198266983,-0.021440140902996063,0.45915478467941284,,,,,,,,,,,,,,,
cifar10_dirichlet,cifar10,dirichlet,0,full_retrain,0.75,cifar10_dirichlet/seed0/full_retrain_alpha0.75,0.6549,0.5051111111111111,0.9381111111111111,0.43300000000000005,False,0.6656,0.024,20,2,23.494979858398438,2.6876413822174072,0.24534712731838226,2.1446218490600586,-0.5335904955863953,10.97110652923584,0.6904799938201904,0.5262603759765625,8.361806869506836,-0.6502203345298767,11.507102012634277,1.137712836265564,0.27719539403915405,2.8036186695098877,-0.5358073711395264,14.826272964477539,2.0945217609405518,0.1649247705936432,1.1673630475997925,-0.464409738779068,8.91274642944336,1.032246708869934,0.2995132803916931,2.5860936641693115,-0.5939904451370239,,,,,,,,,,,,,,,
cifar10_dirichlet,cifar10,dirichlet,0,short_retrain,1.0,cifar10_dirichlet/seed0/short_retrain_alpha1.00,0.6715,0.8887777777777778,0.9381111111111111,0.04933333333333334,True,0.6656,0.024,20,2,1.821789026260376,2.9624927043914795,-0.030001431703567505,-0.01844806969165802,0.627433717250824,0.5040934681892395,0.7707872986793518,-0.6658193469047546,-0.43544474244117737,0.9311034679412842,0.6766409277915955,1.27550208568573,-0.2282327264547348,-0.12107502669095993,0.7963086366653442,1.5204943418502808,2.2828855514526367,0.11609377712011337,0.07731901109218597,0.5171072483062744,0.5432465672492981,1.1593704223632812,-0.17340154945850372,-0.08125083893537521,0.7770193815231323,-0.09567923843860626,7.927247524261475,1.0472790002822876,-0.007615143433213234,1.7685643434524536,1.0419132709503174,-0.17593368887901306,3.7405123710632324,1.0470784902572632,-0.09690685570240021,6.449210166931152,1.0494186878204346,0.018623754382133484,2.0325698852539062,1.0302807092666626
cifar10_dirichlet,cifar10,dirichlet,0,federaser,1.0,cifar10_dirichlet/seed0/federaser_alpha1.00,0.4163,0.08277777777777778,0.9381111111111111,0.8553333333333333,True,0.6656,0.024,20,2,9.752847671508789,2.9624927043914795,0.4286501109600067,1.4110592603683472,-0.6951440572738647,3.7730445861816406,0.7707872986793518,0.7921442985534668,3.877588987350464,-0.8836262822151184,4.630214691162109,1.27550208568573,0.49642595648765564,1.8020799160003662,-0.7347877621650696,6.883891582489014,2.2828855514526367,0.3345307409763336,1.0087013244628906,-0.5913230776786804,3.472773313522339,1.1593704223632812,0.46995264291763306,1.407694697380066,-0.7885535359382629,0.4120617210865021,7.927247524261475,1.2246524095535278,0.21483011543750763,1.7685643434524536,2.152843475341797,0.46083199977874756,3.7405123710632324,1.1795769929885864,0.4673217833042145,6.449210166931152,1.0685265064239502,0.24025987088680267,2.0325698852539062,1.760167121887207
cifar10_dirichlet,cifar10,dirichlet,0,grad_negation,1.0,cifar10_dirichlet/seed0/grad_negation_alpha1.00,0.6653,0.8143333333333334,0.9381111111111111,0.12377777777777776,True,0.6656,0.024,20,2,2.27614688873291,2.9624927043914795,-0.021476365625858307,-0.01649954542517662,0.5077846646308899,0.6312440633773804,0.7707872986793518,-0.5398741960525513,-0.4421355426311493,0.8260730504989624,1.0747333765029907,1.27550208568573,-0.1848752498626709,-0.1557750701904297,0.514613926410675,1.7984802722930908,2.2828855514526367,0.10056213289499283,0.07921960949897766,0.43722468614578247,0.6268852353096008,1.1593704223632812,-0.05722001940011978,-0.030939549207687378,0.6117925643920898,-0.06876806169748306,7.927247524261475,1.0592131614685059,0.014722080901265144,1.7685643434524536,1.0568281412124634,-0.10926342755556107,3.7405123710632324,1.070206642150879,-0.06940426677465439,6.449210166931152,1.0566350221633911,-0.01020906027406454,2.0325698852539062,1.0494858026504517
cifar10_dirichlet,cifar10,dirichlet,0,full_retrain,1.0,cifar10_dirichlet/seed0/full_retrain_alpha1.00,0.6616,0.028333333333333332,0.9381111111111111,0.9097777777777778,True,0.6656,0.024,20,2,23.67298698425293,2.9624927043914795,0.24368609488010406,1.9471288919448853,-0.5171782374382019,11.050970077514648,0.7707872986793518,0.5121555328369141,7.342902660369873,-0.6440834999084473,11.563291549682617,1.27550208568573,0.2702784836292267,2.4502556324005127,-0.5210084319114685,14.950858116149902,2.2828855514526367,0.16677281260490417,1.0921541452407837,-0.4481254816055298,9.003946304321289,1.1593704223632812,0.2920774519443512,2.268343448638916,-0.5671669840812683,0.1283833086490631,7.927247524261475,3.0250906944274902,0.003677477827295661,1.7685643434524536,6.324435710906982,0.15211525559425354,3.7405123710632324,3.1009750366210938,0.1741560846567154,6.449210166931152,2.3594138622283936,0.03546327352523804,2.0325698852539062,4.5065765380859375
cifar10_dirichlet,cifar10,dirichlet,1,short_retrain,0.25,cifar10_dirichlet/seed1/short_retrain_alpha0.25,0.6717,0.9461111111111111,0.9451111111111111,-0.0010000000000000009,False,0.6568,0.03211111111111111,20,2,1.6076513528823853,0.7184087634086609,-0.017424099147319794,-0.038989610970020294,0.6302939653396606,0.4638339877128601,0.1121944859623909,-0.45205989480018616,-1.868903636932373,0.9356030225753784,0.6203966736793518,0.2364998757839203,-0.15372928977012634,-0.4032689034938812,0.8059259653091431,1.3190656900405884,0.6251788139343262,0.044797852635383606,0.09451459348201752,0.4935782551765442,0.49461549520492554,0.23822271823883057,-0.09323586523532867,-0.19358311593532562,0.8217376470565796,,,,,,,,,,,,,,,
cifar10_dirichlet,cifar10,dirichlet,1,federaser,0.25,cifar10_dirichlet/seed1/federaser_alpha0.25,0.4636,0.8333333333333334,0.9451111111111111,0.11177777777777775,False,0.6568,0.03211111111111111,20,2,9.082633018493652,0.7184087634086609,0.13623838126659393,1.7223362922668457,-0.84772789478302,3.5499844551086426,0.1121944859623909,0.4605181813240051,14.571409225463867,-0.9530311226844788,4.140081882476807,0.2364998757839203,0.19044683873653412,3.333890676498413,-0.8709118962287903,6.449277877807617,0.6251788139343262,0.09585630893707275,0.9887967705726624,-0.7717705368995667,3.3409535884857178,0.23822271823883057,0.16658319532871246,2.336244821548462,-0.9524240493774414,,,,,,,,,,,,,,,
cifar10_dirichlet,cifar10,dirichlet,1,grad_negation,0.25,cifar10_dirichlet/seed1/grad_negation_alpha0.25,0.6605,0.9448888888888889,0.9451111111111111,0.00022222222222223476,False,0.6568,0.03211111111111111,20,2,2.535592555999756,0.7184087634086609,-0.05224047601222992,-0.18437129259109497,0.41273754835128784,0.8549312949180603,0.1121944859623909,-0.3602153956890106,-2.74487042427063,0.5750375390052795,1.31878662109375,0.2364998757839203,-0.16096623241901398,-0.897589921951294,0.40756461024284363,1.8544481992721558,0.6251788139343262,-0.011343724094331264,-0.03364694118499756,0.35822564363479614,0.7214240431785583,0.23822271823883057,0.015979450196027756,0.04839150980114937,0.49447011947631836,,,,,,,,,,,,,,,
cifar10_dirichlet,cifar10,dirichlet,1,full_retrain,0.25,cifar10_dirichlet/seed1/full_retrain_alpha0.25,0.6627,0.9442222222222222,0.9451111111111111,0.000888888888888939,False,0.6568,0.03211111111111111,20,2,23.249420166015625,0.7184087634086609,0.09604186564683914,3.1079888343811035,-0.577366292476654,10.000696182250977,0.1121944859623909,0.3121821880340576,27.82701873779297,-0.5931646227836609,11.620759010314941,0.2364998757839203,0.12425904721021652,6.105639457702637,-0.5745965838432312,14.970417976379395,0.6251788139343262,0.06890226900577545,1.6498433351516724,-0.5367386341094971,9.021438598632812,0.23822271823883057,0.12447033822536469,4.7136616706848145,-0.6762333512306213,,,,,,,,,,,,,,,
cifar10_dirichlet,cifar10,dirichlet,1,short_retrain,0.5,cifar10_dirichlet/seed1/short_retrain_alpha0.50,0.6721,0.9301111111111111,0.9451111111111111,0.015000000000000013,False,0.6568,0.03211111111111111,20,2,1.6482399702072144,2.970113515853882,-0.018207654356956482,-0.010103609412908554,0.6271898746490479,0.42784056067466736,0.7991358637809753,-0.7573907971382141,-0.40549105405807495,0.9113662242889404,0.604781448841095,1.1345252990722656,-0.3472501039505005,-0.18510854244232178,0.7803197503089905,1.396234154701233,2.416269063949585,0.16659903526306152,0.09626444429159164,0.5368431210517883,0.4674208164215088,1.028442144393921,-0.32029369473457336,-0.14557160437107086,0.7841818332672119,,,,,,,,,,,,,,,
cifar10_dirichlet,cifar10,dirichlet,1,federaser,0.5,cifar10_dirichlet/seed1/federaser_alpha0.50,0.43,0.3231111111111111,0.9451111111111111,0.622,False,0.6568,0.03211111111111111,20,2,9.965496063232422,2.970113515853882,0.5300361514091492,1.7783061265945435,-0.7297207117080688,3.8920230865478516,0.7991358637809753,0.8589873909950256,4.183516502380371,-0.908094048500061,4.667825698852539,1.1345252990722656,0.6049277782440186,2.4888787269592285,-0.8135152459144592,7.023894786834717,2.416269063949585,0.4408993721008301,1.2816003561019897,-0.6029489636421204,3.6117193698883057,1.028442144393921,0.6273757219314575,2.203240394592285,-0.8468984961509705,,,,,,,,,,,,,,,
cifar10_dirichlet,cifar10,dirichlet,1,grad_negation,0.5,cifar10_dirichlet/seed1/grad_negation_alpha0.50,0.6622,0.9152222222222223,0.9451111111111111,0.029888888888888854,False,0.6568,0.03211111111111111,20,2,2.6543431282043457,2.970113515853882,-0.020024921745061874,-0.017894931137561798,0.38932424783706665,1.0507659912109375,0.7991358637809753,-0.2996816635131836,-0.3940446972846985,0.384172648191452,1.3405206203460693,1.1345252990722656,-0.1459396779537201,-0.17243780195713043,0.3838290870189667,1.936060905456543,2.416269063949585,0.09837033599615097,0.07881670445203781,0.38315364718437195,0.6296701431274414,1.028442144393921,-0.2230677455663681,-0.1365746408700943,0.4960844814777374,,,,,,,,,,,,,,,
cifar10_dirichlet,cifar10,dirichlet,1,full_retrain,0.5,cifar10_dirichlet/seed1/full_retrain_alpha0.50,0.6627,0.7767777777777778,0.9451111111111111,0.16833333333333333,False,0.6568,0.03211111111111111,20,2,22.81572914123535,2.970113515853882,0.3137904703617096,2.4103283882141113,-0.5251801013946533,9.867547988891602,0.7991358637809753,0.5352806448936462,6.609522342681885,-0.5963265299797058,11.378530502319336,1.1345252990722656,0.39137062430381775,3.9251837730407715,-0.5471144318580627,14.691164016723633,2.416269063949585,0.2374555617570877,1.443689227104187,-0.4507952630519867,8.826655387878418,1.028442144393921,0.39235720038414,3.3674254417419434,-0.6431041955947876,,,,,,,,,,,,,,,
cifar10_dirichlet,cifar10,dirichlet,1,short_retrain,0.75,cifar10_dirichlet/seed1/short_retrain_alpha0.75,0.6752,0.9116666666666666,0.9451111111111111,0.0334444444444445,False,0.6568,0.03211111111111111,20,2,1.7188066244125366,3.0738606452941895,-0.022911682724952698,-0.012810721062123775,0.6253716349601746,0.44163063168525696,0.867417573928833,-0.7393742799758911,-0.37643957138061523,0.9077573418617249,0.6284567713737488,1.236072063446045,-0.31389325857162476,-0.15959259867668152,0.7806827425956726,1.4595845937728882,2.4670863151550293,0.16196639835834503,0.09581907838582993,0.5370543599128723,0.48371607065200806,1.0402573347091675,-0.3521599769592285,-0.1637531965970993,0.7794995903968811,,,,,,,,,,,,,,,
cifar10_dirichlet,cifar10,dirichlet,1,federaser,0.75,cifar10_dirichlet/seed1/federaser_alpha0.75,0.4409,0.04777777777777778,0.9451111111111111,0.8973333333333333,False,0.6568,0.03211111111111111,20,2,10.10926342010498,3.0738606452941895,0.5501210689544678,1.8091200590133667,-0.7129440307617188,3.8956217765808105,0.867417573928833,0.8537209630012512,3.83410906791687,-0.8921676278114319,4.721510887145996,1.236072063446045,0.6101099252700806,2.330475091934204,-0.7907536029815674,7.1551313400268555,2.4670863151550293,0.4567466676235199,1.3246183395385742,-0.588615357875824,3.6794440746307373,1.0402573347091675,0.6757718324661255,2.39024019241333,-0.8384256362915039,,,,,,,,,,,,,,,
cifar10_dirichlet,cifar10,dirichlet,1,grad_negation,0.75,cifar10_dirichlet/seed1/grad_negation_alpha0.75,0.6608,0.8961111111111111,0.9451111111111111,0.049000000000000044,False,0.6568,0.03211111111111111,20,2,2.3689424991607666,3.0738606452941895,-0.01801876351237297,-0.01388574205338955,0.4621005356311798,0.8857741951942444,0.867417573928833,-0.3894404470920563,-0.3976818919181824,0.47973334789276123,1.1839921474456787,1.236072063446045,-0.16762281954288483,-0.1605599969625473,0.4391942024230957,1.7627142667770386,2.4670863151550293,0.12777186930179596,0.091288261115551,0.4522918164730072,0.5644463896751404,1.0402573347091675,-0.24238692224025726,-0.13151979446411133,0.6055237650871277,,,,,,,,,,,,,,,
cifar10_dirichlet,cifar10,dirichlet,1,full_retrain,0.75,cifar10_dirichlet/seed1/full_retrain_alpha0.75,0.6623,0.5696666666666667,0.9451111111111111,0.37544444444444447,False,0.6568,0.03211111111111111,20,2,22.943029403686523,3.0738606452941895,0.32260942459106445,2.407783269882202,-0.5179222822189331,9.953507423400879,0.867417573928833,0.5333200693130493,6.11978006362915,-0.5908604264259338,11.426691055297852,1.236072063446045,0.38227665424346924,3.5338947772979736,-0.5367298722267151,14.776561737060547,2.4670863151550293,0.24268995225429535,1.453526496887207,-0.4446113407611847,8.855302810668945,1.0402573347091675,0.423410028219223,3.6043238639831543,-0.6391671299934387,,,,,,,,,,,,,,,
cifar10_dirichlet,cifar10,dirichlet,1,short_retrain,1.0,cifar10_dirichlet/seed1/short_retrain_alpha1.00,0.6685,0.9013333333333333,0.9451111111111111,0.043777777777777804,True,0.6568,0.03211111111111111,20,2,1.7914382219314575,3.3507301807403564,-0.021689362823963165,-0.011595292948186398,0.6221520304679871,0.4550611972808838,0.9556391835212708,-0.7522243857383728,-0.3581980764865875,0.9049435257911682,0.6441605687141418,1.3665465116500854,-0.3159172236919403,-0.1489163637161255,0.777570366859436,1.5280877351760864,2.6510651111602783,0.1666560173034668,0.09605711698532104,0.5382364988327026,0.5022154450416565,1.1911944150924683,-0.3344990909099579,-0.14102710783481598,0.7666818499565125,-0.09558693319559097,7.842769622802734,1.0468257665634155,-0.21010440587997437,1.7177845239639282,1.0869663953781128,-0.22922790050506592,3.5213143825531006,1.0570389032363892,-0.05695325881242752,6.46939754486084,1.040528655052185,-0.09187713265419006,2.0752856731414795,1.0502530336380005
cifar10_dirichlet,cifar10,dirichlet,1,federaser,1.0,cifar10_dirichlet/seed1/federaser_alpha1.00,0.436,0.005555555555555556,0.9451111111111111,0.9395555555555556,True,0.6568,0.03211111111111111,20,2,10.098710060119629,3.3507301807403564,0.5737404823303223,1.7290775775909424,-0.6675492525100708,3.8313817977905273,0.9556391835212708,0.8620193004608154,3.456037759780884,-0.877734899520874,4.7449564933776855,1.3665465116500854,0.6254862546920776,2.171825885772705,-0.7538903951644897,7.17494010925293,2.6510651111602783,0.4854393005371094,1.3137521743774414,-0.5356961488723755,3.649027109146118,1.1911944150924683,0.6829570531845093,2.0921270847320557,-0.7868683934211731,0.4837847352027893,7.842769622802734,1.1883630752563477,0.37621256709098816,1.7177845239639282,2.07281231880188,0.5154228210449219,3.5213143825531006,1.1944389343261719,0.5284810066223145,6.46939754486084,1.0284985303878784,0.3562617301940918,2.0752856731414795,1.6848915815353394
cifar10_dirichlet,cifar10,dirichlet,1,grad_negation,1.0,cifar10_dirichlet/seed1/grad_negation_alpha1.00,0.6651,0.8664444444444445,0.9451111111111111,0.07866666666666666,True,0.6568,0.03211111111111111,20,2,1.9940199851989746,3.3507301807403564,-0.012968393042683601,-0.007717004977166653,0.5760108232498169,0.5359245538711548,0.9556391835212708,-0.732283890247345,-0.41066640615463257,0.8553313612937927,0.8701326251029968,1.3665465116500854,-0.2110011726617813,-0.13435235619544983,0.614814817905426,1.6319973468780518,2.6510651111602783,0.15876150131225586,0.09772932529449463,0.513134241104126,0.518126904964447,1.1911944150924683,-0.23914481699466705,-0.10401948541402817,0.6866618394851685,-0.06532921642065048,7.842769622802734,1.047790765762329,-0.16809143126010895,1.7177845239639282,1.096457600593567,-0.13467925786972046,3.5213143825531006,1.0618953704833984,-0.03445133939385414,6.46939754486084,1.039719820022583,-0.08418156206607819,2.0752856731414795,1.0508888959884644
cifar10_dirichlet,cifar10,dirichlet,1,full_retrain,1.0,cifar10_dirichlet/seed1/full_retrain_alpha1.00,0.6571,0.042333333333333334,0.9451111111111111,0.9027777777777778,True,0.6568,0.03211111111111111,20,2,23.10543441772461,3.3507301807403564,0.3281545042991638,2.262692928314209,-0.49888208508491516,10.022909164428711,0.9556391835212708,0.5313341021537781,5.572723865509033,-0.5822268724441528,11.494674682617188,1.3665465116500854,0.38252514600753784,3.217597246170044,-0.5219513773918152,14.877714157104492,2.6510651111602783,0.24890491366386414,1.3967862129211426,-0.4238887429237366,8.941251754760742,1.1911944150924683,0.4216138422489166,3.164687156677246,-0.6122680306434631,0.17617592215538025,7.842769622802734,2.939619779586792,0.11432784050703049,1.7177845239639282,5.806082725524902,0.16960258781909943,3.5213143825531006,3.247840166091919,0.21345020830631256,6.46939754486084,2.303680896759033,0.13726773858070374,2.0752856731414795,4.287174224853516
cifar10_dirichlet,cifar10,dirichlet,2,short_retrain,0.25,cifar10_dirichlet/seed2/short_retrain_alpha0.25,0.6713,0.9173333333333333,0.9214444444444444,0.004111111111111065,False,0.6639,0.043111111111111114,20,2,1.5967484712600708,1.0118931531906128,-0.04566211998462677,-0.0720503032207489,0.6353790760040283,0.4622957706451416,0.1871607005596161,-0.5787752270698547,-1.4296025037765503,0.9441177845001221,0.6217747330665588,0.38739556074142456,-0.1888333112001419,-0.3030794858932495,0.8161351084709167,1.304661512374878,0.8396575450897217,0.04717142507433891,0.07329220324754715,0.4979388415813446,0.4971907436847687,0.36581844091415405,-0.1643397957086563,-0.22335737943649292,0.8045803308486938,,,,,,,,,,,,,,,
cifar10_dirichlet,cifar10,dirichlet,2,federaser,0.25,cifar10_dirichlet/seed2/federaser_alpha0.25,0.4524,0.8505555555555555,0.9214444444444444,0.07088888888888889,False,0.6639,0.043111111111111114,20,2,9.011371612548828,1.0118931531906128,0.20308466255664825,1.8084697723388672,-0.8459926247596741,3.5894646644592285,0.1871607005596161,0.6119451522827148,11.736202239990234,-0.9544248580932617,4.187290191650391,0.38739556074142456,0.24367466568946838,2.633833408355713,-0.8687378168106079,6.269081115722656,0.8396575450897217,0.13234305381774902,0.9880660176277161,-0.7626274824142456,3.3895857334136963,0.36581844091415405,0.2813093066215515,2.6065449714660645,-0.9505882859230042,,,,,,,,,,,,,,,
cifar10_dirichlet,cifar10,dirichlet,2,grad_negation,0.25,cifar10_dirichlet/seed2/grad_negation_alpha0.25,0.6547,0.9106666666666666,0.9214444444444444,0.010777777777777775,False,0.6639,0.043111111111111114,20,2,3.474165916442871,1.0118931531906128,-0.060467906296253204,-0.20759586989879608,0.2906273603439331,1.1427775621414185,0.1871607005596161,-0.39533036947250366,-2.4138333797454834,0.46906909346580505,2.0196471214294434,0.38739556074142456,-0.13002020120620728,-0.6778462529182434,0.2642516493797302,2.4269421100616455,0.8396575450897217,-0.0055295261554419994,-0.015981893986463547,0.25849026441574097,0.8920443058013916,0.36581844091415405,-0.04603784531354904,-0.11226281523704529,0.31022968888282776,,,,,,,,,,,,,,,
cifar10_dirichlet,cifar10,dirichlet,2,full_retrain,0.25,cifar10_dirichlet/seed2/full_retrain_alpha0.25,0.6623,0.8617777777777778,0.9214444444444444,0.059666666666666646,False,0.6639,0.043111111111111114,20,2,22.595012664794922,1.0118931531906128,0.13301242887973785,2.969942331314087,-0.5754205584526062,9.98243236541748,0.1871607005596161,0.3742729723453522,19.9622859954834,-0.606259822845459,11.22789192199707,0.38739556074142456,0.1577070653438568,4.570821285247803,-0.5760496258735657,14.507979393005371,0.8396575450897217,0.08597584813833237,1.485471487045288,-0.5228502750396729,8.623098373413086,0.36581844091415405,0.1929304152727127,4.5477705001831055,-0.6810331344604492,,,,,,,,,,,,,,,
cifar10_dirichlet,cifar10,dirichlet,2,short_retrain,0.5,cifar10_dirichlet/seed2/short_retrain_alpha0.50,0.67,0.8991111111111111,0.9214444444444444,0.022333333333333316,False,0.6639,0.043111111111111114,20,2,1.6393827199935913,1.2602978944778442,-0.047978293150663376,-0.06240610033273697,0.6374083161354065,0.4735814034938812,0.2577091157436371,-0.5761712193489075,-1.05880606174469,0.941145122051239,0.6373555064201355,0.5244531035423279,-0.1796051412820816,-0.21826991438865662,0.8161823749542236,1.3402795791625977,1.0206718444824219,0.05116318538784981,0.06718147546052933,0.5033855438232422,0.5106751918792725,0.4529505968093872,-0.1675843596458435,-0.18894149363040924,0.8030927777290344,,,,,,,,,,,,,,,
cifar10_dirichlet,cifar10,dirichlet,2,federaser,0.5,cifar10_dirichlet/seed2/federaser_alpha0.50,0.4602,0.6582222222222223,0.9214444444444444,0.26322222222222214,False,0.6639,0.043111111111111114,20,2,8.926695823669434,1.2602978944778442,0.24155820906162262,1.710859775543213,-0.8349103331565857,3.571220874786377,0.2577091157436371,0.6239268183708191,8.646106719970703,-0.9501451849937439,4.149590015411377,0.5244531035423279,0.2679361402988434,2.1199707984924316,-0.8565952777862549,6.197868824005127,1.0206718444824219,0.16878777742385864,1.0248963832855225,-0.7478075623512268,3.3619959354400635,0.4529505968093872,0.3234325051307678,2.400656223297119,-0.9427137970924377,,,,,,,,,,,,,,,
cifar10_dirichlet,cifar10,dirichlet,2,grad_negation,0.5,cifar10_dirichlet/seed2/grad_negation_alpha0.50,0.6652,0.8963333333333333,0.9214444444444444,0.025111111111111084,False,0.6639,0.043111111111111114,20,2,2.005817174911499,1.2602978944778442,-0.057727936655282974,-0.09187117218971252,0.5424507260322571,0.6465352177619934,0.2577091157436371,-0.5207172632217407,-1.3063644170761108,0.7730358242988586,0.9584104418754578,0.5244531035423279,-0.1526167392730713,-0.27889904379844666,0.5909814238548279,1.5435304641723633,1.0206718444824219,0.02077883668243885,0.03142194077372551,0.4519331753253937,0.5516892671585083,0.4529505968093872,-0.060809019953012466,-0.07406476140022278,0.6585166454315186,,,,,,,,,,,,,,,
cifar10_dirichlet,cifar10,dirichlet,2,full_retrain,0.5,cifar10_dirichlet/seed2/full_retrain_alpha0.50,0.6601,0.8194444444444444,0.9214444444444444,0.10199999999999998,False,0.6639,0.043111111111111114,20,2,22.689023971557617,1.2602978944778442,0.14691506326198578,2.6447465419769287,-0.5673325061798096,10.008270263671875,0.2577091157436371,0.36760851740837097,14.276270866394043,-0.5993468165397644,11.265509605407715,0.5244531035423279,0.1630638986825943,3.502692461013794,-0.5684710144996643,14.583733558654785,1.0206718444824219,0.09892882406711578,1.4134749174118042,-0.514552891254425,8.663097381591797,0.4529505968093872,0.20817936956882477,3.9816219806671143,-0.6725174188613892,,,,,,,,,,,,,,,
cifar10_dirichlet,cifar10,dirichlet,2,short_retrain,0.75,cifar10_dirichlet/seed2/short_retrain_alpha0.75,0.6707,0.8807777777777778,0.9214444444444444,0.04066666666666663,False,0.6639,0.043111111111111114,20,2,1.7046504020690918,1.6609598398208618,-0.047557760030031204,-0.04880589619278908,0.63289475440979,0.4883463978767395,0.36986827850341797,-0.5959823131561279,-0.7868903875350952,0.9415584206581116,0.6570838689804077,0.7077270150184631,-0.18193890154361725,-0.16891968250274658,0.8121607899665833,1.3983606100082397,1.3224211931228638,0.06029122322797775,0.06375021487474442,0.5009575486183167,0.5293772220611572,0.6102311611175537,-0.16681401431560516,-0.14471164345741272,0.7958431243896484,,,,,,,,,,,,,,,
cifar10_dirichlet,cifar10,dirichlet,2,federaser,0.75,cifar10_dirichlet/seed2/federaser_alpha0.75,0.4503,0.06566666666666666,0.9214444444444444,0.8557777777777777,False,0.6639,0.043111111111111114,20,2,9.013062477111816,1.6609598398208618,0.29085758328437805,1.5782229900360107,-0.8092293739318848,3.5529065132141113,0.36986827850341797,0.6717191338539124,6.452445983886719,-0.9380755424499512,4.19441032409668,0.7077270150184631,0.32759150862693787,1.941500186920166,-0.833934485912323,6.292535781860352,1.3224211931228638,0.21238958835601807,1.0105719566345215,-0.7149729132652283,3.3803017139434814,0.6102311611175537,0.35471537709236145,1.9649029970169067,-0.9271023273468018,,,,,,,,,,,,,,,
cifar10_dirichlet,cifar10,dirichlet,2,grad_negation,0.75,cifar10_dirichlet/seed2/grad_negation_alpha0.75,0.6677,0.8651111111111112,0.9214444444444444,0.056333333333333235,False,0.6639,0.043111111111111114,20,2,1.8296629190444946,1.6609598398208618,-0.036560412496328354,-0.040271494537591934,0.6232773661613464,0.5506853461265564,0.36986827850341797,-0.6193976998329163,-0.9222018122673035,0.9183369874954224,0.7851355075836182,0.7077270150184631,-0.16052627563476562,-0.1780838966369629,0.7418689727783203,1.4548088312149048,1.3224211931228638,0.07234025746583939,0.07957824319601059,0.5137898921966553,0.5582371354103088,0.6102311611175537,-0.10251578688621521,-0.09378105401992798,0.6950235366821289,,,,,,,,,,,,,,,
cifar10_dirichlet,cifar10,dirichlet,2,full_retrain,0.75,cifar10_dirichlet/seed2/full_retrain_alpha0.75,0.6629,0.6413333333333333,0.9214444444444444,0.2801111111111111,False,0.6639,0.043111111111111114,20,2,22.771696090698242,1.6609598398208618,0.1641211360692978,2.2499635219573975,-0.5550162196159363,10.002276420593262,0.36986827850341797,0.37792667746543884,10.220197677612305,-0.5931847095489502,11.315783500671387,0.7077270150184631,0.1814812272787094,2.9016849994659424,-0.5586633086204529,14.661041259765625,1.3224211931228638,0.11127114295959473,1.2335470914840698,-0.4996477961540222,8.690947532653809,0.6102311611175537,0.22601377964019775,3.2189013957977295,-0.659237802028656,,,,,,,,,,,,,,,
cifar10_dirichlet,cifar10,dirichlet,2,short_retrain,1.0,cifar10_dirichlet/seed2/short_retrain_alpha1.00,0.6651,0.8625555555555555,0.9214444444444444,0.05888888888888888,True,0.6639,0.043111111111111114,20,2,1.7818195819854736,2.2696213722229004,-0.024560067802667618,-0.019280187785625458,0.6365221738815308,0.5077009201049805,0.5438026785850525,-0.5858902931213379,-0.5469943881034851,0.9348284006118774,0.6884083151817322,0.9927027225494385,-0.15785890817642212,-0.10947012156248093,0.8019931316375732,1.4658749103546143,1.7853212356567383,0.09682413190603256,0.07949528843164444,0.5150676965713501,0.5426641702651978,0.826317548751831,-0.18527624011039734,-0.12167572230100632,0.7953807711601257,0.027141716331243515,5.9003005027771,1.0367261171340942,0.12119729816913605,1.3158878087997437,1.027296781539917,-0.010694188997149467,2.591517686843872,1.03742253780365,0.016591228544712067,4.891323566436768,1.0391669273376465,0.12322928756475449,1.562645673751831,1.0173543691635132
cifar10_dirichlet,cifar10,dirichlet,2,federaser,1.0,cifar10_dirichlet/seed2/federaser_alpha1.00,0.44,0.005333333333333333,0.9214444444444444,0.9161111111111111,True,0.6639,0.043111111111111114,20,2,9.109088897705078,2.2696213722229004,0.3727915287017822,1.4960941076278687,-0.744240403175354,3.5160953998565674,0.5438026785850525,0.7095813155174255,4.587978363037109,-0.9144492745399475,4.240749835968018,0.9927027225494385,0.3878159523010254,1.6567184925079346,-0.7774673104286194,6.405815601348877,1.7853212356567383,0.30440378189086914,1.0921576023101807,-0.6307031512260437,3.405491352081299,0.826317548751831,0.43939754366874695,1.8108832836151123,-0.8788784742355347,0.23389530181884766,5.9003005027771,1.631338119506836,0.06775200366973877,1.3158878087997437,2.7888505458831787,0.2551995813846588,2.591517686843872,1.6859941482543945,0.28620877861976624,4.891323566436768,1.4019649028778076,0.09116741269826889,1.562645673751831,2.313446044921875
cifar10_dirichlet,cifar10,dirichlet,2,grad_negation,1.0,cifar10_dirichlet/seed2/grad_negation_alpha1.00,0.6677,0.8057777777777778,0.9214444444444444,0.11566666666666658,True,0.6639,0.043111111111111114,20,2,1.9128068685531616,2.2696213722229004,-0.005894854199141264,-0.004967777524143457,0.6198714375495911,0.6006641983985901,0.5438026785850525,-0.5613070130348206,-0.6199986934661865,0.8663501739501953,0.8160213828086853,0.9927027225494385,-0.11383720487356186,-0.0935763567686081,0.7322010397911072,1.5278761386871338,1.7853212356567383,0.11038338392972946,0.09446103870868683,0.5162579417228699,0.5457403659820557,0.826317548751831,-0.11337553709745407,-0.07487872987985611,0.7318496704101562,0.03663394972681999,5.9003005027771,1.0398766994476318,0.12147442996501923,1.3158878087997437,1.0476003885269165,0.005417034029960632,2.591517686843872,1.046775221824646,0.02553541027009487,4.891323566436768,1.040006399154663,0.13502740859985352,1.562645673751831,1.0137335062026978
cifar10_dirichlet,cifar10,dirichlet,2,full_retrain,1.0,cifar10_dirichlet/seed2/full_retrain_alpha1.00,0.6623,0.022,0.9214444444444444,0.8994444444444444,True,0.6639,0.043111111111111114,20,2,22.86577606201172,2.2696213722229004,0.18081232905387878,1.8215115070343018,-0.5341945290565491,10.053523063659668,0.5438026785850525,0.37504181265830994,6.933564186096191,-0.5917782187461853,11.35066032409668,0.9927027225494385,0.19563044607639313,2.2368557453155518,-0.5390719771385193,14.727752685546875,1.7853212356567383,0.12594856321811676,1.038940191268921,-0.47125115990638733,8.720477104187012,0.826317548751831,0.25217702984809875,2.661330461502075,-0.6410015821456909,0.05285407975316048,5.9003005027771,3.950788736343384,-0.08070750534534454,1.3158878087997437,7.784887313842773,0.0406237468123436,2.591517686843872,4.452854633331299,0.09977378696203232,4.891323566436768,3.076575517654419,-0.013501026667654514,1.562645673751831,5.682746410369873
cifar10_dirichlet,cifar10,dirichlet,3,short_retrain,0.25,cifar10_dirichlet/seed3/short_retrain_alpha0.25,0.6699,0.925,0.9252222222222222,0.00022222222222212373,False,0.6681,0.02811111111111111,20,2,1.730148434638977,0.48137474060058594,-0.0344109982252121,-0.12367350608110428,0.6353904604911804,0.48812833428382874,0.06981838494539261,-0.4382152855396271,-3.0637388229370117,0.9425970315933228,0.6494954228401184,0.14730527997016907,-0.15708261728286743,-0.6926038265228271,0.8288387060165405,1.4303984642028809,0.3952255845069885,0.014620012603700161,0.05291013792157173,0.5029544830322266,0.5360515713691711,0.2212427854537964,-0.058694832026958466,-0.14221233129501343,0.8151626586914062,,,,,,,,,,,,,,,
cifar10_dirichlet,cifar10,dirichlet,3,federaser,0.25,cifar10_dirichlet/seed3/federaser_alpha0.25,0.4497,0.5293333333333333,0.9252222222222222,0.39588888888888885,False,0.6681,0.02811111111111111,20,2,9.707193374633789,0.48137474060058594,0.09333990514278412,1.88216233253479,-0.8513230681419373,3.6851601600646973,0.06981838494539261,0.4186355769634247,22.09646224975586,-0.958073079586029,4.3351874351501465,0.14730527997016907,0.181456059217453,5.340230464935303,-0.8808494210243225,6.994349956512451,0.3952255845069885,0.04176550731062889,0.7390931844711304,-0.7782301306724548,3.5970771312713623,0.2212427854537964,0.1220308318734169,1.9840388298034668,-0.9503808617591858,,,,,,,,,,,,,,,
cifar10_dirichlet,cifar10,dirichlet,3,grad_negation,0.25,cifar10_dirichlet/seed3/grad_negation_alpha0.25,0.6725,0.9225555555555556,0.9252222222222222,0.002666666666666595,False,0.6681,0.02811111111111111,20,2,1.9334889650344849,0.48137474060058594,-0.03469860553741455,-0.13936372101306915,0.5763559341430664,0.5148457884788513,0.06981838494539261,-0.46669989824295044,-3.441478967666626,0.9350650310516357,0.8693054914474487,0.14730527997016907,-0.15374460816383362,-0.9073043465614319,0.6560397148132324,1.541232943534851,0.3952255845069885,-0.0017177090048789978,-0.00669810501858592,0.47544166445732117,0.5850902795791626,0.2212427854537964,0.04028329253196716,0.10653164982795715,0.6672203540802002,,,,,,,,,,,,,,,
cifar10_dirichlet,cifar10,dirichlet,3,full_retrain,0.25,cifar10_dirichlet/seed3/full_retrain_alpha0.25,0.6714,0.91,0.9252222222222222,0.015222222222222137,False,0.6681,0.02811111111111111,20,2,23.837125778198242,0.48137474060058594,0.07410114258527756,3.66922926902771,-0.5816125273704529,10.734509468078613,0.06981838494539261,0.27398261427879333,42.124568939208984,-0.6166244149208069,11.787464141845703,0.14730527997016907,0.11226195096969604,8.98325252532959,-0.5755451321601868,15.328471183776855,0.3952255845069885,0.04698086902499199,1.8220235109329224,-0.5472896099090576,8.893548011779785,0.2212427854537964,0.08405699580907822,3.378934383392334,-0.6429038047790527,,,,,,,,,,,,,,,
cifar10_dirichlet,cifar10,dirichlet,3,short_retrain,0.5,cifar10_dirichlet/seed3/short_retrain_alpha0.50,0.6686,0.9046666666666666,0.9252222222222222,0.02055555555555555,False,0.6681,0.02811111111111111,20,2,1.8099035024642944,1.6403825283050537,-0.038822561502456665,-0.04283195734024048,0.6385149955749512,0.49753981828689575,0.3561606705188751,-0.6685442924499512,-0.9339249730110168,0.935055673122406,0.6676386594772339,0.5885294079780579,-0.2879731357097626,-0.3266816735267639,0.8241543769836426,1.511614441871643,1.3762905597686768,0.09336122125387192,0.10253588110208511,0.5234662294387817,0.545486569404602,0.5687987208366394,-0.25097841024398804,-0.24069218337535858,0.8038294911384583,,,,,,,,,,,,,,,
cifar10_dirichlet,cifar10,dirichlet,3,federaser,0.5,cifar10_dirichlet/seed3/federaser_alpha0.50,0.4512,0.132,0.9252222222222222,0.7932222222222222,False,0.6681,0.02811111111111111,20,2,9.845937728881836,1.6403825283050537,0.3332902193069458,2.000359058380127,-0.8124970197677612,3.707754135131836,0.3561606705188751,0.7349972128868103,7.651569366455078,-0.947208821773529,4.455810070037842,0.5885294079780579,0.4528616964817047,3.4286530017852783,-0.8492894172668457,7.074998378753662,1.3762905597686768,0.2370975762605667,1.2187700271606445,-0.7233562469482422,3.6455681324005127,0.5687987208366394,0.4418160617351532,2.8317067623138428,-0.9214653968811035,,,,,,,,,,,,,,,
cifar10_dirichlet,cifar10,dirichlet,3,grad_negation,0.5,cifar10_dirichlet/seed3/grad_negation_alpha0.50,0.6685,0.8902222222222222,0.9252222222222222,0.03499999999999992,False,0.6681,0.02811111111111111,20,2,1.868510127067566,1.6403825283050537,-0.03219100832939148,-0.03666556254029274,0.6295912861824036,0.5190578103065491,0.3561606705188751,-0.6917916536331177,-1.0081959962844849,0.9383550882339478,0.761646032333374,0.5885294079780579,-0.2537310719490051,-0.3283659517765045,0.756601095199585,1.5324528217315674,1.3762905597686768,0.09544892609119415,0.10627386718988419,0.5281385779380798,0.5417519807815552,0.5687987208366394,-0.18936924636363983,-0.1803646981716156,0.7474969029426575,,,,,,,,,,,,,,,
cifar10_dirichlet,cifar10,dirichlet,3,full_retrain,0.5,cifar10_dirichlet/seed3/full_retrain_alpha0.50,0.6691,0.817,0.9252222222222222,0.10822222222222222,False,0.6681,0.02811111111111111,20,2,23.941265106201172,1.6403825283050537,0.20012228190898895,2.9205918312072754,-0.5620112419128418,10.75637149810791,0.3561606705188751,0.45699021220207214,13.80151081085205,-0.6124102473258972,11.82347583770752,0.5885294079780579,0.27885282039642334,5.602108478546143,-0.5631923079490662,15.43181324005127,1.3762905597686768,0.13254739344120026,1.486128807067871,-0.5176920294761658,8.920316696166992,0.5687987208366394,0.266685426235199,4.182357311248779,-0.6278438568115234,,,,,,,,,,,,,,,
cifar10_dirichlet,cifar10,dirichlet,3,short_retrain,0.75,cifar10_dirichlet/seed3/short_retrain_alpha0.75,0.6719,0.8543333333333333,0.9252222222222222,0.07088888888888889,False,0.6681,0.02811111111111111,20,2,1.9042178392410278,2.2578606605529785,-0.023799611255526543,-0.020070621743798256,0.6353043913841248,0.5165437459945679,0.5377479195594788,-0.6217753291130066,-0.5972577333450317,0.9332253932952881,0.6901975274085999,0.8928091526031494,-0.26596981287002563,-0.20561102032661438,0.8192015290260315,1.596880555152893,1.814496397972107,0.11453086137771606,0.10078924894332886,0.5250569581985474,0.5769708156585693,0.8481763601303101,-0.1993924081325531,-0.13563643395900726,0.794096052646637,,,,,,,,,,,,,,,
cifar10_dirichlet,cifar10,dirichlet,3,federaser,0.75,cifar10_dirichlet/seed3/federaser_alpha0.75,0.4621,0.02677777777777778,0.9252222222222222,0.8984444444444444,False,0.6681,0.02811111111111111,20,2,10.032079696655273,2.2578606605529785,0.3796035647392273,1.6865358352661133,-0.7662060260772705,3.716604471206665,0.5377479195594788,0.7197405695915222,4.974432468414307,-0.9289758801460266,4.6021928787231445,0.8928091526031494,0.48164650797843933,2.482754945755005,-0.8083657026290894,7.22017765045166,1.814496397972107,0.288006991147995,1.1459617614746094,-0.668550968170166,3.6774752140045166,0.8481763601303101,0.45132189989089966,1.9568164348602295,-0.8732709288597107,,,,,,,,,,,,,,,
cifar10_dirichlet,cifar10,dirichlet,3,grad_negation,0.75,cifar10_dirichlet/seed3/grad_negation_alpha0.75,0.6676,0.8446666666666667,0.9252222222222222,0.08055555555555549,False,0.6681,0.02811111111111111,20,2,2.007476568222046,2.2578606605529785,-0.02258392795920372,-0.020078178495168686,0.615307629108429,0.5443041920661926,0.5377479195594788,-0.6357855796813965,-0.6435370445251465,0.9343624114990234,0.8362850546836853,0.8928091526031494,-0.22316405177116394,-0.20903508365154266,0.7123371958732605,1.6412163972854614,1.814496397972107,0.11078913509845734,0.10020335763692856,0.5212997794151306,0.5838004946708679,0.8481763601303101,-0.16070300340652466,-0.11061201989650726,0.7343887090682983,,,,,,,,,,,,,,,
cifar10_dirichlet,cifar10,dirichlet,3,full_retrain,0.75,cifar10_dirichlet/seed3/full_retrain_alpha0.75,0.6752,0.3768888888888889,0.9252222222222222,0.5483333333333333,False,0.6681,0.02811111111111111,20,2,24.084964752197266,2.2578606605529785,0.20828160643577576,2.2216274738311768,-0.5425511002540588,10.857760429382324,0.5377479195594788,0.42900046706199646,8.662020683288574,-0.6111802458763123,11.887615203857422,0.8928091526031494,0.26801010966300964,3.568506956100464,-0.5482491254806519,15.528444290161133,1.814496397972107,0.14462193846702576,1.237602949142456,-0.49256178736686707,8.931388854980469,0.8481763601303101,0.25110653042793274,2.644179105758667,-0.6007934808731079,,,,,,,,,,,,,,,
cifar10_dirichlet,cifar10,dirichlet,3,short_retrain,1.0,cifar10_dirichlet/seed3/short_retrain_alpha1.00,0.6704,0.8486666666666667,0.9252222222222222,0.07655555555555549,True,0.6681,0.02811111111111111,20,2,1.954999566078186,2.407501697540283,-0.020366022363305092,-0.016537008807063103,0.6357131004333496,0.5312422513961792,0.5891531705856323,-0.6081778407096863,-0.5483970046043396,0.9300783276557922,0.7108935117721558,0.9987031817436218,-0.2298789769411087,-0.16363149881362915,0.8155410289764404,1.639747977256775,1.918862223625183,0.11553075164556503,0.09872071444988251,0.5271355509757996,0.5879976153373718,0.8773369789123535,-0.20511078834533691,-0.13746674358844757,0.7949816584587097,-0.031342629343271255,7.08780574798584,1.0456428527832031,0.0577770434319973,1.439903974533081,1.045698881149292,-0.10551677644252777,3.2217907905578613,1.046543002128601,-0.03634575754404068,5.904084205627441,1.0475294589996338,0.11435740441083908,1.7108588218688965,1.0195655822753906
cifar10_dirichlet,cifar10,dirichlet,3,federaser,1.0,cifar10_dirichlet/seed3/federaser_alpha1.00,0.4235,0.02811111111111111,0.9252222222222222,0.8971111111111111,True,0.6681,0.02811111111111111,20,2,10.008444786071777,2.407501697540283,0.3850233256816864,1.6005076169967651,-0.7496296167373657,3.685302734375,0.5891531705856323,0.7169909477233887,4.484961986541748,-0.9222202301025391,4.585249900817871,0.9987031817436218,0.4722374975681305,2.1681363582611084,-0.7896668314933777,7.2184553146362305,1.918862223625183,0.2923143208026886,1.0995826721191406,-0.6484301686286926,3.669045925140381,0.8773369789123535,0.4688134789466858,1.9605900049209595,-0.8657448291778564,0.274236798286438,7.08780574798584,1.4897996187210083,0.07777193933725357,1.439903974533081,2.674410343170166,0.3219035863876343,3.2217907905578613,1.4523200988769531,0.3239586651325226,5.904084205627441,1.3048686981201172,0.07632513344287872,1.7108588218688965,2.296036958694458
cifar10_dirichlet,cifar10,dirichlet,3,grad_negation,1.0,cifar10_dirichlet/seed3/grad_negation_alpha1.00,0.6654,0.7825555555555556,0.9252222222222222,0.1426666666666666,True,0.6681,0.02811111111111111,20,2,2.2784087657928467,2.407501697540283,-0.015344069339334965,-0.01452032383531332,0.5564087629318237,0.5797328948974609,0.5891531705856323,-0.6060093641281128,-0.5963196754455566,0.9230572581291199,1.0430837869644165,0.9987031817436218,-0.1896483600139618,-0.1980758011341095,0.5736523866653442,1.8341214656829834,1.918862223625183,0.10849349200725555,0.1036968007683754,0.4817454218864441,0.634989321231842,0.8773369789123535,-0.11031290143728256,-0.07984106242656708,0.6781696677207947,-0.016533827409148216,7.08780574798584,1.055445671081543,0.05990920960903168,1.439903974533081,1.0553961992263794,-0.06600063294172287,3.2217907905578613,1.0712413787841797,-0.020580226555466652,5.904084205627441,1.053230881690979,0.1174984946846962,1.7108588218688965,1.0249556303024292
cifar10_dirichlet,cifar10,dirichlet,3,full_retrain,1.0,cifar10_dirichlet/seed3/full_retrain_alpha1.00,0.6758,0.035444444444444445,0.9252222222222222,0.8897777777777778,True,0.6681,0.02811111111111111,20,2,24.249109268188477,2.407501697540283,0.20888067781925201,2.103769540786743,-0.5348831415176392,10.902775764465332,0.5891531705856323,0.4173729419708252,7.723839282989502,-0.6049562096595764,11.965373992919922,0.9987031817436218,0.2564643323421478,3.0726730823516846,-0.5387296080589294,15.640892028808594,1.918862223625183,0.14548563957214355,1.1858102083206177,-0.48461413383483887,9.020126342773438,0.8773369789123535,0.26312869787216187,2.7052934169769287,-0.5970699191093445,0.08334095776081085,7.08780574798584,3.4834775924682617,-0.035957206040620804,1.439903974533081,7.673191070556641,0.09067954868078232,3.2217907905578613,3.7575857639312744,0.12717652320861816,5.904084205627441,2.7100274562835693,-0.022762643173336983,1.7108588218688965,5.388595104217529
cifar10_dirichlet,cifar10,dirichlet,4,short_retrain,0.25,cifar10_dirichlet/seed4/short_retrain_alpha0.25,0.6657,0.8846666666666667,0.8844444444444445,-0.00022222222222223476,False,0.6669,0.025777777777777778,20,2,1.630845069885254,0.8287472724914551,-0.048720479011535645,-0.09586741030216217,0.6321666240692139,0.4719707667827606,0.1399301141500473,-0.5187502503395081,-1.7496949434280396,0.934916079044342,0.6244077682495117,0.31811413168907166,-0.20466405153274536,-0.40172278881073,0.8179771900177002,1.3397804498672485,0.7004082798957825,0.03020063415169716,0.057766031473875046,0.49447181820869446,0.5020708441734314,0.27476024627685547,-0.1397315263748169,-0.25533217191696167,0.8191589713096619,,,,,,,,,,,,,,,
cifar10_dirichlet,cifar10,dirichlet,4,federaser,0.25,cifar10_dirichlet/seed4/federaser_alpha0.25,0.4548,0.2803333333333333,0.8844444444444445,0.6041111111111112,False,0.6669,0.025777777777777778,20,2,8.993534088134766,0.8287472724914551,0.1779579222202301,1.9310541152954102,-0.8466655015945435,3.4656190872192383,0.1399301141500473,0.5240249037742615,12.978415489196777,-0.9415391087532043,4.136956214904785,0.31811413168907166,0.27224573493003845,3.5404508113861084,-0.8719855546951294,6.351002216339111,0.7004082798957825,0.1063569039106369,0.964341402053833,-0.7746784090995789,3.380448341369629,0.27476024627685547,0.2593351900577545,3.1906702518463135,-0.9449033737182617,,,,,,,,,,,,,,,
cifar10_dirichlet,cifar10,dirichlet,4,grad_negation,0.25,cifar10_dirichlet/seed4/grad_negation_alpha0.25,0.6628,0.8656666666666667,0.8844444444444445,0.018777777777777782,False,0.6669,0.025777777777777778,20,2,1.8265184164047241,0.8287472724914551,-0.04999713599681854,-0.11018334329128265,0.5826161503791809,0.5052855014801025,0.1399301141500473,-0.5226669907569885,-1.8873430490493774,0.9410915374755859,0.8299767971038818,0.31811413168907166,-0.19692063331604004,-0.5137759447097778,0.66117924451828,1.4498846530914307,0.7004082798957825,0.020451104268431664,0.04233241826295853,0.46964409947395325,0.5384731292724609,0.27476024627685547,-0.05071059241890907,-0.09938225895166397,0.7042446732521057,,,,,,,,,,,,,,,
cifar10_dirichlet,cifar10,dirichlet,4,full_retrain,0.25,cifar10_dirichlet/seed4/full_retrain_alpha0.25,0.6624,0.8402222222222222,0.8844444444444445,0.044222222222222274,False,0.6669,0.025777777777777778,20,2,23.399486541748047,0.8287472724914551,0.11414655297994614,3.222670555114746,-0.5846084356307983,10.840774536132812,0.1399301141500473,0.3234953284263611,25.062088012695312,-0.6479203104972839,11.510884284973145,0.31811413168907166,0.15905322134494781,5.75529670715332,-0.568647027015686,14.837186813354492,0.7004082798957825,0.07352158427238464,1.5573610067367554,-0.537294864654541,8.797544479370117,0.27476024627685547,0.15570534765720367,4.985527992248535,-0.6586121320724487,,,,,,,,,,,,,,,
cifar10_dirichlet,cifar10,dirichlet,4,short_retrain,0.5,cifar10_dirichlet/seed4/short_retrain_alpha0.50,0.6659,0.8435555555555555,0.8844444444444445,0.040888888888888975,False,0.6669,0.025777777777777778,20,2,1.6952697038650513,1.3502978086471558,-0.04223249852657318,-0.053017694503068924,0.6385183334350586,0.489021897315979,0.29079633951187134,-0.5476288795471191,-0.9209281206130981,0.933651864528656,0.64224773645401,0.5609323382377625,-0.22924824059009552,-0.26248082518577576,0.819653332233429,1.3949507474899292,1.1131428480148315,0.06790738552808762,0.08509418368339539,0.5075970888137817,0.5258588790893555,0.430215448141098,-0.18412920832633972,-0.22506392002105713,0.8187925815582275,,,,,,,,,,,,,,,
cifar10_dirichlet,cifar10,dirichlet,4,federaser,0.5,cifar10_dirichlet/seed4/federaser_alpha0.50,0.4486,0.12166666666666667,0.8844444444444445,0.7627777777777778,False,0.6669,0.025777777777777778,20,2,9.087831497192383,1.3502978086471558,0.27418118715286255,1.8451564311981201,-0.8261135816574097,3.4741389751434326,0.29079633951187134,0.5976601839065552,7.140236854553223,-0.9357306361198425,4.166842460632324,0.5609323382377625,0.3791845738887787,2.816740036010742,-0.8528847694396973,6.447108745574951,1.1131428480148315,0.1886860579252243,1.0927700996398926,-0.746805727481842,3.405137062072754,0.430215448141098,0.3552137613296509,2.8115017414093018,-0.9334573745727539,,,,,,,,,,,,,,,
cifar10_dirichlet,cifar10,dirichlet,4,grad_negation,0.5,cifar10_dirichlet/seed4/grad_negation_alpha0.50,0.6651,0.8265555555555556,0.8844444444444445,0.05788888888888888,False,0.6669,0.025777777777777778,20,2,1.749820351600647,1.3502978086471558,-0.043207306414842606,-0.055986836552619934,0.6287497878074646,0.5037655234336853,0.29079633951187134,-0.5852908492088318,-1.0139377117156982,0.9375747442245483,0.7105229496955872,0.5609323382377625,-0.20962762832641602,-0.2655312418937683,0.7719575762748718,1.4246304035186768,1.1131428480148315,0.05772767215967178,0.07387717068195343,0.5092059373855591,0.5232491493225098,0.430215448141098,-0.10814954340457916,-0.13153676688671112,0.7669890522956848,,,,,,,,,,,,,,,
cifar10_dirichlet,cifar10,dirichlet,4,full_retrain,0.5,cifar10_dirichlet/seed4/full_retrain_alpha0.50,0.6687,0.7472222222222222,0.8844444444444445,0.13722222222222225,False,0.6669,0.025777777777777778,20,2,23.550140380859375,1.3502978086471558,0.15645304322242737,2.7284297943115234,-0.5754317045211792,10.891254425048828,0.29079633951187134,0.3460339903831482,12.960082054138184,-0.6465924978256226,11.575209617614746,0.5609323382377625,0.20274533331394196,4.183778762817383,-0.5620089769363403,14.924504280090332,1.1131428480148315,0.10558710992336273,1.4155813455581665,-0.5225613117218018,8.904009819030762,0.430215448141098,0.2111099362373352,4.369263648986816,-0.6540564894676208,,,,,,,,,,,,,,,
cifar10_dirichlet,cifar10,dirichlet,4,short_retrain,0.75,cifar10_dirichlet/seed4/short_retrain_alpha0.75,0.6601,0.7826666666666666,0.8844444444444445,0.10177777777777786,False,0.6669,0.025777777777777778,20,2,1.7712770700454712,1.9961220026016235,-0.026178263127803802,-0.023227617144584656,0.6340598464012146,0.497550368309021,0.4533403813838959,-0.5485423803329468,-0.6020365953445435,0.9317653179168701,0.6667037010192871,0.8725447654724121,-0.18779240548610687,-0.14349035918712616,0.8116593956947327,1.4664639234542847,1.5818387269973755,0.0931856706738472,0.08638372272253036,0.5116167068481445,0.5430727601051331,0.7180604934692383,-0.194247305393219,-0.14691020548343658,0.8049949407577515,,,,,,,,,,,,,,,
cifar10_dirichlet,cifar10,dirichlet,4,federaser,0.75,cifar10_dirichlet/seed4/federaser_alpha0.75,0.4545,0.030111111111111113,0.8844444444444445,0.8543333333333334,False,0.6669,0.025777777777777778,20,2,9.088111877441406,1.9961220026016235,0.35281041264533997,1.6061732769012451,-0.7714823484420776,3.4146249294281006,0.4533403813838959,0.6313440203666687,4.755374431610107,-0.9175765514373779,4.192153453826904,0.8725447654724121,0.43552741408348083,2.0924952030181885,-0.7976114749908447,6.4669623374938965,1.5818387269973755,0.2768574655056,1.1317954063415527,-0.6795571446418762,3.397447347640991,0.7180604934692383,0.40898847579956055,1.9350972175598145,-0.8873640894889832,,,,,,,,,,,,,,,
cifar10_dirichlet,cifar10,dirichlet,4,grad_negation,0.75,cifar10_dirichlet/seed4/grad_negation_alpha0.75,0.6556,0.7358888888888889,0.8844444444444445,0.14855555555555555,False,0.6669,0.025777777777777778,20,2,1.7942414283752441,1.9961220026016235,-0.016117757186293602,-0.014486478641629219,0.6364976167678833,0.5126053094863892,0.4533403813838959,-0.5739337205886841,-0.6489638090133667,0.9318892359733582,0.7093561291694641,0.8725447654724121,-0.16421052813529968,-0.13349874317646027,0.7934670448303223,1.4742045402526855,1.5818387269973755,0.10092205554246902,0.09404921531677246,0.5199130177497864,0.5292990803718567,0.7180604934692383,-0.15276455879211426,-0.11260630935430527,0.7845430970191956,,,,,,,,,,,,,,,
cifar10_dirichlet,cifar10,dirichlet,4,full_retrain,0.75,cifar10_dirichlet/seed4/full_retrain_alpha0.75,0.6747,0.2797777777777778,0.8844444444444445,0.6046666666666667,False,0.6669,0.025777777777777778,20,2,23.659046173095703,1.9961220026016235,0.17283716797828674,2.0483856201171875,-0.5578296780586243,10.943531036376953,0.4533403813838959,0.34419941902160645,8.308894157409668,-0.6448938250541687,11.614784240722656,0.8725447654724121,0.208394393324852,2.7740163803100586,-0.5454860925674438,15.021263122558594,1.5818387269973755,0.12205782532691956,1.159000039100647,-0.4996601939201355,8.914640426635742,0.7180604934692383,0.22536930441856384,2.7979347705841064,-0.6358033418655396,,,,,,,,,,,,,,,
cifar10_dirichlet,cifar10,dirichlet,4,short_retrain,1.0,cifar10_dirichlet/seed4/short_retrain_alpha1.00,0.6612,0.7641111111111111,0.8844444444444445,0.1203333333333334,True,0.6669,0.025777777777777778,20,2,1.828253149986267,2.1695327758789062,-0.020220085978507996,-0.017037933692336082,0.6283217668533325,0.5103956460952759,0.49587681889533997,-0.5358047485351562,-0.5514926314353943,0.9329855442047119,0.6863026022911072,0.9512844681739807,-0.17630435526371002,-0.12719441950321198,0.8036317229270935,1.5163047313690186,1.7079503536224365,0.09387925267219543,0.08333944529294968,0.5056466460227966,0.5584793090820312,0.7994565367698669,-0.1626405417919159,-0.11361639946699142,0.8029041290283203,0.05899873003363609,5.713710308074951,1.0318104028701782,0.22252370417118073,1.1052449941635132,1.0038591623306274,0.037781618535518646,2.4337515830993652,1.028694748878479,0.04167534038424492,4.81171178817749,1.0358768701553345,0.14438293874263763,1.5329391956329346,1.0136692523956299
cifar10_dirichlet,cifar10,dirichlet,4,federaser,1.0,cifar10_dirichlet/seed4/federaser_alpha1.00,0.3734,0.018,0.8844444444444445,0.8664444444444445,True,0.6669,0.025777777777777778,20,2,9.038272857666016,2.1695327758789062,0.34260138869285583,1.4271583557128906,-0.7532621622085571,3.3572869300842285,0.49587681889533997,0.6141756772994995,4.1582183837890625,-0.912834882736206,4.1726789474487305,0.9512844681739807,0.4273589849472046,1.874550700187683,-0.7818285226821899,6.469508171081543,1.7079503536224365,0.26990947127342224,1.0223129987716675,-0.6566565632820129,3.34018611907959,0.7994565367698669,0.3807689845561981,1.5908796787261963,-0.8739599585533142,0.18100275099277496,5.713710308074951,1.711626410484314,-0.11450531333684921,1.1052449941635132,3.3049397468566895,0.18901365995407104,2.4337515830993652,1.8142198324203491,0.24687334895133972,4.81171178817749,1.4642256498336792,0.032759394496679306,1.5329391956329346,2.3674941062927246
cifar10_dirichlet,cifar10,dirichlet,4,grad_negation,1.0,cifar10_dirichlet/seed4/grad_negation_alpha1.00,0.6644,0.6361111111111111,0.8844444444444445,0.2483333333333334,True,0.6669,0.025777777777777778,20,2,2.057142496109009,2.1695327758789062,-0.010486909188330173,-0.009942817501723766,0.5775270462036133,0.548981249332428,0.49587681889533997,-0.5385400652885437,-0.5962134599685669,0.9251532554626465,0.9391326904296875,0.9512844681739807,-0.14073972404003143,-0.13894183933734894,0.6192565560340881,1.6424130201339722,1.7079503536224365,0.09315745532512665,0.08957657217979431,0.4876164495944977,0.5925199389457703,0.7994565367698669,-0.07554540038108826,-0.05599072575569153,0.706262469291687,0.061877742409706116,5.713710308074951,1.041666030883789,0.2140774130821228,1.1052449941635132,1.016882061958313,0.03363475576043129,2.4337515830993652,1.059691309928894,0.05110921338200569,4.81171178817749,1.0400111675262451,0.12840446829795837,1.5329391956329346,1.0247626304626465
cifar10_dirichlet,cifar10,dirichlet,4,full_retrain,1.0,cifar10_dirichlet/seed4/full_retrain_alpha1.00,0.6686,0.018,0.8844444444444445,0.8664444444444445,True,0.6669,0.025777777777777778,20,2,23.822378158569336,2.1695327758789062,0.1658499389886856,1.820949912071228,-0.54909747838974,11.005423545837402,0.49587681889533997,0.3303470313549042,7.3316779136657715,-0.6408047676086426,11.681553840637207,0.9512844681739807,0.19967983663082123,2.4520211219787598,-0.5378619432449341,15.138168334960938,1.7079503536224365,0.11873815953731537,1.0523449182510376,-0.4902579188346863,8.988140106201172,0.7994565367698669,0.20595794916152954,2.3155462741851807,-0.623087465763092,0.031751640141010284,5.713710308074951,4.256598472595215,-0.17825892567634583,1.1052449941635132,10.183361053466797,0.026025069877505302,2.4337515830993652,4.87733268737793,0.08734546601772308,4.81171178817749,3.2169015407562256,-0.04442113637924194,1.5329391956329346,5.991631984710693
cifar10_iid_federaser_r1,cifar10,iid,0,federaser,1.0,cifar10_iid_federaser_r1/seed0/federaser_alpha1.00,0.6296,0.028777777777777777,0.9093333333333333,0.8805555555555555,True,0.6854,0.022444444444444444,20,2,8.225350379943848,2.442732334136963,0.44013532996177673,1.481940746307373,-0.6005663871765137,2.97969388961792,0.6436229348182678,0.7815812230110168,3.6183810234069824,-0.8751019835472107,3.573960781097412,1.0500116348266602,0.5392597913742065,1.8354958295822144,-0.6711065769195557,6.263373851776123,1.9542163610458374,0.3481781780719757,1.1158605813980103,-0.46773526072502136,2.6032416820526123,0.7946255207061768,0.5119645595550537,1.6772265434265137,-0.7523443698883057,0.525470495223999,7.650215148925781,1.0129740238189697,0.185390904545784,1.490855097770691,2.062408685684204,0.5367092490196228,3.1245391368865967,1.0394936800003052,0.588370144367218,6.476042747497559,0.8929449319839478,0.4267079532146454,2.145451068878174,1.1986531019210815
cifar10_iid_federaser_r1,cifar10,iid,0,full_retrain,1.0,cifar10_iid_federaser_r1/seed0/full_retrain_alpha1.00,0.6891,0.023444444444444445,0.9093333333333333,0.8858888888888888,True,0.6854,0.022444444444444444,20,2,24.66401481628418,2.442732334136963,0.23897702991962433,2.4127378463745117,-0.5535327792167664,11.308614730834961,0.6436229348182678,0.4797576069831848,8.429461479187012,-0.6510933637619019,11.984188079833984,1.0500116348266602,0.27309033274650574,3.1168832778930664,-0.5525891184806824,15.825742721557617,1.9542163610458374,0.16486786305904388,1.3350580930709839,-0.4906505346298218,9.293808937072754,0.7946255207061768,0.3209954500198364,3.7543087005615234,-0.6307345628738403,0.10078058391809464,7.650215148925781,3.2778241634368896,-0.021623438224196434,1.490855097770691,7.672362804412842,0.08071090281009674,3.1245391368865967,3.884840250015259,0.14895032346248627,6.476042747497559,2.4987823963165283,0.05478958785533905,2.145451068878174,4.392083168029785
cifar10_iid_federaser_r1,cifar10,iid,1,federaser,1.0,cifar10_iid_federaser_r1/seed1/federaser_alpha1.00,0.6209,0.03922222222222222,0.9164444444444444,0.8772222222222221,True,0.6929,0.017777777777777778,20,2,8.11754322052002,2.3985962867736816,0.43752768635749817,1.4806116819381714,-0.6018366813659668,2.8932087421417236,0.6229283809661865,0.7692210078239441,3.572669744491577,-0.8720008134841919,3.6605358123779297,0.9848732948303223,0.5163093209266663,1.9189953804016113,-0.6853029131889343,6.103799343109131,1.9040344953536987,0.3520891070365906,1.128637433052063,-0.4697195887565613,2.6211345195770264,0.8775684833526611,0.5127029418945312,1.5313489437103271,-0.7225199937820435,0.5191747546195984,7.398934364318848,1.0317659378051758,0.20824478566646576,1.5320392847061157,1.9441677331924438,0.5300612449645996,3.0613317489624023,1.0780322551727295,0.5747361183166504,6.164833068847656,0.9177454710006714,0.45841988921165466,2.2408668994903564,1.1383171081542969
cifar10_iid_federaser_r1,cifar10,iid,1,full_retrain,1.0,cifar10_iid_federaser_r1/seed1/full_retrain_alpha1.00,0.6863,0.022111111111111113,0.9164444444444444,0.8943333333333333,True,0.6929,0.017777777777777778,20,2,24.031156539916992,2.3985962867736816,0.23796026408672333,2.383911609649658,-0.5331199169158936,10.288565635681152,0.6229283809661865,0.4571877717971802,7.551120758056641,-0.5767933130264282,11.849700927734375,0.9848732948303223,0.2852250039577484,3.431739091873169,-0.5341367125511169,15.715391159057617,1.9040344953536987,0.16825854778289795,1.388685703277588,-0.48968151211738586,9.180179595947266,0.8775684833526611,0.3007231056690216,3.1458427906036377,-0.6225332021713257,0.09117546677589417,7.398934364318848,3.310112476348877,-0.01841113716363907,1.5320392847061157,6.80783224105835,0.07745363563299179,3.0613317489624023,3.9221439361572266,0.13848049938678741,6.164833068847656,2.6062211990356445,0.013396220281720161,2.2408668994903564,4.203958034515381
cifar10_iid_federaser_r1,cifar10,iid,2,federaser,1.0,cifar10_iid_federaser_r1/seed2/federaser_alpha1.00,0.6336,0.03344444444444444,0.9155555555555556,0.8821111111111111,True,0.6913,0.021444444444444443,20,2,8.04139232635498,2.4576330184936523,0.4381028413772583,1.4333770275115967,-0.6005474328994751,2.9417214393615723,0.6144750118255615,0.8203164339065552,3.9271602630615234,-0.8789026737213135,3.594434976577759,1.0070531368255615,0.5242547988891602,1.871200442314148,-0.6737294793128967,6.035578727722168,1.9630482196807861,0.34913384914398193,1.0733928680419922,-0.45606622099876404,2.5815751552581787,0.8915672898292542,0.4957508444786072,1.4354702234268188,-0.7587570548057556,0.495341956615448,7.214247703552246,1.0668854713439941,0.23038353025913239,1.5558346509933472,1.924525260925293,0.5435959696769714,3.094754219055176,1.0422385931015015,0.5445725917816162,6.032421112060547,0.95466148853302,0.3660096824169159,1.9127463102340698,1.3541136980056763
cifar10_iid_federaser_r1,cifar10,iid,2,full_retrain,1.0,cifar10_iid_federaser_r1/seed2/full_retrain_alpha1.00,0.6705,0.02311111111111111,0.9155555555555556,0.8924444444444445,True,0.6913,0.021444444444444443,20,2,24.10108757019043,2.4576330184936523,0.22405847907066345,2.1971068382263184,-0.5492709279060364,10.409582138061523,0.6144750118255615,0.4283878207206726,7.257149696350098,-0.6123683452606201,11.877869606018066,1.0070531368255615,0.2637792229652405,3.111189365386963,-0.5600075125694275,15.724584579467773,1.9630482196807861,0.16163142025470734,1.2946512699127197,-0.4863583445549011,9.174742698669434,0.8915672898292542,0.2917768359184265,3.0025527477264404,-0.6506438851356506,0.08340490609407425,7.214247703552246,3.406376838684082,-0.0315808542072773,1.5558346509933472,6.796152591705322,0.0738706961274147,3.094754219055176,3.89406156539917,0.12458331137895584,6.032421112060547,2.67307186126709,0.027359262108802795,1.9127463102340698,4.872907638549805
cifar10_iid_federaser_r1,cifar10,iid,3,federaser,1.0,cifar10_iid_federaser_r1/seed3/federaser_alpha1.00,0.6245,0.026111111111111113,0.9108888888888889,0.8847777777777778,True,0.6838,0.021111111111111112,20,2,8.357698440551758,2.442943572998047,0.42937496304512024,1.468848705291748,-0.5967382788658142,2.9656124114990234,0.630424439907074,0.7718491554260254,3.6308956146240234,-0.8756977319717407,3.893563985824585,1.0351555347442627,0.5403342247009277,2.0323727130889893,-0.65072101354599,6.291867256164551,1.940380334854126,0.3320976197719574,1.0767931938171387,-0.4738737642765045,2.51216983795166,0.8568196892738342,0.5070580244064331,1.4866787195205688,-0.7338470816612244,0.5842687487602234,8.209630966186523,0.9202383756637573,0.32262930274009705,1.829430103302002,1.6068066358566284,0.6570555567741394,3.918611764907837,0.8255593180656433,0.6268641948699951,6.708156585693359,0.8389662504196167,0.3840751051902771,1.9230901002883911,1.3049982786178589
cifar10_iid_federaser_r1,cifar10,iid,3,full_retrain,1.0,cifar10_iid_federaser_r1/seed3/full_retrain_alpha1.00,0.6892,0.021111111111111112,0.9108888888888889,0.8897777777777778,True,0.6838,0.021111111111111112,20,2,24.213232040405273,2.442943572998047,0.22785551846027374,2.25821852684021,-0.5328614115715027,10.929068565368652,0.630424439907074,0.4168938994407654,7.227292060852051,-0.6104350090026855,11.875306129455566,1.0351555347442627,0.2680225968360901,3.0747499465942383,-0.5369483828544617,15.726641654968262,1.940380334854126,0.16183917224407196,1.3116158246994019,-0.48520132899284363,8.860489845275879,0.8568196892738342,0.3124742805957794,3.2313385009765625,-0.5873469114303589,0.1187039390206337,8.209630966186523,2.9997715950012207,-0.010403702035546303,1.829430103302002,6.067399024963379,0.12872245907783508,3.918611764907837,3.066542625427246,0.16679924726486206,6.708156585693359,2.390434980392456,0.012754838913679123,1.9230901002883911,4.702213287353516
cifar10_iid_federaser_r1,cifar10,iid,4,federaser,1.0,cifar10_iid_federaser_r1/seed4/federaser_alpha1.00,0.6247,0.030111111111111113,0.9066666666666666,0.8765555555555555,True,0.6854,0.023555555555555555,20,2,8.124921798706055,2.4874093532562256,0.44670185446739197,1.459012508392334,-0.5915602445602417,2.819951057434082,0.600085437297821,0.7444308996200562,3.498265504837036,-0.8693340420722961,3.7725324630737305,1.0590442419052124,0.5525203347206116,1.9681886434555054,-0.6515681743621826,6.123894214630127,1.9903777837753296,0.3644096255302429,1.1211293935775757,-0.4641047418117523,2.5160391330718994,0.8626244068145752,0.5155283212661743,1.5036548376083374,-0.745831310749054,0.522615909576416,7.662850856781006,1.0079845190048218,0.23173010349273682,1.5488473176956177,1.8630768060684204,0.594197690486908,3.509019136428833,0.9371200799942017,0.5650182366371155,6.355264663696289,0.916332483291626,0.34892845153808594,1.9023752212524414,1.3513851165771484
cifar10_iid_federaser_r1,cifar10,iid,4,full_retrain,1.0,cifar10_iid_federaser_r1/seed4/full_retrain_alpha1.00,0.694,0.025,0.9066666666666666,0.8816666666666666,True,0.6854,0.023555555555555555,20,2,24.638412475585938,2.4874093532562256,0.21756845712661743,2.1549179553985596,-0.5435661673545837,11.14264965057373,0.600085437297821,0.40059658885002136,7.438451766967773,-0.6262021660804749,12.135564804077148,1.0590442419052124,0.270820677280426,3.103325128555298,-0.5492121577262878,15.824591636657715,1.9903777837753296,0.16147609055042267,1.283745527267456,-0.48537227511405945,9.231796264648438,0.8626244068145752,0.26227447390556335,2.8068583011627197,-0.6227450370788574,0.0850609689950943,7.662850856781006,3.284992218017578,-0.08851116895675659,1.5488473176956177,7.350470066070557,0.09726680815219879,3.509019136428833,3.505383253097534,0.13659819960594177,6.355264663696289,2.553403377532959,-0.01665561832487583,1.9023752212524414,4.971022605895996
cifar10_iid_federaser_dt1,cifar10,iid,0,federaser,1.0,cifar10_iid_federaser_dt1/seed0/federaser_alpha1.00,0.5624,0.051,0.9093333333333333,0.8583333333333333,True,0.6854,0.022444444444444444,40,1,8.980380058288574,4.842743396759033,0.37658512592315674,0.6982784867286682,-0.4261133670806885,2.2854270935058594,1.2722396850585938,0.780612051486969,1.4022767543792725,-0.7410328984260559,3.6746315956115723,2.0536062717437744,0.4877376854419708,0.8727347254753113,-0.5849456191062927,7.314688682556152,3.8918614387512207,0.2966115176677704,0.5574362277984619,-0.28488022089004517,2.9015743732452393,1.5718228816986084,0.4348827004432678,0.8027901649475098,-0.6382891535758972,0.521231472492218,7.650215148925781,1.074402928352356,0.3739623427391052,1.490855097770691,1.4843977689743042,0.6343772411346436,3.1245391368865967,0.9439181089401245,0.5331577658653259,6.476042747497559,1.0350897312164307,0.32062581181526184,2.145451068878174,1.4006500244140625
cifar10_iid_federaser_dt1,cifar10,iid,0,full_retrain,1.0,cifar10_iid_federaser_dt1/seed0/full_retrain_alpha1.00,0.6891,0.023444444444444445,0.9093333333333333,0.8858888888888888,True,0.6854,0.022444444444444444,40,1,24.66401481628418,4.842743396759033,0.24273112416267395,1.2361183166503906,-0.5565310716629028,11.308614730834961,1.2722396850585938,0.4861714243888855,4.321454048156738,-0.6521497964859009,11.984188079833984,2.0536062717437744,0.279739111661911,1.6324652433395386,-0.5525680780410767,15.825742721557617,3.8918614387512207,0.16629275679588318,0.6761589646339417,-0.4956846535205841,9.293808937072754,1.5718228816986084,0.33341842889785767,1.971421718597412,-0.6315158605575562,0.10078058391809464,7.650215148925781,3.2778241634368896,-0.021623438224196434,1.490855097770691,7.672362804412842,0.08071090281009674,3.1245391368865967,3.884840250015259,0.14895032346248627,6.476042747497559,2.4987823963165283,0.05478958785533905,2.145451068878174,4.392083168029785
cifar10_iid_federaser_dt1,cifar10,iid,1,federaser,1.0,cifar10_iid_federaser_dt1/seed1/federaser_alpha1.00,0.555,0.024444444444444446,0.9164444444444444,0.8919999999999999,True,0.6929,0.017777777777777778,40,1,8.53024959564209,4.767478942871094,0.37921491265296936,0.6784645915031433,-0.4268378019332886,2.199561834335327,1.243944525718689,0.757880687713623,1.3400962352752686,-0.7624337673187256,3.3226685523986816,1.9528695344924927,0.503370463848114,0.8564484119415283,-0.6023423671722412,6.934018611907959,3.792656421661377,0.2943900227546692,0.5381966829299927,-0.2847191393375397,2.967846155166626,1.7275310754776,0.45639485120773315,0.7840723395347595,-0.5931802988052368,0.5075929760932922,7.398934364318848,1.0764949321746826,0.40965524315834045,1.5320392847061157,1.372941255569458,0.6243132948875427,3.0613317489624023,0.9070857763290405,0.5124534368515015,6.164833068847656,1.0546897649765015,0.36085402965545654,2.2408668994903564,1.3409854173660278
cifar10_iid_federaser_dt1,cifar10,iid,1,full_retrain,1.0,cifar10_iid_federaser_dt1/seed1/full_retrain_alpha1.00,0.6863,0.022111111111111113,0.9164444444444444,0.8943333333333333,True,0.6929,0.017777777777777778,40,1,24.031156539916992,4.767478942871094,0.24100880324840546,1.214751958847046,-0.537964403629303,10.288565635681152,1.243944525718689,0.46079444885253906,3.8111939430236816,-0.5798372626304626,11.849700927734375,1.9528695344924927,0.2897224426269531,1.7579883337020874,-0.5383927822113037,15.715391159057617,3.792656421661377,0.170074000954628,0.70468670129776,-0.4948256313800812,9.180179595947266,1.7275310754776,0.30727526545524597,1.6328744888305664,-0.6246541142463684,0.09117546677589417,7.398934364318848,3.310112476348877,-0.01841113716363907,1.5320392847061157,6.80783224105835,0.07745363563299179,3.0613317489624023,3.9221439361572266,0.13848049938678741,6.164833068847656,2.6062211990356445,0.013396220281720161,2.2408668994903564,4.203958034515381
cifar10_iid_federaser_dt1,cifar10,iid,2,federaser,1.0,cifar10_iid_federaser_dt1/seed2/federaser_alpha1.00,0.6067,0.07533333333333334,0.9155555555555556,0.8402222222222222,True,0.6913,0.021444444444444443,40,1,8.47704792022705,4.880146503448486,0.37934568524360657,0.6588992476463318,-0.42208096385002136,2.248774528503418,1.2445083856582642,0.8513576984405518,1.5383676290512085,-0.7559037208557129,3.520716428756714,1.991082787513733,0.49596551060676575,0.8769866824150085,-0.5666210055351257,6.850253582000732,3.9011268615722656,0.2921721041202545,0.5130193829536438,-0.269706666469574,2.735707998275757,1.7563023567199707,0.4216586649417877,0.6567975282669067,-0.650312066078186,0.5192808508872986,7.214247703552246,1.0772415399551392,0.4246378242969513,1.5558346509933472,1.364404559135437,0.6659430265426636,3.094754219055176,0.8826210498809814,0.5229710340499878,6.032421112060547,1.0496811866760254,0.2683502435684204,1.9127463102340698,1.5093052387237549
cifar10_iid_federaser_dt1,cifar10,iid,2,full_retrain,1.0,cifar10_iid_federaser_dt1/seed2/full_retrain_alpha1.00,0.6705,0.02311111111111111,0.9155555555555556,0.8924444444444445,True,0.6913,0.021444444444444443,40,1,24.10108757019043,4.880146503448486,0.2293102741241455,1.1323987245559692,-0.5518659949302673,10.409582138061523,1.2445083856582642,0.43416014313697815,3.6314945220947266,-0.6121566891670227,11.877869606018066,1.991082787513733,0.27226099371910095,1.6241810321807861,-0.5608038902282715,15.724584579467773,3.9011268615722656,0.16295047104358673,0.6567848324775696,-0.49047359824180603,9.174742698669434,1.7563023567199707,0.30479758977890015,1.5922313928604126,-0.6516815423965454,0.08340490609407425,7.214247703552246,3.406376838684082,-0.0315808542072773,1.5558346509933472,6.796152591705322,0.0738706961274147,3.094754219055176,3.89406156539917,0.12458331137895584,6.032421112060547,2.67307186126709,0.027359262108802795,1.9127463102340698,4.872907638549805
cifar10_iid_federaser_dt1,cifar10,iid,3,federaser,1.0,cifar10_iid_federaser_dt1/seed3/federaser_alpha1.00,0.5755,0.05588888888888889,0.9108888888888889,0.855,True,0.6838,0.021111111111111112,40,1,8.837545394897461,4.909717559814453,0.3703865706920624,0.6666488647460938,-0.42216798663139343,2.299055814743042,1.268041968345642,0.7616778016090393,1.3809794187545776,-0.7210755944252014,3.733424186706543,2.0890865325927734,0.5124112367630005,0.9157331585884094,-0.5663290023803711,7.15513277053833,3.9004299640655518,0.28284069895744324,0.5188249349594116,-0.285800576210022,2.7721614837646484,1.7089985609054565,0.41380077600479126,0.6712249517440796,-0.6336315870285034,0.6004397869110107,8.209630966186523,0.9306829571723938,0.5554988384246826,1.829430103302002,1.0877100229263306,0.7436345815658569,3.918611764907837,0.7005254626274109,0.5965598225593567,6.708156585693359,0.9301255345344543,0.3216050863265991,1.9230901002883911,1.4665491580963135
cifar10_iid_federaser_dt1,cifar10,iid,3,full_retrain,1.0,cifar10_iid_federaser_dt1/seed3/full_retrain_alpha1.00,0.6892,0.021111111111111112,0.9108888888888889,0.8897777777777778,True,0.6838,0.021111111111111112,40,1,24.213232040405273,4.909717559814453,0.2296164333820343,1.1323117017745972,-0.5378277897834778,10.929068565368652,1.268041968345642,0.4208276867866516,3.6270527839660645,-0.6160498261451721,11.875306129455566,2.0890865325927734,0.26866069436073303,1.5271860361099243,-0.5408391952514648,15.726641654968262,3.9004299640655518,0.16307729482650757,0.6574923992156982,-0.4896756708621979,8.860489845275879,1.7089985609054565,0.316751629114151,1.6422333717346191,-0.5890896320343018,0.1187039390206337,8.209630966186523,2.9997715950012207,-0.010403702035546303,1.829430103302002,6.067399024963379,0.12872245907783508,3.918611764907837,3.066542625427246,0.16679924726486206,6.708156585693359,2.390434980392456,0.012754838913679123,1.9230901002883911,4.702213287353516
cifar10_iid_federaser_dt1,cifar10,iid,4,federaser,1.0,cifar10_iid_federaser_dt1/seed4/federaser_alpha1.00,0.5515,0.03688888888888889,0.9066666666666666,0.8697777777777778,True,0.6854,0.023555555555555555,40,1,8.98918342590332,4.953341960906982,0.37745171785354614,0.6849398612976074,-0.423496276140213,2.325756072998047,1.2107820510864258,0.7480099201202393,1.4368306398391724,-0.740260660648346,3.862730026245117,2.1034533977508545,0.5099619030952454,0.9364803433418274,-0.5785418152809143,7.2230072021484375,3.970283031463623,0.2922709286212921,0.5316877365112305,-0.2743573486804962,2.882127523422241,1.697868824005127,0.44450581073760986,0.7545475363731384,-0.6426858901977539,0.5286450386047363,7.662850856781006,1.0657967329025269,0.4158565402030945,1.5488473176956177,1.4163025617599487,0.6546064019203186,3.509019136428833,0.8778266906738281,0.5323108434677124,6.355264663696289,1.04008948802948,0.2933609187602997,1.9023752212524414,1.55125093460083
cifar10_iid_federaser_dt1,cifar10,iid,4,full_retrain,1.0,cifar10_iid_federaser_dt1/seed4/full_retrain_alpha1.00,0.694,0.025,0.9066666666666666,0.8816666666666666,True,0.6854,0.023555555555555555,40,1,24.638412475585938,4.953341960906982,0.220962256193161,1.0990097522735596,-0.5473054647445679,11.14264965057373,1.2107820510864258,0.40309104323387146,3.7095882892608643,-0.6271944046020508,12.135564804077148,2.1034533977508545,0.27450239658355713,1.583699345588684,-0.5500799417495728,15.824591636657715,3.970283031463623,0.16346418857574463,0.6514905691146851,-0.4905373454093933,9.231796264648438,1.697868824005127,0.27122586965560913,1.4747326374053955,-0.6260198354721069,0.0850609689950943,7.662850856781006,3.284992218017578,-0.08851116895675659,1.5488473176956177,7.350470066070557,0.09726680815219879,3.509019136428833,3.505383253097534,0.13659819960594177,6.355264663696289,2.553403377532959,-0.01665561832487583,1.9023752212524414,4.971022605895996
