exp_id,dataset,architecture,partition,num_clients,num_malicious,poison_rate,rounds,local_epochs,batch_size,optimizer,lr,config_path,compromised_checkpoint_sha256,alpha,seed,method,BA,ASR,counterfactual_BA,counterfactual_ASR,runtime,status,checkpoint_path,checkpoint_sha256,run_id,deleted_clients,num_parameters
cifar10_dirichlet,cifar10,simplecnn,dirichlet0.5,20,4,0.5,40,2,64,sgd,0.01,configs/cifar10_dirichlet.json,5a9fa9c5c223df70cf81d1a3b3835eefb09a31e836bd8041cad81b6c716ff2dc,0.0,0,before,0.6708,0.9381111111111111,,,202.45906376838684,completed,checkpoints/cifar10_dirichlet/seed0/compromised.pt,5a9fa9c5c223df70cf81d1a3b3835eefb09a31e836bd8041cad81b6c716ff2dc,cifar10_dirichlet/seed0/compromised,,545098
cifar10_dirichlet,cifar10,simplecnn,dirichlet0.5,20,4,0.5,40,2,64,sgd,0.01,configs/cifar10_dirichlet.json,5a9fa9c5c223df70cf81d1a3b3835eefb09a31e836bd8041cad81b6c716ff2dc,0.25,0,federaser,0.4723,0.9211111111111111,0.6599,0.9194444444444444,49.2872519493103,completed,checkpoints/cifar10_dirichlet/seed0/federaser_alpha0.25.pt,fb49dfba1f8af231ca4f08d9b24f30a758498b8f5e576dfe914f14138d630f94,cifar10_dirichlet/seed0/federaser_alpha0.25,0,545098
cifar10_dirichlet,cifar10,simplecnn,dirichlet0.5,20,4,0.5,40,2,64,sgd,0.01,configs/cifar10_dirichlet.json,5a9fa9c5c223df70cf81d1a3b3835eefb09a31e836bd8041cad81b6c716ff2dc,0.25,0,full_retrain,0.6599,0.9194444444444444,0.6599,0.9194444444444444,182.69371581077576,completed,checkpoints/cifar10_dirichlet/seed0/full_retrain_alpha0.25.pt,f09bf0e06c708bcba79f8f89dc18f4fc60c1cafba6beba5f9dab2730d0d247e3,cifar10_dirichlet/seed0/full_retrain_alpha0.25,0,545098
cifar10_dirichlet,cifar10,simplecnn,dirichlet0.5,20,4,0.5,40,2,64,sgd,0.01,configs/cifar10_dirichlet.json,5a9fa9c5c223df70cf81d1a3b3835eefb09a31e836bd8041cad81b6c716ff2dc,0.25,0,grad_negation,0.6744,0.9357777777777778,0.6599,0.9194444444444444,25.636853218078613,completed,checkpoints/cifar10_dirichlet/seed0/grad_negation_alpha0.25.pt,acf7262ad818d1adaaf340790c3297dc5017455154d09221f780967954e82222,cifar10_dirichlet/seed0/grad_negation_alpha0.25,0,545098
cifar10_dirichlet,cifar10,simplecnn,dirichlet0.5,20,4,0.5,40,2,64,sgd,0.01,configs/cifar10_dirichlet.json,5a9fa9c5c223df70cf81d1a3b3835eefb09a31e836bd8041cad81b6c716ff2dc,0.25,0,short_retrain,0.6721,0.9368888888888889,0.6599,0.9194444444444444,22.867957830429077,completed,checkpoints/cifar10_dirichlet/seed0/short_retrain_alpha0.25.pt,0792dc70ba6f47283ae61da4384a72ebaa676bd387bd42956ffaa3ef4359753c,cifar10_dirichlet/seed0/short_retrain_alpha0.25,0,545098
cifar10_dirichlet,cifar10,simplecnn,dirichlet0.5,20,4,0.5,40,2,64,sgd,0.01,configs/cifar10_dirichlet.json,5a9fa9c5c223df70cf81d1a3b3835eefb09a31e836bd8041cad81b6c716ff2dc,0.5,0,federaser,0.4383,0.9096666666666666,0.6602,0.9031111111111111,46.21813082695007,completed,checkpoints/cifar10_dirichlet/seed0/federaser_alpha0.50.pt,00302bd165c86d7eae96ff905af5e1c8f01f09454af2b03f97149ff7edc647d4,cifar10_dirichlet/seed0/federaser_alpha0.50,0 1,545098
cifar10_dirichlet,cifar10,simplecnn,dirichlet0.5,20,4,0.5,40,2,64,sgd,0.01,configs/cifar10_dirichlet.json,5a9fa9c5c223df70cf81d1a3b3835eefb09a31e836bd8041cad81b6c716ff2dc,0.5,0,full_retrain,0.6602,0.9031111111111111,0.6602,0.9031111111111111,175.69967222213745,completed,checkpoints/cifar10_dirichlet/seed0/full_retrain_alpha0.50.pt,11d4d96f8a28bb0631d6df7cdbbde2a82639c9e712c46bcda431b3718aaf507f,cifar10_dirichlet/seed0/full_retrain_alpha0.50,0 1,545098
cifar10_dirichlet,cifar10,simplecnn,dirichlet0.5,20,4,0.5,40,2,64,sgd,0.01,configs/cifar10_dirichlet.json,5a9fa9c5c223df70cf81d1a3b3835eefb09a31e836bd8041cad81b6c716ff2dc,0.5,0,grad_negation,0.666,0.9205555555555556,0.6602,0.9031111111111111,25.23047399520874,completed,checkpoints/cifar10_dirichlet/seed0/grad_negation_alpha0.50.pt,9edd8f3974b0d05fa5081431438ebcba80dcd1ae7d9962b75f5946ab94a73e97,cifar10_dirichlet/seed0/grad_negation_alpha0.50,0 1,545098
cifar10_dirichlet,cifar10,simplecnn,dirichlet0.5,20,4,0.5,40,2,64,sgd,0.01,configs/cifar10_dirichlet.json,5a9fa9c5c223df70cf81d1a3b3835eefb09a31e836bd8041cad81b6c716ff2dc,0.5,0,short_retrain,0.6724,0.9208888888888889,0.6602,0.9031111111111111,22.236294746398926,completed,checkpoints/cifar10_dirichlet/seed0/short_retrain_alpha0.50.pt,717bb9da3cc206d41123a09ecba767e47320ca7c690491b782171c999c86bd67,cifar10_dirichlet/seed0/short_retrain_alpha0.50,0 1,545098
cifar10_dirichlet,cifar10,simplecnn,dirichlet0.5,20,4,0.5,40,2,64,sgd,0.01,configs/cifar10_dirichlet.json,5a9fa9c5c223df70cf81d1a3b3835eefb09a31e836bd8041cad81b6c716ff2dc,0.75,0,federaser,0.421,0.10466666666666667,0.6549,0.5051111111111111,41.63538098335266,completed,checkpoints/cifar10_dirichlet/seed0/federaser_alpha0.75.pt,e44fc529ef75ce48f0f88dc551da66ba4908ac6c468def04e1046936b73c8ea4,cifar10_dirichlet/seed0/federaser_alpha0.75,0 1 2,545098
cifar10_dirichlet,cifar10,simplecnn,dirichlet0.5,20,4,0.5,40,2,64,sgd,0.01,configs/cifar10_dirichlet.json,5a9fa9c5c223df70cf81d1a3b3835eefb09a31e836bd8041cad81b6c716ff2dc,0.75,0,full_retrain,0.6549,0.5051111111111111,0.6549,0.5051111111111111,159.35626602172852,completed,checkpoints/cifar10_dirichlet/seed0/full_retrain_alpha0.75.pt,72fe607bd0fbd996e7d5b5887da5bf6c06653f140f15227edd159fa13992b5fb,cifar10_dirichlet/seed0/full_retrain_alpha0.75,0 1 2,545098
cifar10_dirichlet,cifar10,simplecnn,dirichlet0.5,20,4,0.5,40,2,64,sgd,0.01,configs/cifar10_dirichlet.json,5a9fa9c5c223df70cf81d1a3b3835eefb09a31e836bd8041cad81b6c716ff2dc,0.75,0,grad_negation,0.6625,0.882,0.6549,0.5051111111111111,26.787176847457886,completed,checkpoints/cifar10_dirichlet/seed0/grad_negation_alpha0.75.pt,a3b3a8465d6c4e39ad46f436a8167f1dd94984ccc27883672621142d4a0ada15,cifar10_dirichlet/seed0/grad_negation_alpha0.75,0 1 2,545098
cifar10_dirichlet,cifar10,simplecnn,dirichlet0.5,20,4,0.5,40,2,64,sgd,0.01,configs/cifar10_dirichlet.json,5a9fa9c5c223df70cf81d1a3b3835eefb09a31e836bd8041cad81b6c716ff2dc,0.75,0,short_retrain,0.6721,0.9022222222222223,0.6549,0.5051111111111111,20.24807095527649,completed,checkpoints/cifar10_dirichlet/seed0/short_retrain_alpha0.75.pt,91f74fb79fcf29cd61b1b0221290463dbd4fcef29b1dfa51a5f7dd139185a4b6,cifar10_dirichlet/seed0/short_retrain_alpha0.75,0 1 2,545098
cifar10_dirichlet,cifar10,simplecnn,dirichlet0.5,20,4,0.5,40,2,64,sgd,0.01,configs/cifar10_dirichlet.json,5a9fa9c5c223df70cf81d1a3b3835eefb09a31e836bd8041cad81b6c716ff2dc,1.0,0,federaser,0.4163,0.08277777777777778,0.6616,0.028333333333333332,40.601457834243774,completed,checkpoints/cifar10_dirichlet/seed0/federaser_alpha1.00.pt,e69b80b8f5b27c0348685d5ad136912cf86f48bd16660220efe1f165a3b91579,cifar10_dirichlet/seed0/federaser_alpha1.00,0 1 2 3,545098
cifar10_dirichlet,cifar10,simplecnn,dirichlet0.5,20,4,0.5,40,2,64,sgd,0.01,configs/cifar10_dirichlet.json,5a9fa9c5c223df70cf81d1a3b3835eefb09a31e836bd8041cad81b6c716ff2dc,1.0,0,full_retrain,0.6616,0.028333333333333332,0.6616,0.028333333333333332,147.2712140083313,completed,checkpoints/cifar10_dirichlet/seed0/full_retrain_alpha1.00.pt,e28271dad0f483f312212152129a06b3befc01328303a21e40b8950f37e4af00,cifar10_dirichlet/seed0/full_retrain_alpha1.00,0 1 2 3,545098
cifar10_dirichlet,cifar10,simplecnn,dirichlet0.5,20,4,0.5,40,2,64,sgd,0.01,configs/cifar10_dirichlet.json,5a9fa9c5c223df70cf81d1a3b3835eefb09a31e836bd8041cad81b6c716ff2dc,1.0,0,grad_negation,0.6653,0.8143333333333334,0.6616,0.028333333333333332,25.282530784606934,completed,checkpoints/cifar10_dirichlet/seed0/grad_negation_alpha1.00.pt,18b80a7691d4afe267ce617c47dd53a5aa377fa3cf2600e58f2f00a74fb58b47,cifar10_dirichlet/seed0/grad_negation_alpha1.00,0 1 2 3,545098
cifar10_dirichlet,cifar10,simplecnn,dirichlet0.5,20,4,0.5,40,2,64,sgd,0.01,configs/cifar10_dirichlet.json,5a9fa9c5c223df70cf81d1a3b3835eefb09a31e836bd8041cad81b6c716ff2dc,1.0,0,short_retrain,0.6715,0.8887777777777778,0.6616,0.028333333333333332,19.02974271774292,completed,checkpoints/cifar10_dirichlet/seed0/short_retrain_alpha1.00.pt,cc845a0fdb8107f3953b8f498812c3d4b41c44bcb68297b5a4f46064e0b99891,cifar10_dirichlet/seed0/short_retrain_alpha1.00,0 1 2 3,545098
cifar10_dirichlet,cifar10,simplecnn,dirichlet0.5,20,4,0.5,40,2,64,sgd,0.01,configs/cifar10_dirichlet.json,7a8e9e91a6fb309221cf8a4453cf01e02eb18bacb82c53df5a32013d103764d0,0.0,1,before,0.6639,0.9451111111111111,,,179.67013931274414,completed,checkpoints/cifar10_dirichlet/seed1/compromised.pt,7a8e9e91a6fb309221cf8a4453cf01e02eb18bacb82c53df5a32013d103764d0,cifar10_dirichlet/seed1/compromised,,545098
cifar10_dirichlet,cifar10,simplecnn,dirichlet0.5,20,4,0.5,40,2,64,sgd,0.01,configs/cifar10_dirichlet.json,7a8e9e91a6fb309221cf8a4453cf01e02eb18bacb82c53df5a32013d103764d0,0.25,1,federaser,0.4636,0.8333333333333334,0.6627,0.9442222222222222,33.79857015609741,completed,checkpoints/cifar10_dirichlet/seed1/federaser_alpha0.25.pt,6e4e5ab6fd3a086448bc08ea351e7b70d238a8895c34262891904414ef8b3015,cifar10_dirichlet/seed1/federaser_alpha0.25,0,545098
cifar10_dirichlet,cifar10,simplecnn,dirichlet0.5,20,4,0.5,40,2,64,sgd,0.01,configs/cifar10_dirichlet.json,7a8e9e91a6fb309221cf8a4453cf01e02eb18bacb82c53df5a32013d103764d0,0.25,1,full_retrain,0.6627,0.9442222222222222,0.6627,0.9442222222222222,125.76411509513855,completed,checkpoints/cifar10_dirichlet/seed1/full_retrain_alpha0.25.pt,11a686daf0e5dd6690d5093cb84e339f2345fa88952b732c866c6dfb5637cc80,cifar10_dirichlet/seed1/full_retrain_alpha0.25,0,545098
cifar10_dirichlet,cifar10,simplecnn,dirichlet0.5,20,4,0.5,40,2,64,sgd,0.01,configs/cifar10_dirichlet.json,7a8e9e91a6fb309221cf8a4453cf01e02eb18bacb82c53df5a32013d103764d0,0.25,1,grad_negation,0.6605,0.9448888888888889,0.6627,0.9442222222222222,17.210472345352173,completed,checkpoints/cifar10_dirichlet/seed1/grad_negation_alpha0.25.pt,e7050241f4727ffe12f4026b5d0b360a4a1ca94c63445378aba0b74a54fdcc6d,cifar10_dirichlet/seed1/grad_negation_alpha0.25,0,545098
cifar10_dirichlet,cifar10,simplecnn,dirichlet0.5,20,4,0.5,40,2,64,sgd,0.01,configs/cifar10_dirichlet.json,7a8e9e91a6fb309221cf8a4453cf01e02eb18bacb82c53df5a32013d103764d0,0.25,1,short_retrain,0.6717,0.9461111111111111,0.6627,0.9442222222222222,15.377807855606079,completed,checkpoints/cifar10_dirichlet/seed1/short_retrain_alpha0.25.pt,bbf41396b500f0291c55dd81257a0d7b63e1d1cb7394d03daae3a0ad0fc9a607,cifar10_dirichlet/seed1/short_retrain_alpha0.25,0,545098
cifar10_dirichlet,cifar10,simplecnn,dirichlet0.5,20,4,0.5,40,2,64,sgd,0.01,configs/cifar10_dirichlet.json,7a8e9e91a6fb309221cf8a4453cf01e02eb18bacb82c53df5a32013d103764d0,0.5,1,federaser,0.43,0.3231111111111111,0.6627,0.7767777777777778,29.981539249420166,completed,checkpoints/cifar10_dirichlet/seed1/federaser_alpha0.50.pt,16d68ab776729a4f4c1762ce31160cde01b47809c6c99f4d7413099386aada13,cifar10_dirichlet/seed1/federaser_alpha0.50,0 1,545098
cifar10_dirichlet,cifar10,simplecnn,dirichlet0.5,20,4,0.5,40,2,64,sgd,0.01,configs/cifar10_dirichlet.json,7a8e9e91a6fb309221cf8a4453cf01e02eb18bacb82c53df5a32013d103764d0,0.5,1,full_retrain,0.6627,0.7767777777777778,0.6627,0.7767777777777778,112.03049421310425,completed,checkpoints/cifar10_dirichlet/seed1/full_retrain_alpha0.50.pt,612a9d6f5e2ced4b10a573946f504f6fdb9d417323a1b32a65740fad95f3b915,cifar10_dirichlet/seed1/full_retrain_alpha0.50,0 1,545098
cifar10_dirichlet,cifar10,simplecnn,dirichlet0.5,20,4,0.5,40,2,64,sgd,0.01,configs/cifar10_dirichlet.json,7a8e9e91a6fb309221cf8a4453cf01e02eb18bacb82c53df5a32013d103764d0,0.5,1,grad_negation,0.6622,0.9152222222222223,0.6627,0.7767777777777778,18.86550498008728,completed,checkpoints/cifar10_dirichlet/seed1/grad_negation_alpha0.50.pt,f62f316428b00dd87ac94eb9e3feba7894fa9e650d2ba684211ee170e2e9808e,cifar10_dirichlet/seed1/grad_negation_alpha0.50,0 1,545098
cifar10_dirichlet,cifar10,simplecnn,dirichlet0.5,20,4,0.5,40,2,64,sgd,0.01,configs/cifar10_dirichlet.json,7a8e9e91a6fb309221cf8a4453cf01e02eb18bacb82c53df5a32013d103764d0,0.5,1,short_retrain,0.6721,0.9301111111111111,0.6627,0.7767777777777778,14.366821765899658,completed,checkpoints/cifar10_dirichlet/seed1/short_retrain_alpha0.50.pt,5174c18d50885781be1798dad31699789746622c94ff9e836a1044c6e711c18f,cifar10_dirichlet/seed1/short_retrain_alpha0.50,0 1,545098
cifar10_dirichlet,cifar10,simplecnn,dirichlet0.5,20,4,0.5,40,2,64,sgd,0.01,configs/cifar10_dirichlet.json,7a8e9e91a6fb309221cf8a4453cf01e02eb18bacb82c53df5a32013d103764d0,0.75,1,federaser,0.4409,0.04777777777777778,0.6623,0.5696666666666667,27.863565921783447,completed,checkpoints/cifar10_dirichlet/seed1/federaser_alpha0.75.pt,a8f028f173c18f68fad85274e7d1245d926ecac9b22ae0d1268682416de61ecd,cifar10_dirichlet/seed1/federaser_alpha0.75,0 1 2,545098
cifar10_dirichlet,cifar10,simplecnn,dirichlet0.5,20,4,0.5,40,2,64,sgd,0.01,configs/cifar10_dirichlet.json,7a8e9e91a6fb309221cf8a4453cf01e02eb18bacb82c53df5a32013d103764d0,0.75,1,full_retrain,0.6623,0.5696666666666667,0.6623,0.5696666666666667,104.23496890068054,completed,checkpoints/cifar10_dirichlet/seed1/full_retrain_alpha0.75.pt,eee232ca0321dee1827033a4499aef93ffc67420cd0e85730309660f2a013862,cifar10_dirichlet/seed1/full_retrain_alpha0.75,0 1 2,545098
cifar10_dirichlet,cifar10,simplecnn,dirichlet0.5,20,4,0.5,40,2,64,sgd,0.01,configs/cifar10_dirichlet.json,7a8e9e91a6fb309221cf8a4453cf01e02eb18bacb82c53df5a32013d103764d0,0.75,1,grad_negation,0.6608,0.8961111111111111,0.6623,0.5696666666666667,20.127066135406494,completed,checkpoints/cifar10_dirichlet/seed1/grad_negation_alpha0.75.pt,9548983ab8289d60b7aafd06df0364dc8012290db2ffddeb6aff1262746f669c,cifar10_dirichlet/seed1/grad_negation_alpha0.75,0 1 2,545098
cifar10_dirichlet,cifar10,simplecnn,dirichlet0.5,20,4,0.5,40,2,64,sgd,0.01,configs/cifar10_dirichlet.json,7a8e9e91a6fb309221cf8a4453cf01e02eb18bacb82c53df5a32013d103764d0,0.75,1,short_retrain,0.6752,0.9116666666666666,0.6623,0.5696666666666667,13.65606689453125,completed,checkpoints/cifar10_dirichlet/seed1/short_retrain_alpha0.75.pt,fd029503c31278c571ba27d4a846760a0b8e24b2ac1d88452e34ebc394581fcf,cifar10_dirichlet/seed1/short_retrain_alpha0.75,0 1 2,545098
cifar10_dirichlet,cifar10,simplecnn,dirichlet0.5,20,4,0.5,40,2,64,sgd,0.01,configs/cifar10_dirichlet.json,7a8e9e91a6fb309221cf8a4453cf01e02eb18bacb82c53df5a32013d103764d0,1.0,1,federaser,0.436,0.005555555555555556,0.6571,0.042333333333333334,26.24501609802246,completed,checkpoints/cifar10_dirichlet/seed1/federaser_alpha1.00.pt,171a72c3c4f6f2e26e40c6f5dcb533b512a01d20285090b0847404de6e637db9,cifar10_dirichlet/seed1/federaser_alpha1.00,0 1 2 3,545098
cifar10_dirichlet,cifar10,simplecnn,dirichlet0.5,20,4,0.5,40,2,64,sgd,0.01,configs/cifar10_dirichlet.json,7a8e9e91a6fb309221cf8a4453cf01e02eb18bacb82c53df5a32013d103764d0,1.0,1,full_retrain,0.6571,0.042333333333333334,0.6571,0.042333333333333334,98.48212504386902,completed,checkpoints/cifar10_dirichlet/seed1/full_retrain_alpha1.00.pt,70a3303a67e894a0ab0e9bfdfa5c442bd8b6180da6c7505d595e54f819e54989,cifar10_dirichlet/seed1/full_retrain_alpha1.00,0 1 2 3,545098
cifar10_dirichlet,cifar10,simplecnn,dirichlet0.5,20,4,0.5,40,2,64,sgd,0.01,configs/cifar10_dirichlet.json,7a8e9e91a6fb309221cf8a4453cf01e02eb18bacb82c53df5a32013d103764d0,1.0,1,grad_negation,0.6651,0.8664444444444445,0.6571,0.042333333333333334,19.38962697982788,completed,checkpoints/cifar10_dirichlet/seed1/grad_negation_alpha1.00.pt,ed89eb5ff10b1dcc9472049a4432dc70f64882d2ca1ceb6e81afe9cfb5703caa,cifar10_dirichlet/seed1/grad_negation_alpha1.00,0 1 2 3,545098
cifar10_dirichlet,cifar10,simplecnn,dirichlet0.5,20,4,0.5,40,2,64,sgd,0.01,configs/cifar10_dirichlet.json,7a8e9e91a6fb309221cf8a4453cf01e02eb18bacb82c53df5a32013d103764d0,1.0,1,short_retrain,0.6685,0.9013333333333333,0.6571,0.042333333333333334,12.796133995056152,completed,checkpoints/cifar10_dirichlet/seed1/short_retrain_alpha1.00.pt,a484b5b28ad6dcfaddbf4746031cfb3aa0c8d4c2781e6a306f06feccb043b876,cifar10_dirichlet/seed1/short_retrain_alpha1.00,0 1 2 3,545098
cifar10_dirichlet,cifar10,simplecnn,dirichlet0.5,20,4,0.5,40,2,64,sgd,0.01,configs/cifar10_dirichlet.json,5ae8b738a035e8d67d79e9e05aef4f21350f20846d387a53bec02d1a9a99e79c,0.0,2,before,0.6623,0.9214444444444444,,,133.90014910697937,completed,checkpoints/cifar10_dirichlet/seed2/compromised.pt,5ae8b738a035e8d67d79e9e05aef4f21350f20846d387a53bec02d1a9a99e79c,cifar10_dirichlet/seed2/compromised,,545098
cifar10_dirichlet,cifar10,simplecnn,dirichlet0.5,20,4,0.5,40,2,64,sgd,0.01,configs/cifar10_dirichlet.json,5ae8b738a035e8d67d79e9e05aef4f21350f20846d387a53bec02d1a9a99e79c,0.25,2,federaser,0.4524,0.8505555555555555,0.6623,0.8617777777777778,33.51981806755066,completed,checkpoints/cifar10_dirichlet/seed2/federaser_alpha0.25.pt,eb6edf52fb3a47448051db9e6c610a183153536ca33506a0b38b09bd9f5b9191,cifar10_dirichlet/seed2/federaser_alpha0.25,0,545098
cifar10_dirichlet,cifar10,simplecnn,dirichlet0.5,20,4,0.5,40,2,64,sgd,0.01,configs/cifar10_dirichlet.json,5ae8b738a035e8d67d79e9e05aef4f21350f20846d387a53bec02d1a9a99e79c,0.25,2,full_retrain,0.6623,0.8617777777777778,0.6623,0.8617777777777778,127.11338877677917,completed,checkpoints/cifar10_dirichlet/seed2/full_retrain_alpha0.25.pt,84e24fc981c74f76e4b245f98946794055813a7ebab637ebeb5e01078c669183,cifar10_dirichlet/seed2/full_retrain_alpha0.25,0,545098
cifar10_dirichlet,cifar10,simplecnn,dirichlet0.5,20,4,0.5,40,2,64,sgd,0.01,configs/cifar10_dirichlet.json,5ae8b738a035e8d67d79e9e05aef4f21350f20846d387a53bec02d1a9a99e79c,0.25,2,grad_negation,0.6547,0.9106666666666666,0.6623,0.8617777777777778,17.490328073501587,completed,checkpoints/cifar10_dirichlet/seed2/grad_negation_alpha0.25.pt,b0b736d3200b9740eed0da518464707c98da444094b6a85498035cffa95af069,cifar10_dirichlet/seed2/grad_negation_alpha0.25,0,545098
cifar10_dirichlet,cifar10,simplecnn,dirichlet0.5,20,4,0.5,40,2,64,sgd,0.01,configs/cifar10_dirichlet.json,5ae8b738a035e8d67d79e9e05aef4f21350f20846d387a53bec02d1a9a99e79c,0.25,2,short_retrain,0.6713,0.9173333333333333,0.6623,0.8617777777777778,15.211805820465088,completed,checkpoints/cifar10_dirichlet/seed2/short_retrain_alpha0.25.pt,934b1d585cee34f4e3d5c3e78f0180a82c24e2fcb31fdf983a4614d4ba31a083,cifar10_dirichlet/seed2/short_retrain_alpha0.25,0,545098
cifar10_dirichlet,cifar10,simplecnn,dirichlet0.5,20,4,0.5,40,2,64,sgd,0.01,configs/cifar10_dirichlet.json,5ae8b738a035e8d67d79e9e05aef4f21350f20846d387a53bec02d1a9a99e79c,0.5,2,federaser,0.4602,0.6582222222222223,0.6601,0.8194444444444444,31.250394105911255,completed,checkpoints/cifar10_dirichlet/seed2/federaser_alpha0.50.pt,5e2c33f6395c49a5ba911bc10ad6a9954630b3a764e332dda326a77d632a2f8d,cifar10_dirichlet/seed2/federaser_alpha0.50,0 1,545098
cifar10_dirichlet,cifar10,simplecnn,dirichlet0.5,20,4,0.5,40,2,64,sgd,0.01,configs/cifar10_dirichlet.json,5ae8b738a035e8d67d79e9e05aef4f21350f20846d387a53bec02d1a9a99e79c,0.5,2,full_retrain,0.6601,0.8194444444444444,0.6601,0.8194444444444444,132.4413869380951,completed,checkpoints/cifar10_dirichlet/seed2/full_retrain_alpha0.50.pt,ba44a4e834d09e9972e1a0339d5fe8c50ba393467a21440ebaac9764c46258bc,cifar10_dirichlet/seed2/full_retrain_alpha0.50,0 1,545098
cifar10_dirichlet,cifar10,simplecnn,dirichlet0.5,20,4,0.5,40,2,64,sgd,0.01,configs/cifar10_dirichlet.json,5ae8b738a035e8d67d79e9e05aef4f21350f20846d387a53bec02d1a9a99e79c,0.5,2,grad_negation,0.6652,0.8963333333333333,0.6601,0.8194444444444444,17.746634006500244,completed,checkpoints/cifar10_dirichlet/seed2/grad_negation_alpha0.50.pt,9becc84d7ff10150db7460288d61f802a1e5b0880b4e5f4fa485dabcd2d57979,cifar10_dirichlet/seed2/grad_negation_alpha0.50,0 1,545098
cifar10_dirichlet,cifar10,simplecnn,dirichlet0.5,20,4,0.5,40,2,64,sgd,0.01,configs/cifar10_dirichlet.json,5ae8b738a035e8d67d79e9e05aef4f21350f20846d387a53bec02d1a9a99e79c,0.5,2,short_retrain,0.67,0.8991111111111111,0.6601,0.8194444444444444,15.447235822677612,completed,checkpoints/cifar10_dirichlet/seed2/short_retrain_alpha0.50.pt,2b2f905e5e638891fe49f95c3a9d5638306dbc0154e4cc61841318064c8face7,cifar10_dirichlet/seed2/short_retrain_alpha0.50,0 1,545098
cifar10_dirichlet,cifar10,simplecnn,dirichlet0.5,20,4,0.5,40,2,64,sgd,0.01,configs/cifar10_dirichlet.json,5ae8b738a035e8d67d79e9e05aef4f21350f20846d387a53bec02d1a9a99e79c,0.75,2,federaser,0.4503,0.06566666666666666,0.6629,0.6413333333333333,43.24334192276001,completed,checkpoints/cifar10_dirichlet/seed2/federaser_alpha0.75.pt,81e6dbbdc9c6e8129bab7939627a169bdd104eafd3c473ee72d1b30c449e7093,cifar10_dirichlet/seed2/federaser_alpha0.75,0 1 2,545098
cifar10_dirichlet,cifar10,simplecnn,dirichlet0.5,20,4,0.5,40,2,64,sgd,0.01,configs/cifar10_dirichlet.json,5ae8b738a035e8d67d79e9e05aef4f21350f20846d387a53bec02d1a9a99e79c,0.75,2,full_retrain,0.6629,0.6413333333333333,0.6629,0.6413333333333333,160.4012451171875,completed,checkpoints/cifar10_dirichlet/seed2/full_retrain_alpha0.75.pt,49ff7eba886b823a25fb1c1364153c96234ef64f041574a5955e61224cc82b69,cifar10_dirichlet/seed2/full_retrain_alpha0.75,0 1 2,545098
cifar10_dirichlet,cifar10,simplecnn,dirichlet0.5,20,4,0.5,40,2,64,sgd,0.01,configs/cifar10_dirichlet.json,5ae8b738a035e8d67d79e9e05aef4f21350f20846d387a53bec02d1a9a99e79c,0.75,2,grad_negation,0.6677,0.8651111111111112,0.6629,0.6413333333333333,22.884740114212036,completed,checkpoints/cifar10_dirichlet/seed2/grad_negation_alpha0.75.pt,0f188ad0b3a870d6b45913258e0c705c4c3a6f64df9a3f357075fd7c1c9fdd3f,cifar10_dirichlet/seed2/grad_negation_alpha0.75,0 1 2,545098
cifar10_dirichlet,cifar10,simplecnn,dirichlet0.5,20,4,0.5,40,2,64,sgd,0.01,configs/cifar10_dirichlet.json,5ae8b738a035e8d67d79e9e05aef4f21350f20846d387a53bec02d1a9a99e79c,0.75,2,short_retrain,0.6707,0.8807777777777778,0.6629,0.6413333333333333,20.41811990737915,completed,checkpoints/cifar10_dirichlet/seed2/short_retrain_alpha0.75.pt,2f78ce12e9528f6b2d2c1d6cf74b5d4021751b1c96c653f72f35e5b946b70438,cifar10_dirichlet/seed2/short_retrain_alpha0.75,0 1 2,545098
cifar10_dirichlet,cifar10,simplecnn,dirichlet0.5,20,4,0.5,40,2,64,sgd,0.01,configs/cifar10_dirichlet.json,5ae8b738a035e8d67d79e9e05aef4f21350f20846d387a53bec02d1a9a99e79c,1.0,2,federaser,0.44,0.005333333333333333,0.6623,0.022,40.80994725227356,completed,checkpoints/cifar10_dirichlet/seed2/federaser_alpha1.00.pt,7e3bacee9c9504dfcaea1a055276d33103bf7b32505801772bdf8b7a6ee1a377,cifar10_dirichlet/seed2/federaser_alpha1.00,0 1 2 3,545098
cifar10_dirichlet,cifar10,simplecnn,dirichlet0.5,20,4,0.5,40,2,64,sgd,0.01,configs/cifar10_dirichlet.json,5ae8b738a035e8d67d79e9e05aef4f21350f20846d387a53bec02d1a9a99e79c,1.0,2,full_retrain,0.6623,0.022,0.6623,0.022,149.54737186431885,completed,checkpoints/cifar10_dirichlet/seed2/full_retrain_alpha1.00.pt,3583a5507855d94d486b2a4c10a2be314866630dbaed2767a14ac16038d72d02,cifar10_dirichlet/seed2/full_retrain_alpha1.00,0 1 2 3,545098
cifar10_dirichlet,cifar10,simplecnn,dirichlet0.5,20,4,0.5,40,2,64,sgd,0.01,configs/cifar10_dirichlet.json,5ae8b738a035e8d67d79e9e05aef4f21350f20846d387a53bec02d1a9a99e79c,1.0,2,grad_negation,0.6677,0.8057777777777778,0.6623,0.022,22.75503396987915,completed,checkpoints/cifar10_dirichlet/seed2/grad_negation_alpha1.00.pt,adbdeb0f9881d13ef87bc7abd4d4ec8e4da3347163a70f674e5970f2684f7f5f,cifar10_dirichlet/seed2/grad_negation_alpha1.00,0 1 2 3,545098
cifar10_dirichlet,cifar10,simplecnn,dirichlet0.5,20,4,0.5,40,2,64,sgd,0.01,configs/cifar10_dirichlet.json,5ae8b738a035e8d67d79e9e05aef4f21350f20846d387a53bec02d1a9a99e79c,1.0,2,short_retrain,0.6651,0.8625555555555555,0.6623,0.022,19.210917234420776,completed,checkpoints/cifar10_dirichlet/seed2/short_retrain_alpha1.00.pt,11dfc62167d1ad2c556756b4522a69d27936e8f149cfa1fd6872f4ffae9d8eb4,cifar10_dirichlet/seed2/short_retrain_alpha1.00,0 1 2 3,545098
cifar10_dirichlet,cifar10,simplecnn,dirichlet0.5,20,4,0.5,40,2,64,sgd,0.01,configs/cifar10_dirichlet.json,a0e97b295c303d36d40661d8614aa29fcbc218e6e70d0874a18c5005f1aa3ab9,0.0,3,before,0.6653,0.9252222222222222,,,194.51862621307373,completed,checkpoints/cifar10_dirichlet/seed3/compromised.pt,a0e97b295c303d36d40661d8614aa29fcbc218e6e70d0874a18c5005f1aa3ab9,cifar10_dirichlet/seed3/compromised,,545098
cifar10_dirichlet,cifar10,simplecnn,dirichlet0.5,20,4,0.5,40,2,64,sgd,0.01,configs/cifar10_dirichlet.json,a0e97b295c303d36d40661d8614aa29fcbc218e6e70d0874a18c5005f1aa3ab9,0.25,3,federaser,0.4497,0.5293333333333333,0.6714,0.91,48.69240212440491,completed,checkpoints/cifar10_dirichlet/seed3/federaser_alpha0.25.pt,7f9c6ecb7c49f69a44cf5d2159625efe7465285becb879e129aba56183be007a,cifar10_dirichlet/seed3/federaser_alpha0.25,0,545098
cifar10_dirichlet,cifar10,simplecnn,dirichlet0.5,20,4,0.5,40,2,64,sgd,0.01,configs/cifar10_dirichlet.json,a0e97b295c303d36d40661d8614aa29fcbc218e6e70d0874a18c5005f1aa3ab9,0.25,3,full_retrain,0.6714,0.91,0.6714,0.91,183.48633289337158,completed,checkpoints/cifar10_dirichlet/seed3/full_retrain_alpha0.25.pt,70a36150ce06331549cab82cb10ef7567f0c0b2ad4bdb8ca08767be8a85f3183,cifar10_dirichlet/seed3/full_retrain_alpha0.25,0,545098
cifar10_dirichlet,cifar10,simplecnn,dirichlet0.5,20,4,0.5,40,2,64,sgd,0.01,configs/cifar10_dirichlet.json,a0e97b295c303d36d40661d8614aa29fcbc218e6e70d0874a18c5005f1aa3ab9,0.25,3,grad_negation,0.6725,0.9225555555555556,0.6714,0.91,24.54604196548462,completed,checkpoints/cifar10_dirichlet/seed3/grad_negation_alpha0.25.pt,34013ed32fa76f50516ab64a65c5a76597061e2d0fa15263fd5212219babb351,cifar10_dirichlet/seed3/grad_negation_alpha0.25,0,545098
cifar10_dirichlet,cifar10,simplecnn,dirichlet0.5,20,4,0.5,40,2,64,sgd,0.01,configs/cifar10_dirichlet.json,a0e97b295c303d36d40661d8614aa29fcbc218e6e70d0874a18c5005f1aa3ab9,0.25,3,short_retrain,0.6699,0.925,0.6714,0.91,21.84135603904724,completed,checkpoints/cifar10_dirichlet/seed3/short_retrain_alpha0.25.pt,ee75534cd029f91c4f909fb9f73f7247dbc55dec8c3d698e0a21d3043cb6c5e9,cifar10_dirichlet/seed3/short_retrain_alpha0.25,0,545098
cifar10_dirichlet,cifar10,simplecnn,dirichlet0.5,20,4,0.5,40,2,64,sgd,0.01,configs/cifar10_dirichlet.json,a0e97b295c303d36d40661d8614aa29fcbc218e6e70d0874a18c5005f1aa3ab9,0.5,3,federaser,0.4512,0.132,0.6691,0.817,45.287348985672,completed,checkpoints/cifar10_dirichlet/seed3/federaser_alpha0.50.pt,6799a8b9f5a6a63ed2bc9baa91c73c35a49878737bc387e462f7459de2a3dda8,cifar10_dirichlet/seed3/federaser_alpha0.50,0 1,545098
cifar10_dirichlet,cifar10,simplecnn,dirichlet0.5,20,4,0.5,40,2,64,sgd,0.01,configs/cifar10_dirichlet.json,a0e97b295c303d36d40661d8614aa29fcbc218e6e70d0874a18c5005f1aa3ab9,0.5,3,full_retrain,0.6691,0.817,0.6691,0.817,171.79748702049255,completed,checkpoints/cifar10_dirichlet/seed3/full_retrain_alpha0.50.pt,ff6466015d7a5b48f672e84c2bd93cf60ee2fed292f867e0d294a01db55ad45d,cifar10_dirichlet/seed3/full_retrain_alpha0.50,0 1,545098
cifar10_dirichlet,cifar10,simplecnn,dirichlet0.5,20,4,0.5,40,2,64,sgd,0.01,configs/cifar10_dirichlet.json,a0e97b295c303d36d40661d8614aa29fcbc218e6e70d0874a18c5005f1aa3ab9,0.5,3,grad_negation,0.6685,0.8902222222222222,0.6691,0.817,24.94955325126648,completed,checkpoints/cifar10_dirichlet/seed3/grad_negation_alpha0.50.pt,a443bb890e3e3a7fa1d3a775c4f5785fcd8c8bff0c249c6a762e79f8669be4db,cifar10_dirichlet/seed3/grad_negation_alpha0.50,0 1,545098
cifar10_dirichlet,cifar10,simplecnn,dirichlet0.5,20,4,0.5,40,2,64,sgd,0.01,configs/cifar10_dirichlet.json,a0e97b295c303d36d40661d8614aa29fcbc218e6e70d0874a18c5005f1aa3ab9,0.5,3,short_retrain,0.6686,0.9046666666666666,0.6691,0.817,21.845042943954468,completed,checkpoints/cifar10_dirichlet/seed3/short_retrain_alpha0.50.pt,69cf36bccd8795f6b0a7beadb1fe5b883e82a4e010e76011656ace993750fc54,cifar10_dirichlet/seed3/short_retrain_alpha0.50,0 1,545098
cifar10_dirichlet,cifar10,simplecnn,dirichlet0.5,20,4,0.5,40,2,64,sgd,0.01,configs/cifar10_dirichlet.json,a0e97b295c303d36d40661d8614aa29fcbc218e6e70d0874a18c5005f1aa3ab9,0.75,3,federaser,0.4621,0.02677777777777778,0.6752,0.3768888888888889,43.06540393829346,completed,checkpoints/cifar10_dirichlet/seed3/federaser_alpha0.75.pt,e8b59a924f5698edb5f6b0c204420ac1571315202254d60587a272f284f84c82,cifar10_dirichlet/seed3/federaser_alpha0.75,0 1 2,545098
cifar10_dirichlet,cifar10,simplecnn,dirichlet0.5,20,4,0.5,40,2,64,sgd,0.01,configs/cifar10_dirichlet.json,a0e97b295c303d36d40661d8614aa29fcbc218e6e70d0874a18c5005f1aa3ab9,0.75,3,full_retrain,0.6752,0.3768888888888889,0.6752,0.3768888888888889,158.2476658821106,completed,checkpoints/cifar10_dirichlet/seed3/full_retrain_alpha0.75.pt,8489dc23236b0056e17d4459c3fa3f6a11d39fd3f8ee3a8f278cb7506787bc1c,cifar10_dirichlet/seed3/full_retrain_alpha0.75,0 1 2,545098
cifar10_dirichlet,cifar10,simplecnn,dirichlet0.5,20,4,0.5,40,2,64,sgd,0.01,configs/cifar10_dirichlet.json,a0e97b295c303d36d40661d8614aa29fcbc218e6e70d0874a18c5005f1aa3ab9,0.75,3,grad_negation,0.6676,0.8446666666666667,0.6752,0.3768888888888889,24.637860774993896,completed,checkpoints/cifar10_dirichlet/seed3/grad_negation_alpha0.75.pt,635ed394afd405fa71f05c5e9f2fd99cbdd132650c14913d4b028c2a38ee6cd3,cifar10_dirichlet/seed3/grad_negation_alpha0.75,0 1 2,545098
cifar10_dirichlet,cifar10,simplecnn,dirichlet0.5,20,4,0.5,40,2,64,sgd,0.01,configs/cifar10_dirichlet.json,a0e97b295c303d36d40661d8614aa29fcbc218e6e70d0874a18c5005f1aa3ab9,0.75,3,short_retrain,0.6719,0.8543333333333333,0.6752,0.3768888888888889,20.474976062774658,completed,checkpoints/cifar10_dirichlet/seed3/short_retrain_alpha0.75.pt,549266cebb31ea6bafab2cfa2f9e08ba740c32cfa0028b3f999c60977dba9491,cifar10_dirichlet/seed3/short_retrain_alpha0.75,0 1 2,545098
cifar10_dirichlet,cifar10,simplecnn,dirichlet0.5,20,4,0.5,40,2,64,sgd,0.01,configs/cifar10_dirichlet.json,a0e97b295c303d36d40661d8614aa29fcbc218e6e70d0874a18c5005f1aa3ab9,1.0,3,federaser,0.4235,0.02811111111111111,0.6758,0.035444444444444445,38.6674120426178,completed,checkpoints/cifar10_dirichlet/seed3/federaser_alpha1.00.pt,63bd1e22f7f35c8b59e996c6dc4f2ecc8c6577cdf49f23480dc4fca0902e9d2e,cifar10_dirichlet/seed3/federaser_alpha1.00,0 1 2 3,545098
cifar10_dirichlet,cifar10,simplecnn,dirichlet0.5,20,4,0.5,40,2,64,sgd,0.01,configs/cifar10_dirichlet.json,a0e97b295c303d36d40661d8614aa29fcbc218e6e70d0874a18c5005f1aa3ab9,1.0,3,full_retrain,0.6758,0.035444444444444445,0.6758,0.035444444444444445,151.9333460330963,completed,checkpoints/cifar10_dirichlet/seed3/full_retrain_alpha1.00.pt,2d213661adf971840bfc0e907611033ab3bf9fb5e6e14ecc326de0a2a7943537,cifar10_dirichlet/seed3/full_retrain_alpha1.00,0 1 2 3,545098
cifar10_dirichlet,cifar10,simplecnn,dirichlet0.5,20,4,0.5,40,2,64,sgd,0.01,configs/cifar10_dirichlet.json,a0e97b295c303d36d40661d8614aa29fcbc218e6e70d0874a18c5005f1aa3ab9,1.0,3,grad_negation,0.6654,0.7825555555555556,0.6758,0.035444444444444445,23.492127895355225,completed,checkpoints/cifar10_dirichlet/seed3/grad_negation_alpha1.00.pt,264921a61a347e4f950251eb8bc6dffc984547cf4461c6affb472c746089233f,cifar10_dirichlet/seed3/grad_negation_alpha1.00,0 1 2 3,545098
cifar10_dirichlet,cifar10,simplecnn,dirichlet0.5,20,4,0.5,40,2,64,sgd,0.01,configs/cifar10_dirichlet.json,a0e97b295c303d36d40661d8614aa29fcbc218e6e70d0874a18c5005f1aa3ab9,1.0,3,short_retrain,0.6704,0.8486666666666667,0.6758,0.035444444444444445,19.85805606842041,completed,checkpoints/cifar10_dirichlet/seed3/short_retrain_alpha1.00.pt,c7f75d36ea25a32a64e6043e9916b9755d656f3626ac6d6dee4ed45c51476e1e,cifar10_dirichlet/seed3/short_retrain_alpha1.00,0 1 2 3,545098
cifar10_dirichlet,cifar10,simplecnn,dirichlet0.5,20,4,0.5,40,2,64,sgd,0.01,configs/cifar10_dirichlet.json,b94aa05b280842774116ec5388de93c95ba1ee1dd0ec02c837c35cef545e859c,0.0,4,before,0.6595,0.8844444444444445,,,177.9429202079773,completed,checkpoints/cifar10_dirichlet/seed4/compromised.pt,b94aa05b280842774116ec5388de93c95ba1ee1dd0ec02c837c35cef545e859c,cifar10_dirichlet/seed4/compromised,,545098
cifar10_dirichlet,cifar10,simplecnn,dirichlet0.5,20,4,0.5,40,2,64,sgd,0.01,configs/cifar10_dirichlet.json,b94aa05b280842774116ec5388de93c95ba1ee1dd0ec02c837c35cef545e859c,0.25,4,federaser,0.4548,0.2803333333333333,0.6624,0.8402222222222222,55.646650075912476,completed,checkpoints/cifar10_dirichlet/seed4/federaser_alpha0.25.pt,acc0d563c736d40ecc693cc4146f2f964a87610797175eaca092b550bceb0612,cifar10_dirichlet/seed4/federaser_alpha0.25,0,545098
cifar10_dirichlet,cifar10,simplecnn,dirichlet0.5,20,4,0.5,40,2,64,sgd,0.01,configs/cifar10_dirichlet.json,b94aa05b280842774116ec5388de93c95ba1ee1dd0ec02c837c35cef545e859c,0.25,4,full_retrain,0.6624,0.8402222222222222,0.6624,0.8402222222222222,183.00991106033325,completed,checkpoints/cifar10_dirichlet/seed4/full_retrain_alpha0.25.pt,1c1c410d0f36b94df2249fe9d38ff71f05884b71bceaa3551b332f06e7af9cfe,cifar10_dirichlet/seed4/full_retrain_alpha0.25,0,545098
cifar10_dirichlet,cifar10,simplecnn,dirichlet0.5,20,4,0.5,40,2,64,sgd,0.01,configs/cifar10_dirichlet.json,b94aa05b280842774116ec5388de93c95ba1ee1dd0ec02c837c35cef545e859c,0.25,4,grad_negation,0.6628,0.8656666666666667,0.6624,0.8402222222222222,26.024384021759033,completed,checkpoints/cifar10_dirichlet/seed4/grad_negation_alpha0.25.pt,08977d443b88d16ac1a9428f5dd0ba2033a0dfbb237ef92a54365b27ec625693,cifar10_dirichlet/seed4/grad_negation_alpha0.25,0,545098
cifar10_dirichlet,cifar10,simplecnn,dirichlet0.5,20,4,0.5,40,2,64,sgd,0.01,configs/cifar10_dirichlet.json,b94aa05b280842774116ec5388de93c95ba1ee1dd0ec02c837c35cef545e859c,0.25,4,short_retrain,0.6657,0.8846666666666667,0.6624,0.8402222222222222,27.83833122253418,completed,checkpoints/cifar10_dirichlet/seed4/short_retrain_alpha0.25.pt,63e117ad99107ead04727b85803f27b740b53538aff8b62e7c4d6161c2effde5,cifar10_dirichlet/seed4/short_retrain_alpha0.25,0,545098
cifar10_dirichlet,cifar10,simplecnn,dirichlet0.5,20,4,0.5,40,2,64,sgd,0.01,configs/cifar10_dirichlet.json,b94aa05b280842774116ec5388de93c95ba1ee1dd0ec02c837c35cef545e859c,0.5,4,federaser,0.4486,0.12166666666666667,0.6687,0.7472222222222222,46.70699906349182,completed,checkpoints/cifar10_dirichlet/seed4/federaser_alpha0.50.pt,61bc8c4130d83ecff8f93548c4aeb36559753a977e6ec5ec2bda1474add2ceba,cifar10_dirichlet/seed4/federaser_alpha0.50,0 1,545098
cifar10_dirichlet,cifar10,simplecnn,dirichlet0.5,20,4,0.5,40,2,64,sgd,0.01,configs/cifar10_dirichlet.json,b94aa05b280842774116ec5388de93c95ba1ee1dd0ec02c837c35cef545e859c,0.5,4,full_retrain,0.6687,0.7472222222222222,0.6687,0.7472222222222222,179.50836396217346,completed,checkpoints/cifar10_dirichlet/seed4/full_retrain_alpha0.50.pt,dc1cccf06f95799a4d4aab837fb5bca37f56f214d822bf195be7ebf8f41c8bac,cifar10_dirichlet/seed4/full_retrain_alpha0.50,0 1,545098
cifar10_dirichlet,cifar10,simplecnn,dirichlet0.5,20,4,0.5,40,2,64,sgd,0.01,configs/cifar10_dirichlet.json,b94aa05b280842774116ec5388de93c95ba1ee1dd0ec02c837c35cef545e859c,0.5,4,grad_negation,0.6651,0.8265555555555556,0.6687,0.7472222222222222,25.048407077789307,completed,checkpoints/cifar10_dirichlet/seed4/grad_negation_alpha0.50.pt,1e80a98e94d2155399168c87784bf77182c7e1f1cfb522095aa0601f29077a31,cifar10_dirichlet/seed4/grad_negation_alpha0.50,0 1,545098
cifar10_dirichlet,cifar10,simplecnn,dirichlet0.5,20,4,0.5,40,2,64,sgd,0.01,configs/cifar10_dirichlet.json,b94aa05b280842774116ec5388de93c95ba1ee1dd0ec02c837c35cef545e859c,0.5,4,short_retrain,0.6659,0.8435555555555555,0.6687,0.7472222222222222,22.627766847610474,completed,checkpoints/cifar10_dirichlet/seed4/short_retrain_alpha0.50.pt,0581f2721d877ee276cad907ae9ff9d37f64967672bcbd6f941d431e0e460751,cifar10_dirichlet/seed4/short_retrain_alpha0.50,0 1,545098
cifar10_dirichlet,cifar10,simplecnn,dirichlet0.5,20,4,0.5,40,2,64,sgd,0.01,configs/cifar10_dirichlet.json,b94aa05b280842774116ec5388de93c95ba1ee1dd0ec02c837c35cef545e859c,0.75,4,federaser,0.4545,0.030111111111111113,0.6747,0.2797777777777778,43.44782376289368,completed,checkpoints/cifar10_dirichlet/seed4/federaser_alpha0.75.pt,b1ec3f32bcfb639eb0c0b3bc194adf7837417ec943c69686bf45fea6e1aa519c,cifar10_dirichlet/seed4/federaser_alpha0.75,0 1 2,545098
cifar10_dirichlet,cifar10,simplecnn,dirichlet0.5,20,4,0.5,40,2,64,sgd,0.01,configs/cifar10_dirichlet.json,b94aa05b280842774116ec5388de93c95ba1ee1dd0ec02c837c35cef545e859c,0.75,4,full_retrain,0.6747,0.2797777777777778,0.6747,0.2797777777777778,171.6684410572052,completed,checkpoints/cifar10_dirichlet/seed4/full_retrain_alpha0.75.pt,bfcf9418e75c9164b0d1fae111e72b06a4915b7d8679b882dc7fbbbef79a0b84,cifar10_dirichlet/seed4/full_retrain_alpha0.75,0 1 2,545098
cifar10_dirichlet,cifar10,simplecnn,dirichlet0.5,20,4,0.5,40,2,64,sgd,0.01,configs/cifar10_dirichlet.json,b94aa05b280842774116ec5388de93c95ba1ee1dd0ec02c837c35cef545e859c,0.75,4,grad_negation,0.6556,0.7358888888888889,0.6747,0.2797777777777778,23.901777982711792,completed,checkpoints/cifar10_dirichlet/seed4/grad_negation_alpha0.75.pt,13fdb82b147c3eb812662a2b4f5f81cd82833a5e982e9722f7b8607187e77b71,cifar10_dirichlet/seed4/grad_negation_alpha0.75,0 1 2,545098
cifar10_dirichlet,cifar10,simplecnn,dirichlet0.5,20,4,0.5,40,2,64,sgd,0.01,configs/cifar10_dirichlet.json,b94aa05b280842774116ec5388de93c95ba1ee1dd0ec02c837c35cef545e859c,0.75,4,short_retrain,0.6601,0.7826666666666666,0.6747,0.2797777777777778,20.787935972213745,completed,checkpoints/cifar10_dirichlet/seed4/short_retrain_alpha0.75.pt,92aa4e54c97887c54a965e2b28be9bfcb3ce3404b049fddbea6d9457ed412b3e,cifar10_dirichlet/seed4/short_retrain_alpha0.75,0 1 2,545098
cifar10_dirichlet,cifar10,simplecnn,dirichlet0.5,20,4,0.5,40,2,64,sgd,0.01,configs/cifar10_dirichlet.json,b94aa05b280842774116ec5388de93c95ba1ee1dd0ec02c837c35cef545e859c,1.0,4,federaser,0.3734,0.018,0.6686,0.018,40.33877396583557,completed,checkpoints/cifar10_dirichlet/seed4/federaser_alpha1.00.pt,bacef6ae61cb1ff7c613a5c0f92da30a0105ca526328ce2e80e30db97eb85c57,cifar10_dirichlet/seed4/federaser_alpha1.00,0 1 2 3,545098
cifar10_dirichlet,cifar10,simplecnn,dirichlet0.5,20,4,0.5,40,2,64,sgd,0.01,configs/cifar10_dirichlet.json,b94aa05b280842774116ec5388de93c95ba1ee1dd0ec02c837c35cef545e859c,1.0,4,full_retrain,0.6686,0.018,0.6686,0.018,156.32988214492798,completed,checkpoints/cifar10_dirichlet/seed4/full_retrain_alpha1.00.pt,35b128a61c0c4b7d76e8d2452d3d5bd4907f24872f75f21604c451cdd24b7ea3,cifar10_dirichlet/seed4/full_retrain_alpha1.00,0 1 2 3,545098
cifar10_dirichlet,cifar10,simplecnn,dirichlet0.5,20,4,0.5,40,2,64,sgd,0.01,configs/cifar10_dirichlet.json,b94aa05b280842774116ec5388de93c95ba1ee1dd0ec02c837c35cef545e859c,1.0,4,grad_negation,0.6644,0.6361111111111111,0.6686,0.018,25.8353271484375,completed,checkpoints/cifar10_dirichlet/seed4/grad_negation_alpha1.00.pt,14d3b926fbdd21621373bae89fa1b893b1e21fbee274e8d5c9438f0170a7a245,cifar10_dirichlet/seed4/grad_negation_alpha1.00,0 1 2 3,545098
cifar10_dirichlet,cifar10,simplecnn,dirichlet0.5,20,4,0.5,40,2,64,sgd,0.01,configs/cifar10_dirichlet.json,b94aa05b280842774116ec5388de93c95ba1ee1dd0ec02c837c35cef545e859c,1.0,4,short_retrain,0.6612,0.7641111111111111,0.6686,0.018,20.156634092330933,completed,checkpoints/cifar10_dirichlet/seed4/short_retrain_alpha1.00.pt,a183a044461e00d0dc055f2b5defe8e31b17cafb449101120aeb6701f9874acf,cifar10_dirichlet/seed4/short_retrain_alpha1.00,0 1 2 3,545098
cifar10_iid,cifar10,simplecnn,iid,20,4,0.5,40,2,64,sgd,0.01,configs/cifar10_iid.json,71ba2b115e5d387e2ef5e5175301d7b1a5120580908b76b5df952219d03f7cde,0.0,0,before,0.6886,0.9093333333333333,,,127.89005398750305,completed,checkpoints/cifar10_iid/seed0/compromised.pt,71ba2b115e5d387e2ef5e5175301d7b1a5120580908b76b5df952219d03f7cde,cifar10_iid/seed0/compromised,,545098
cifar10_iid,cifar10,simplecnn,iid,20,4,0.5,40,2,64,sgd,0.01,configs/cifar10_iid.json,71ba2b115e5d387e2ef5e5175301d7b1a5120580908b76b5df952219d03f7cde,0.25,0,federaser,0.4167,0.5773333333333334,0.6858,0.8812222222222222,35.78421592712402,completed,checkpoints/cifar10_iid/seed0/federaser_alpha0.25.pt,b42e96cfcce5e7e275973cd81f7a61cf1bea63d56515d3a7dc6bfdb0536fa18a,cifar10_iid/seed0/federaser_alpha0.25,0,545098
cifar10_iid,cifar10,simplecnn,iid,20,4,0.5,40,2,64,sgd,0.01,configs/cifar10_iid.json,71ba2b115e5d387e2ef5e5175301d7b1a5120580908b76b5df952219d03f7cde,0.25,0,fine_pruning,0.6862,0.88,0.6858,0.8812222222222222,27.93722438812256,completed,checkpoints/cifar10_iid/seed0/fine_pruning_alpha0.25.pt,ef66877649fd5181df45ff10fa1b6cd1e785bce0730dadf4c2b3865511dc6ba8,cifar10_iid/seed0/fine_pruning_alpha0.25,0,545098
cifar10_iid,cifar10,simplecnn,iid,20,4,0.5,40,2,64,sgd,0.01,configs/cifar10_iid.json,71ba2b115e5d387e2ef5e5175301d7b1a5120580908b76b5df952219d03f7cde,0.25,0,full_retrain,0.6858,0.8812222222222222,0.6858,0.8812222222222222,177.29319596290588,completed,checkpoints/cifar10_iid/seed0/full_retrain_alpha0.25.pt,e97e94c412107cea3ff62e77154888fe7d180e26f6f6f5bd7ccd94a2040adf73,cifar10_iid/seed0/full_retrain_alpha0.25,0,545098
cifar10_iid,cifar10,simplecnn,iid,20,4,0.5,40,2,64,sgd,0.01,configs/cifar10_iid.json,71ba2b115e5d387e2ef5e5175301d7b1a5120580908b76b5df952219d03f7cde,0.25,0,grad_negation,0.6874,0.9114444444444444,0.6858,0.8812222222222222,19.06062602996826,completed,checkpoints/cifar10_iid/seed0/grad_negation_alpha0.25.pt,e9c5e90b770662a2bdf0247d1ea2016f0d674a28f15996d4edc4a7acbde520a3,cifar10_iid/seed0/grad_negation_alpha0.25,0,545098
cifar10_iid,cifar10,simplecnn,iid,20,4,0.5,40,2,64,sgd,0.01,configs/cifar10_iid.json,71ba2b115e5d387e2ef5e5175301d7b1a5120580908b76b5df952219d03f7cde,0.25,0,short_retrain,0.6916,0.9125555555555556,0.6858,0.8812222222222222,15.227581977844238,completed,checkpoints/cifar10_iid/seed0/short_retrain_alpha0.25.pt,fc6e46b4207e7608201511e2fe1803dad38ec68c8ee17a170c24e3aa3a7c0313,cifar10_iid/seed0/short_retrain_alpha0.25,0,545098
cifar10_iid,cifar10,simplecnn,iid,20,4,0.5,40,2,64,sgd,0.01,configs/cifar10_iid.json,71ba2b115e5d387e2ef5e5175301d7b1a5120580908b76b5df952219d03f7cde,0.5,0,federaser,0.429,0.09266666666666666,0.6849,0.8127777777777778,33.06650114059448,completed,checkpoints/cifar10_iid/seed0/federaser_alpha0.50.pt,65b48cd5bc8f71f069d388f80ff52f622494b6ccfb79fc7d702b3e750be90eda,cifar10_iid/seed0/federaser_alpha0.50,0 1,545098
cifar10_iid,cifar10,simplecnn,iid,20,4,0.5,40,2,64,sgd,0.01,configs/cifar10_iid.json,71ba2b115e5d387e2ef5e5175301d7b1a5120580908b76b5df952219d03f7cde,0.5,0,fine_pruning,0.6874,0.8536666666666667,0.6849,0.8127777777777778,26.874722242355347,completed,checkpoints/cifar10_iid/seed0/fine_pruning_alpha0.50.pt,7d573f37ab784e160b10b5e944857118a757eb5e277139f794adf50c5977a99a,cifar10_iid/seed0/fine_pruning_alpha0.50,0 1,545098
cifar10_iid,cifar10,simplecnn,iid,20,4,0.5,40,2,64,sgd,0.01,configs/cifar10_iid.json,71ba2b115e5d387e2ef5e5175301d7b1a5120580908b76b5df952219d03f7cde,0.5,0,full_retrain,0.6849,0.8127777777777778,0.6849,0.8127777777777778,120.38104486465454,completed,checkpoints/cifar10_iid/seed0/full_retrain_alpha0.50.pt,1f4561acd2fc862ebd4a13a5f94af341b5eaba570a41f278eb737df405c13b8c,cifar10_iid/seed0/full_retrain_alpha0.50,0 1,545098
cifar10_iid,cifar10,simplecnn,iid,20,4,0.5,40,2,64,sgd,0.01,configs/cifar10_iid.json,71ba2b115e5d387e2ef5e5175301d7b1a5120580908b76b5df952219d03f7cde,0.5,0,grad_negation,0.6873,0.886,0.6849,0.8127777777777778,17.207580089569092,completed,checkpoints/cifar10_iid/seed0/grad_negation_alpha0.50.pt,2ae1b82c4bf14eaeeed86d4df2b442eb56856320b59aafa6fb33364a9f9b3306,cifar10_iid/seed0/grad_negation_alpha0.50,0 1,545098
cifar10_iid,cifar10,simplecnn,iid,20,4,0.5,40,2,64,sgd,0.01,configs/cifar10_iid.json,71ba2b115e5d387e2ef5e5175301d7b1a5120580908b76b5df952219d03f7cde,0.5,0,short_retrain,0.693,0.8978888888888888,0.6849,0.8127777777777778,14.292722940444946,completed,checkpoints/cifar10_iid/seed0/short_retrain_alpha0.50.pt,3da939a1377f75131f7ad436bf836ddd18052ea0d18207559c9c96c124356585,cifar10_iid/seed0/short_retrain_alpha0.50,0 1,545098
cifar10_iid,cifar10,simplecnn,iid,20,4,0.5,40,2,64,sgd,0.01,configs/cifar10_iid.json,71ba2b115e5d387e2ef5e5175301d7b1a5120580908b76b5df952219d03f7cde,0.75,0,federaser,0.4626,0.0768888888888889,0.6897,0.589,28.627243041992188,completed,checkpoints/cifar10_iid/seed0/federaser_alpha0.75.pt,1502bc40174c2907f1ff2d43a8ff40dbe058178fe8ea73648017fe7d75f1a408,cifar10_iid/seed0/federaser_alpha0.75,0 1 2,545098
cifar10_iid,cifar10,simplecnn,iid,20,4,0.5,40,2,64,sgd,0.01,configs/cifar10_iid.json,71ba2b115e5d387e2ef5e5175301d7b1a5120580908b76b5df952219d03f7cde,0.75,0,fine_pruning,0.6841,0.7966666666666666,0.6897,0.589,25.510677814483643,completed,checkpoints/cifar10_iid/seed0/fine_pruning_alpha0.75.pt,22a4d5a97f53ac325190c3b752986648063a7898b902cd724302070141aae528,cifar10_iid/seed0/fine_pruning_alpha0.75,0 1 2,545098
cifar10_iid,cifar10,simplecnn,iid,20,4,0.5,40,2,64,sgd,0.01,configs/cifar10_iid.json,71ba2b115e5d387e2ef5e5175301d7b1a5120580908b76b5df952219d03f7cde,0.75,0,full_retrain,0.6897,0.589,0.6897,0.589,111.26483702659607,completed,checkpoints/cifar10_iid/seed0/full_retrain_alpha0.75.pt,023303a28c84287398e7acaefade5acd69ddc0951f1ae737c8cddfc322dcb5de,cifar10_iid/seed0/full_retrain_alpha0.75,0 1 2,545098
cifar10_iid,cifar10,simplecnn,iid,20,4,0.5,40,2,64,sgd,0.01,configs/cifar10_iid.json,71ba2b115e5d387e2ef5e5175301d7b1a5120580908b76b5df952219d03f7cde,0.75,0,grad_negation,0.6801,0.8364444444444444,0.6897,0.589,16.78051495552063,completed,checkpoints/cifar10_iid/seed0/grad_negation_alpha0.75.pt,62684b6d83afa7d2c57a7b6fc60bb6809bf59677e00cca678f0333a413754105,cifar10_iid/seed0/grad_negation_alpha0.75,0 1 2,545098
cifar10_iid,cifar10,simplecnn,iid,20,4,0.5,40,2,64,sgd,0.01,configs/cifar10_iid.json,71ba2b115e5d387e2ef5e5175301d7b1a5120580908b76b5df952219d03f7cde,0.75,0,short_retrain,0.691,0.8808888888888889,0.6897,0.589,13.888460636138916,completed,checkpoints/cifar10_iid/seed0/short_retrain_alpha0.75.pt,9309a4f0eaee0dcda4ca56519e93b0bb37b2ab76af09aab42a9136f77170f67f,cifar10_iid/seed0/short_retrain_alpha0.75,0 1 2,545098
cifar10_iid,cifar10,simplecnn,iid,20,4,0.5,40,2,64,sgd,0.01,configs/cifar10_iid.json,71ba2b115e5d387e2ef5e5175301d7b1a5120580908b76b5df952219d03f7cde,1.0,0,federaser,0.4229,0.035777777777777776,0.6891,0.023444444444444445,28.371338844299316,completed,checkpoints/cifar10_iid/seed0/federaser_alpha1.00.pt,ee07d47b04886bf41edaa74c5472e2bf1568bfb39f344147dda1a861b4ee1eac,cifar10_iid/seed0/federaser_alpha1.00,0 1 2 3,545098
cifar10_iid,cifar10,simplecnn,iid,20,4,0.5,40,2,64,sgd,0.01,configs/cifar10_iid.json,71ba2b115e5d387e2ef5e5175301d7b1a5120580908b76b5df952219d03f7cde,1.0,0,fine_pruning,0.6849,0.6874444444444444,0.6891,0.023444444444444445,30.246630907058716,completed,checkpoints/cifar10_iid/seed0/fine_pruning_alpha1.00.pt,463b5bd9634f452fe008ea93f460f3ffbf153163cb7c686e845a903b44e4fa6c,cifar10_iid/seed0/fine_pruning_alpha1.00,0 1 2 3,545098
cifar10_iid,cifar10,simplecnn,iid,20,4,0.5,40,2,64,sgd,0.01,configs/cifar10_iid.json,71ba2b115e5d387e2ef5e5175301d7b1a5120580908b76b5df952219d03f7cde,1.0,0,full_retrain,0.6891,0.023444444444444445,0.6891,0.023444444444444445,104.05144619941711,completed,checkpoints/cifar10_iid/seed0/full_retrain_alpha1.00.pt,4a82f1aa7f391c79622643c11f7554e480d12e825e5c9131ecd24ce2e204be13,cifar10_iid/seed0/full_retrain_alpha1.00,0 1 2 3,545098
cifar10_iid,cifar10,simplecnn,iid,20,4,0.5,40,2,64,sgd,0.01,configs/cifar10_iid.json,71ba2b115e5d387e2ef5e5175301d7b1a5120580908b76b5df952219d03f7cde,1.0,0,grad_negation,0.6899,0.7164444444444444,0.6891,0.023444444444444445,16.41290020942688,completed,checkpoints/cifar10_iid/seed0/grad_negation_alpha1.00.pt,69bd26251354a491ea63db0275224df6b9a4d6a311f8f1c4761b9ad17b132760,cifar10_iid/seed0/grad_negation_alpha1.00,0 1 2 3,545098
cifar10_iid,cifar10,simplecnn,iid,20,4,0.5,40,2,64,sgd,0.01,configs/cifar10_iid.json,71ba2b115e5d387e2ef5e5175301d7b1a5120580908b76b5df952219d03f7cde,1.0,0,short_retrain,0.6926,0.842,0.6891,0.023444444444444445,13.435243844985962,completed,checkpoints/cifar10_iid/seed0/short_retrain_alpha1.00.pt,a9a5e411f318f59f873571ece4a7707440523a7b966235ba3d953719076f1191,cifar10_iid/seed0/short_retrain_alpha1.00,0 1 2 3,545098
cifar10_iid,cifar10,simplecnn,iid,20,4,0.5,40,2,64,sgd,0.01,configs/cifar10_iid.json,7ffb0b59777d8bdfcb1ebc564115490456906b9dd2f730f08ad7cd814e55c033,0.0,1,before,0.6859,0.9164444444444444,,,131.17931294441223,completed,checkpoints/cifar10_iid/seed1/compromised.pt,7ffb0b59777d8bdfcb1ebc564115490456906b9dd2f730f08ad7cd814e55c033,cifar10_iid/seed1/compromised,,545098
cifar10_iid,cifar10,simplecnn,iid,20,4,0.5,40,2,64,sgd,0.01,configs/cifar10_iid.json,7ffb0b59777d8bdfcb1ebc564115490456906b9dd2f730f08ad7cd814e55c033,0.25,1,federaser,0.3739,0.3838888888888889,0.6867,0.8728888888888889,32.38014507293701,completed,checkpoints/cifar10_iid/seed1/federaser_alpha0.25.pt,2df2f0d6ccf34d14b8bd1c222a3365cef1db0fdbe94b290b15e6fc0024f4575f,cifar10_iid/seed1/federaser_alpha0.25,0,545098
cifar10_iid,cifar10,simplecnn,iid,20,4,0.5,40,2,64,sgd,0.01,configs/cifar10_iid.json,7ffb0b59777d8bdfcb1ebc564115490456906b9dd2f730f08ad7cd814e55c033,0.25,1,fine_pruning,0.6858,0.8834444444444445,0.6867,0.8728888888888889,28.666286945343018,completed,checkpoints/cifar10_iid/seed1/fine_pruning_alpha0.25.pt,13b5dc50f30a471b4de98abecac7eee11380afc2d25fd3b888e3798716e592a9,cifar10_iid/seed1/fine_pruning_alpha0.25,0,545098
cifar10_iid,cifar10,simplecnn,iid,20,4,0.5,40,2,64,sgd,0.01,configs/cifar10_iid.json,7ffb0b59777d8bdfcb1ebc564115490456906b9dd2f730f08ad7cd814e55c033,0.25,1,full_retrain,0.6867,0.8728888888888889,0.6867,0.8728888888888889,123.8593897819519,completed,checkpoints/cifar10_iid/seed1/full_retrain_alpha0.25.pt,26878931937df2813eae8a7f3dfb11e612490f5357f9278da9cdfc75877a16b6,cifar10_iid/seed1/full_retrain_alpha0.25,0,545098
cifar10_iid,cifar10,simplecnn,iid,20,4,0.5,40,2,64,sgd,0.01,configs/cifar10_iid.json,7ffb0b59777d8bdfcb1ebc564115490456906b9dd2f730f08ad7cd814e55c033,0.25,1,grad_negation,0.6798,0.8948888888888888,0.6867,0.8728888888888889,17.3956458568573,completed,checkpoints/cifar10_iid/seed1/grad_negation_alpha0.25.pt,f04e392bad4c487d5a1c935f94f25446abc5c1e08c1165cd4d8f183b835ff085,cifar10_iid/seed1/grad_negation_alpha0.25,0,545098
cifar10_iid,cifar10,simplecnn,iid,20,4,0.5,40,2,64,sgd,0.01,configs/cifar10_iid.json,7ffb0b59777d8bdfcb1ebc564115490456906b9dd2f730f08ad7cd814e55c033,0.25,1,short_retrain,0.6912,0.9101111111111111,0.6867,0.8728888888888889,14.832950115203857,completed,checkpoints/cifar10_iid/seed1/short_retrain_alpha0.25.pt,2a9755dcb3563c5fc0c2530494b046a92910c550b8c27ffa855c0e754a142e44,cifar10_iid/seed1/short_retrain_alpha0.25,0,545098
cifar10_iid,cifar10,simplecnn,iid,20,4,0.5,40,2,64,sgd,0.01,configs/cifar10_iid.json,7ffb0b59777d8bdfcb1ebc564115490456906b9dd2f730f08ad7cd814e55c033,0.5,1,federaser,0.3324,0.18266666666666667,0.6811,0.8033333333333333,31.155248165130615,completed,checkpoints/cifar10_iid/seed1/federaser_alpha0.50.pt,75076f075c3127d02cceb607b51af03697c86b122f9e80064626f2bfa96f660e,cifar10_iid/seed1/federaser_alpha0.50,0 1,545098
cifar10_iid,cifar10,simplecnn,iid,20,4,0.5,40,2,64,sgd,0.01,configs/cifar10_iid.json,7ffb0b59777d8bdfcb1ebc564115490456906b9dd2f730f08ad7cd814e55c033,0.5,1,fine_pruning,0.6863,0.8506666666666667,0.6811,0.8033333333333333,27.858484029769897,completed,checkpoints/cifar10_iid/seed1/fine_pruning_alpha0.50.pt,3dd09fa1d5a2f77393d3d5bba442147d35d585b87401cb36a8f6e1bd24ae3b4e,cifar10_iid/seed1/fine_pruning_alpha0.50,0 1,545098
cifar10_iid,cifar10,simplecnn,iid,20,4,0.5,40,2,64,sgd,0.01,configs/cifar10_iid.json,7ffb0b59777d8bdfcb1ebc564115490456906b9dd2f730f08ad7cd814e55c033,0.5,1,full_retrain,0.6811,0.8033333333333333,0.6811,0.8033333333333333,116.22883105278015,completed,checkpoints/cifar10_iid/seed1/full_retrain_alpha0.50.pt,dbefdc81f89a118d08ca39d8edb4c99198970744dce4e78c898945197da4e614,cifar10_iid/seed1/full_retrain_alpha0.50,0 1,545098
cifar10_iid,cifar10,simplecnn,iid,20,4,0.5,40,2,64,sgd,0.01,configs/cifar10_iid.json,7ffb0b59777d8bdfcb1ebc564115490456906b9dd2f730f08ad7cd814e55c033,0.5,1,grad_negation,0.681,0.8927777777777778,0.6811,0.8033333333333333,15.943572998046875,completed,checkpoints/cifar10_iid/seed1/grad_negation_alpha0.50.pt,8c996317d6ccb5cee2602e04c242fbd0f2e53f9b491c8fc5d4196edb92649ed1,cifar10_iid/seed1/grad_negation_alpha0.50,0 1,545098
cifar10_iid,cifar10,simplecnn,iid,20,4,0.5,40,2,64,sgd,0.01,configs/cifar10_iid.json,7ffb0b59777d8bdfcb1ebc564115490456906b9dd2f730f08ad7cd814e55c033,0.5,1,short_retrain,0.69,0.8992222222222223,0.6811,0.8033333333333333,14.961534023284912,completed,checkpoints/cifar10_iid/seed1/short_retrain_alpha0.50.pt,f8ebd58bf6bd7919d52f54318ee631ddb6c9a6287b706027cf89dc8b27330eed,cifar10_iid/seed1/short_retrain_alpha0.50,0 1,545098
cifar10_iid,cifar10,simplecnn,iid,20,4,0.5,40,2,64,sgd,0.01,configs/cifar10_iid.json,7ffb0b59777d8bdfcb1ebc564115490456906b9dd2f730f08ad7cd814e55c033,0.75,1,federaser,0.398,0.13377777777777777,0.686,0.6017777777777777,29.099862813949585,completed,checkpoints/cifar10_iid/seed1/federaser_alpha0.75.pt,ee8e43893f53a5dd568d57ab8d25d898971bf9f8f037ce7c1fc93b4c9d977dd2,cifar10_iid/seed1/federaser_alpha0.75,0 1 2,545098
cifar10_iid,cifar10,simplecnn,iid,20,4,0.5,40,2,64,sgd,0.01,configs/cifar10_iid.json,7ffb0b59777d8bdfcb1ebc564115490456906b9dd2f730f08ad7cd814e55c033,0.75,1,fine_pruning,0.687,0.8123333333333334,0.686,0.6017777777777777,26.039700984954834,completed,checkpoints/cifar10_iid/seed1/fine_pruning_alpha0.75.pt,f1393e3aa17814aa3a86f9c0c33d2df1aae7df510b4dfbda1b437c335ba1b571,cifar10_iid/seed1/fine_pruning_alpha0.75,0 1 2,545098
cifar10_iid,cifar10,simplecnn,iid,20,4,0.5,40,2,64,sgd,0.01,configs/cifar10_iid.json,7ffb0b59777d8bdfcb1ebc564115490456906b9dd2f730f08ad7cd814e55c033,0.75,1,full_retrain,0.686,0.6017777777777777,0.686,0.6017777777777777,107.99243998527527,completed,checkpoints/cifar10_iid/seed1/full_retrain_alpha0.75.pt,dab795417afdfe303d030f8a8b9d11c77ac6e83848593ac45e15ef835f4d98da,cifar10_iid/seed1/full_retrain_alpha0.75,0 1 2,545098
cifar10_iid,cifar10,simplecnn,iid,20,4,0.5,40,2,64,sgd,0.01,configs/cifar10_iid.json,7ffb0b59777d8bdfcb1ebc564115490456906b9dd2f730f08ad7cd814e55c033,0.75,1,grad_negation,0.6803,0.8401111111111111,0.686,0.6017777777777777,15.981435060501099,completed,checkpoints/cifar10_iid/seed1/grad_negation_alpha0.75.pt,02b5937d5ff1049211e8f43c4ebce2c84e61dec9e6dd5e1c47aef62c87e0fd5a,cifar10_iid/seed1/grad_negation_alpha0.75,0 1 2,545098
cifar10_iid,cifar10,simplecnn,iid,20,4,0.5,40,2,64,sgd,0.01,configs/cifar10_iid.json,7ffb0b59777d8bdfcb1ebc564115490456906b9dd2f730f08ad7cd814e55c033,0.75,1,short_retrain,0.689,0.885,0.686,0.6017777777777777,14.3576021194458,completed,checkpoints/cifar10_iid/seed1/short_retrain_alpha0.75.pt,ba4f43f814ebc42b3a6b8a57fb03c56dddfe706381f354b2891aa1104d1c7255,cifar10_iid/seed1/short_retrain_alpha0.75,0 1 2,545098
cifar10_iid,cifar10,simplecnn,iid,20,4,0.5,40,2,64,sgd,0.01,configs/cifar10_iid.json,7ffb0b59777d8bdfcb1ebc564115490456906b9dd2f730f08ad7cd814e55c033,1.0,1,federaser,0.4002,0.024,0.6863,0.022111111111111113,26.52100706100464,completed,checkpoints/cifar10_iid/seed1/federaser_alpha1.00.pt,9bd6cf72a0a9c9f6c61620832fb3e01c76b228395c15ba5b60b3cc775595c0ed,cifar10_iid/seed1/federaser_alpha1.00,0 1 2 3,545098
cifar10_iid,cifar10,simplecnn,iid,20,4,0.5,40,2,64,sgd,0.01,configs/cifar10_iid.json,7ffb0b59777d8bdfcb1ebc564115490456906b9dd2f730f08ad7cd814e55c033,1.0,1,fine_pruning,0.686,0.6937777777777778,0.6863,0.022111111111111113,25.592947959899902,completed,checkpoints/cifar10_iid/seed1/fine_pruning_alpha1.00.pt,a026df79534b607a019eeeafa24b101456eac4627fdf55fdeeba431ead9ac1e6,cifar10_iid/seed1/fine_pruning_alpha1.00,0 1 2 3,545098
cifar10_iid,cifar10,simplecnn,iid,20,4,0.5,40,2,64,sgd,0.01,configs/cifar10_iid.json,7ffb0b59777d8bdfcb1ebc564115490456906b9dd2f730f08ad7cd814e55c033,1.0,1,full_retrain,0.6863,0.022111111111111113,0.6863,0.022111111111111113,101.60991787910461,completed,checkpoints/cifar10_iid/seed1/full_retrain_alpha1.00.pt,2209ae668661dcda50ddc44ebecaee24c0165846f51e6ef6c4b5c4f323e0e886,cifar10_iid/seed1/full_retrain_alpha1.00,0 1 2 3,545098
cifar10_iid,cifar10,simplecnn,iid,20,4,0.5,40,2,64,sgd,0.01,configs/cifar10_iid.json,7ffb0b59777d8bdfcb1ebc564115490456906b9dd2f730f08ad7cd814e55c033,1.0,1,grad_negation,0.6809,0.7484444444444445,0.6863,0.022111111111111113,15.998448848724365,completed,checkpoints/cifar10_iid/seed1/grad_negation_alpha1.00.pt,15b46f51aed8e0b35cfd239547adccd06d269761040df3ac8766049dc4a2b37c,cifar10_iid/seed1/grad_negation_alpha1.00,0 1 2 3,545098
cifar10_iid,cifar10,simplecnn,iid,20,4,0.5,40,2,64,sgd,0.01,configs/cifar10_iid.json,7ffb0b59777d8bdfcb1ebc564115490456906b9dd2f730f08ad7cd814e55c033,1.0,1,short_retrain,0.6924,0.8492222222222222,0.6863,0.022111111111111113,12.96313214302063,completed,checkpoints/cifar10_iid/seed1/short_retrain_alpha1.00.pt,5bc844168c74f7928372b1621c863de35a0329ce57c556e40d94cc84b42db8ac,cifar10_iid/seed1/short_retrain_alpha1.00,0 1 2 3,545098
cifar10_iid,cifar10,simplecnn,iid,20,4,0.5,40,2,64,sgd,0.01,configs/cifar10_iid.json,1cff5ab85e19d20cb6d8fa0b39371035c1fa1aed86dd394d8b1847ba3fbefad9,0.0,2,before,0.6921,0.9155555555555556,,,129.64969420433044,completed,checkpoints/cifar10_iid/seed2/compromised.pt,1cff5ab85e19d20cb6d8fa0b39371035c1fa1aed86dd394d8b1847ba3fbefad9,cifar10_iid/seed2/compromised,,545098
cifar10_iid,cifar10,simplecnn,iid,20,4,0.5,40,2,64,sgd,0.01,configs/cifar10_iid.json,1cff5ab85e19d20cb6d8fa0b39371035c1fa1aed86dd394d8b1847ba3fbefad9,0.25,2,federaser,0.4169,0.3457777777777778,0.6723,0.8762222222222222,35.8358108997345,completed,checkpoints/cifar10_iid/seed2/federaser_alpha0.25.pt,d357b8791883163b70a2f2c2f6acaa880543134326bd53595295c7ba98fe99e2,cifar10_iid/seed2/federaser_alpha0.25,0,545098
cifar10_iid,cifar10,simplecnn,iid,20,4,0.5,40,2,64,sgd,0.01,configs/cifar10_iid.json,1cff5ab85e19d20cb6d8fa0b39371035c1fa1aed86dd394d8b1847ba3fbefad9,0.25,2,fine_pruning,0.6863,0.8821111111111111,0.6723,0.8762222222222222,33.05140972137451,completed,checkpoints/cifar10_iid/seed2/fine_pruning_alpha0.25.pt,8920cc9593849cdda5f246663d5c88f12be8e4805f65c897e0a45346af539840,cifar10_iid/seed2/fine_pruning_alpha0.25,0,545098
cifar10_iid,cifar10,simplecnn,iid,20,4,0.5,40,2,64,sgd,0.01,configs/cifar10_iid.json,1cff5ab85e19d20cb6d8fa0b39371035c1fa1aed86dd394d8b1847ba3fbefad9,0.25,2,full_retrain,0.6723,0.8762222222222222,0.6723,0.8762222222222222,120.53212904930115,completed,checkpoints/cifar10_iid/seed2/full_retrain_alpha0.25.pt,638675fda890dfe204dfed338b120a7d8f252ec836f236d4bf5b462d9fe68f3e,cifar10_iid/seed2/full_retrain_alpha0.25,0,545098
cifar10_iid,cifar10,simplecnn,iid,20,4,0.5,40,2,64,sgd,0.01,configs/cifar10_iid.json,1cff5ab85e19d20cb6d8fa0b39371035c1fa1aed86dd394d8b1847ba3fbefad9,0.25,2,grad_negation,0.6931,0.9148888888888889,0.6723,0.8762222222222222,15.972087860107422,completed,checkpoints/cifar10_iid/seed2/grad_negation_alpha0.25.pt,55a2fafb466eebe913f5f4bf67a0972e5067d476e227251959aa88380a3ef358,cifar10_iid/seed2/grad_negation_alpha0.25,0,545098
cifar10_iid,cifar10,simplecnn,iid,20,4,0.5,40,2,64,sgd,0.01,configs/cifar10_iid.json,1cff5ab85e19d20cb6d8fa0b39371035c1fa1aed86dd394d8b1847ba3fbefad9,0.25,2,short_retrain,0.6979,0.9102222222222223,0.6723,0.8762222222222222,15.601242303848267,completed,checkpoints/cifar10_iid/seed2/short_retrain_alpha0.25.pt,8cb0204f2ac66d4654fef04562e7d262ea80f1f60fa0c17640ec1542dec5d84c,cifar10_iid/seed2/short_retrain_alpha0.25,0,545098
cifar10_iid,cifar10,simplecnn,iid,20,4,0.5,40,2,64,sgd,0.01,configs/cifar10_iid.json,1cff5ab85e19d20cb6d8fa0b39371035c1fa1aed86dd394d8b1847ba3fbefad9,0.5,2,federaser,0.4025,0.7016666666666667,0.6748,0.8184444444444444,31.27377414703369,completed,checkpoints/cifar10_iid/seed2/federaser_alpha0.50.pt,e32c37765f797720d74edd2105bc7646323afbb5fcd5a3eeb104e6552fcba42b,cifar10_iid/seed2/federaser_alpha0.50,0 1,545098
cifar10_iid,cifar10,simplecnn,iid,20,4,0.5,40,2,64,sgd,0.01,configs/cifar10_iid.json,1cff5ab85e19d20cb6d8fa0b39371035c1fa1aed86dd394d8b1847ba3fbefad9,0.5,2,fine_pruning,0.6883,0.8681111111111111,0.6748,0.8184444444444444,31.335870027542114,completed,checkpoints/cifar10_iid/seed2/fine_pruning_alpha0.50.pt,d57a1b5b0bef6f46d173eaa3cd61150570392d111e1e4ceff8b141c80b57f05d,cifar10_iid/seed2/fine_pruning_alpha0.50,0 1,545098
cifar10_iid,cifar10,simplecnn,iid,20,4,0.5,40,2,64,sgd,0.01,configs/cifar10_iid.json,1cff5ab85e19d20cb6d8fa0b39371035c1fa1aed86dd394d8b1847ba3fbefad9,0.5,2,full_retrain,0.6748,0.8184444444444444,0.6748,0.8184444444444444,119.93260216712952,completed,checkpoints/cifar10_iid/seed2/full_retrain_alpha0.50.pt,a2bfea2c4a9eb605f436d802dc009fd7b907bec9a8ebd06dc449df581d2de6cc,cifar10_iid/seed2/full_retrain_alpha0.50,0 1,545098
cifar10_iid,cifar10,simplecnn,iid,20,4,0.5,40,2,64,sgd,0.01,configs/cifar10_iid.json,1cff5ab85e19d20cb6d8fa0b39371035c1fa1aed86dd394d8b1847ba3fbefad9,0.5,2,grad_negation,0.695,0.8906666666666667,0.6748,0.8184444444444444,17.18951177597046,completed,checkpoints/cifar10_iid/seed2/grad_negation_alpha0.50.pt,ac8fa3234755346ce21353f11a14eb96e20974ff148e48ad31988d69c4a90d1a,cifar10_iid/seed2/grad_negation_alpha0.50,0 1,545098
cifar10_iid,cifar10,simplecnn,iid,20,4,0.5,40,2,64,sgd,0.01,configs/cifar10_iid.json,1cff5ab85e19d20cb6d8fa0b39371035c1fa1aed86dd394d8b1847ba3fbefad9,0.5,2,short_retrain,0.6929,0.8941111111111111,0.6748,0.8184444444444444,14.558475971221924,completed,checkpoints/cifar10_iid/seed2/short_retrain_alpha0.50.pt,ac1ac1a0bc1e7395f1c1b70a260e29ef505a398a402b84ae94fac8a88ea9462d,cifar10_iid/seed2/short_retrain_alpha0.50,0 1,545098
cifar10_iid,cifar10,simplecnn,iid,20,4,0.5,40,2,64,sgd,0.01,configs/cifar10_iid.json,1cff5ab85e19d20cb6d8fa0b39371035c1fa1aed86dd394d8b1847ba3fbefad9,0.75,2,federaser,0.3273,0.7128888888888889,0.672,0.5514444444444444,29.890124797821045,completed,checkpoints/cifar10_iid/seed2/federaser_alpha0.75.pt,3d7af241e3fbb65b341f6cdac5b816a5c1e4917eb89d6d501e6a4bc716873c25,cifar10_iid/seed2/federaser_alpha0.75,0 1 2,545098
cifar10_iid,cifar10,simplecnn,iid,20,4,0.5,40,2,64,sgd,0.01,configs/cifar10_iid.json,1cff5ab85e19d20cb6d8fa0b39371035c1fa1aed86dd394d8b1847ba3fbefad9,0.75,2,fine_pruning,0.6864,0.8308888888888889,0.672,0.5514444444444444,29.490883827209473,completed,checkpoints/cifar10_iid/seed2/fine_pruning_alpha0.75.pt,7f3ff79451e2c15af77652fbad8d37ebaf11ca1bce0e0271cdcac72f6e0781ad,cifar10_iid/seed2/fine_pruning_alpha0.75,0 1 2,545098
cifar10_iid,cifar10,simplecnn,iid,20,4,0.5,40,2,64,sgd,0.01,configs/cifar10_iid.json,1cff5ab85e19d20cb6d8fa0b39371035c1fa1aed86dd394d8b1847ba3fbefad9,0.75,2,full_retrain,0.672,0.5514444444444444,0.672,0.5514444444444444,113.97986626625061,completed,checkpoints/cifar10_iid/seed2/full_retrain_alpha0.75.pt,178f8ebbde5e0c4014fb0af7573ab4040ebdab85b66154c4bbed7a6e3b0c258e,cifar10_iid/seed2/full_retrain_alpha0.75,0 1 2,545098
cifar10_iid,cifar10,simplecnn,iid,20,4,0.5,40,2,64,sgd,0.01,configs/cifar10_iid.json,1cff5ab85e19d20cb6d8fa0b39371035c1fa1aed86dd394d8b1847ba3fbefad9,0.75,2,grad_negation,0.6924,0.8595555555555555,0.672,0.5514444444444444,17.45068883895874,completed,checkpoints/cifar10_iid/seed2/grad_negation_alpha0.75.pt,77a1846b9ba96d30c88e7811ec0c630859985baefb983ba3a670668bb96ec288,cifar10_iid/seed2/grad_negation_alpha0.75,0 1 2,545098
cifar10_iid,cifar10,simplecnn,iid,20,4,0.5,40,2,64,sgd,0.01,configs/cifar10_iid.json,1cff5ab85e19d20cb6d8fa0b39371035c1fa1aed86dd394d8b1847ba3fbefad9,0.75,2,short_retrain,0.6934,0.8861111111111111,0.672,0.5514444444444444,14.583822965621948,completed,checkpoints/cifar10_iid/seed2/short_retrain_alpha0.75.pt,7e2174cf18e906ab30df74d4b045148fb33986190c1756246935018eda513449,cifar10_iid/seed2/short_retrain_alpha0.75,0 1 2,545098
cifar10_iid,cifar10,simplecnn,iid,20,4,0.5,40,2,64,sgd,0.01,configs/cifar10_iid.json,1cff5ab85e19d20cb6d8fa0b39371035c1fa1aed86dd394d8b1847ba3fbefad9,1.0,2,federaser,0.3929,0.07344444444444445,0.6705,0.02311111111111111,27.710400104522705,completed,checkpoints/cifar10_iid/seed2/federaser_alpha1.00.pt,c11d263a59830d3d471921d03f3c39d75f41e13e2ee013918263fc8ee3741934,cifar10_iid/seed2/federaser_alpha1.00,0 1 2 3,545098
cifar10_iid,cifar10,simplecnn,iid,20,4,0.5,40,2,64,sgd,0.01,configs/cifar10_iid.json,1cff5ab85e19d20cb6d8fa0b39371035c1fa1aed86dd394d8b1847ba3fbefad9,1.0,2,fine_pruning,0.6871,0.7907777777777778,0.6705,0.02311111111111111,27.145309925079346,completed,checkpoints/cifar10_iid/seed2/fine_pruning_alpha1.00.pt,2d92533931244c169fb970de49b78930b068844bd83c26cb7904af1691aef98d,cifar10_iid/seed2/fine_pruning_alpha1.00,0 1 2 3,545098
cifar10_iid,cifar10,simplecnn,iid,20,4,0.5,40,2,64,sgd,0.01,configs/cifar10_iid.json,1cff5ab85e19d20cb6d8fa0b39371035c1fa1aed86dd394d8b1847ba3fbefad9,1.0,2,full_retrain,0.6705,0.02311111111111111,0.6705,0.02311111111111111,107.8364999294281,completed,checkpoints/cifar10_iid/seed2/full_retrain_alpha1.00.pt,58fefcda3450ecaa77d1e17165bdbb65577f42ecb83a52cdbbea3f425073d80c,cifar10_iid/seed2/full_retrain_alpha1.00,0 1 2 3,545098
cifar10_iid,cifar10,simplecnn,iid,20,4,0.5,40,2,64,sgd,0.01,configs/cifar10_iid.json,1cff5ab85e19d20cb6d8fa0b39371035c1fa1aed86dd394d8b1847ba3fbefad9,1.0,2,grad_negation,0.6947,0.7984444444444444,0.6705,0.02311111111111111,17.32345986366272,completed,checkpoints/cifar10_iid/seed2/grad_negation_alpha1.00.pt,0842adcd8972736c14dd225347a74b9c6083a422de96a6b9ebff9cfc01ac9c2c,cifar10_iid/seed2/grad_negation_alpha1.00,0 1 2 3,545098
cifar10_iid,cifar10,simplecnn,iid,20,4,0.5,40,2,64,sgd,0.01,configs/cifar10_iid.json,1cff5ab85e19d20cb6d8fa0b39371035c1fa1aed86dd394d8b1847ba3fbefad9,1.0,2,short_retrain,0.6941,0.8441111111111111,0.6705,0.02311111111111111,13.49009394645691,completed,checkpoints/cifar10_iid/seed2/short_retrain_alpha1.00.pt,c74be496ec052c6d2844b722928eaf676dd0db00dcbf9397379c7c600f1cdec4,cifar10_iid/seed2/short_retrain_alpha1.00,0 1 2 3,545098
cifar10_iid,cifar10,simplecnn,iid,20,4,0.5,40,2,64,sgd,0.01,configs/cifar10_iid.json,edcead742b516b8facd75d849daf6a485d39c71008855b94ca7d962f9cee21f2,0.0,3,before,0.6825,0.9108888888888889,,,134.7254388332367,completed,checkpoints/cifar10_iid/seed3/compromised.pt,edcead742b516b8facd75d849daf6a485d39c71008855b94ca7d962f9cee21f2,cifar10_iid/seed3/compromised,,545098
cifar10_iid,cifar10,simplecnn,iid,20,4,0.5,40,2,64,sgd,0.01,configs/cifar10_iid.json,edcead742b516b8facd75d849daf6a485d39c71008855b94ca7d962f9cee21f2,0.25,3,federaser,0.395,0.46944444444444444,0.6875,0.8814444444444445,33.08602786064148,completed,checkpoints/cifar10_iid/seed3/federaser_alpha0.25.pt,f593a37f1bb2a223514a1c365dff4f1f73cfef2e5921947a28c913bcebbe3da0,cifar10_iid/seed3/federaser_alpha0.25,0,545098
cifar10_iid,cifar10,simplecnn,iid,20,4,0.5,40,2,64,sgd,0.01,configs/cifar10_iid.json,edcead742b516b8facd75d849daf6a485d39c71008855b94ca7d962f9cee21f2,0.25,3,fine_pruning,0.6827,0.8714444444444445,0.6875,0.8814444444444445,33.4531569480896,completed,checkpoints/cifar10_iid/seed3/fine_pruning_alpha0.25.pt,a2c5df8e600670e19b4b967bfffdee56ffdfca2ae0c117abafeebed39bceb298,cifar10_iid/seed3/fine_pruning_alpha0.25,0,545098
cifar10_iid,cifar10,simplecnn,iid,20,4,0.5,40,2,64,sgd,0.01,configs/cifar10_iid.json,edcead742b516b8facd75d849daf6a485d39c71008855b94ca7d962f9cee21f2,0.25,3,full_retrain,0.6875,0.8814444444444445,0.6875,0.8814444444444445,126.17927098274231,completed,checkpoints/cifar10_iid/seed3/full_retrain_alpha0.25.pt,b4408b5ac53f12768505367142972ff38e5b8444b6201e9c85e06507ca11b1c8,cifar10_iid/seed3/full_retrain_alpha0.25,0,545098
cifar10_iid,cifar10,simplecnn,iid,20,4,0.5,40,2,64,sgd,0.01,configs/cifar10_iid.json,edcead742b516b8facd75d849daf6a485d39c71008855b94ca7d962f9cee21f2,0.25,3,grad_negation,0.6912,0.899,0.6875,0.8814444444444445,17.19059729576111,completed,checkpoints/cifar10_iid/seed3/grad_negation_alpha0.25.pt,093a4e5454dca258460ded0c0bdf765d2d24f521f9794b633237ee3bf4af56a0,cifar10_iid/seed3/grad_negation_alpha0.25,0,545098
cifar10_iid,cifar10,simplecnn,iid,20,4,0.5,40,2,64,sgd,0.01,configs/cifar10_iid.json,edcead742b516b8facd75d849daf6a485d39c71008855b94ca7d962f9cee21f2,0.25,3,short_retrain,0.6897,0.9128888888888889,0.6875,0.8814444444444445,14.70979118347168,completed,checkpoints/cifar10_iid/seed3/short_retrain_alpha0.25.pt,42428474f56e9aae6555b350a92b6378ffbb3166f9da69207136926e07034a91,cifar10_iid/seed3/short_retrain_alpha0.25,0,545098
cifar10_iid,cifar10,simplecnn,iid,20,4,0.5,40,2,64,sgd,0.01,configs/cifar10_iid.json,edcead742b516b8facd75d849daf6a485d39c71008855b94ca7d962f9cee21f2,0.5,3,federaser,0.3719,0.4458888888888889,0.6865,0.8237777777777778,32.479625940322876,completed,checkpoints/cifar10_iid/seed3/federaser_alpha0.50.pt,1279347dc5da27503b4745c3ca5e7ec922a74ba069ba34925a53609a9570b419,cifar10_iid/seed3/federaser_alpha0.50,0 1,545098
cifar10_iid,cifar10,simplecnn,iid,20,4,0.5,40,2,64,sgd,0.01,configs/cifar10_iid.json,edcead742b516b8facd75d849daf6a485d39c71008855b94ca7d962f9cee21f2,0.5,3,fine_pruning,0.6779,0.87,0.6865,0.8237777777777778,31.19056987762451,completed,checkpoints/cifar10_iid/seed3/fine_pruning_alpha0.50.pt,f27e9fc1ed399f99c426f06a73e28729e5435595eaf4d60d00af1c5131c93ea6,cifar10_iid/seed3/fine_pruning_alpha0.50,0 1,545098
cifar10_iid,cifar10,simplecnn,iid,20,4,0.5,40,2,64,sgd,0.01,configs/cifar10_iid.json,edcead742b516b8facd75d849daf6a485d39c71008855b94ca7d962f9cee21f2,0.5,3,full_retrain,0.6865,0.8237777777777778,0.6865,0.8237777777777778,123.6733627319336,completed,checkpoints/cifar10_iid/seed3/full_retrain_alpha0.50.pt,7cf4249ac5713bf6f6e4c9000dde2b03a8b609b974adc255198c2e1d78801ce2,cifar10_iid/seed3/full_retrain_alpha0.50,0 1,545098
cifar10_iid,cifar10,simplecnn,iid,20,4,0.5,40,2,64,sgd,0.01,configs/cifar10_iid.json,edcead742b516b8facd75d849daf6a485d39c71008855b94ca7d962f9cee21f2,0.5,3,grad_negation,0.6914,0.8773333333333333,0.6865,0.8237777777777778,17.172680139541626,completed,checkpoints/cifar10_iid/seed3/grad_negation_alpha0.50.pt,cb0546d29d42ea6da6d9d08407edacd7c46611e77018945056771f9f4549a285,cifar10_iid/seed3/grad_negation_alpha0.50,0 1,545098
cifar10_iid,cifar10,simplecnn,iid,20,4,0.5,40,2,64,sgd,0.01,configs/cifar10_iid.json,edcead742b516b8facd75d849daf6a485d39c71008855b94ca7d962f9cee21f2,0.5,3,short_retrain,0.6883,0.8848888888888888,0.6865,0.8237777777777778,15.133232831954956,completed,checkpoints/cifar10_iid/seed3/short_retrain_alpha0.50.pt,26b285b3455913ebf3cccbf692e50aa149ab22f12ca6c484023f9a4df575250e,cifar10_iid/seed3/short_retrain_alpha0.50,0 1,545098
cifar10_iid,cifar10,simplecnn,iid,20,4,0.5,40,2,64,sgd,0.01,configs/cifar10_iid.json,edcead742b516b8facd75d849daf6a485d39c71008855b94ca7d962f9cee21f2,0.75,3,federaser,0.4128,0.26455555555555554,0.6881,0.628,30.04185700416565,completed,checkpoints/cifar10_iid/seed3/federaser_alpha0.75.pt,baf9a44e89272535db7f339994c8691ea748d476f656b4825dc8871918ee0ef3,cifar10_iid/seed3/federaser_alpha0.75,0 1 2,545098
cifar10_iid,cifar10,simplecnn,iid,20,4,0.5,40,2,64,sgd,0.01,configs/cifar10_iid.json,edcead742b516b8facd75d849daf6a485d39c71008855b94ca7d962f9cee21f2,0.75,3,fine_pruning,0.6847,0.818,0.6881,0.628,28.67702889442444,completed,checkpoints/cifar10_iid/seed3/fine_pruning_alpha0.75.pt,0ad33d9aca3e6fa471fff976305002f935995569d90badcd6d9931e3ae784659,cifar10_iid/seed3/fine_pruning_alpha0.75,0 1 2,545098
cifar10_iid,cifar10,simplecnn,iid,20,4,0.5,40,2,64,sgd,0.01,configs/cifar10_iid.json,edcead742b516b8facd75d849daf6a485d39c71008855b94ca7d962f9cee21f2,0.75,3,full_retrain,0.6881,0.628,0.6881,0.628,117.50220990180969,completed,checkpoints/cifar10_iid/seed3/full_retrain_alpha0.75.pt,3d51289f5fb96a72514cc1b8cb269b5d5980eb1ad11d560b67e7309ed2f6d7d2,cifar10_iid/seed3/full_retrain_alpha0.75,0 1 2,545098
cifar10_iid,cifar10,simplecnn,iid,20,4,0.5,40,2,64,sgd,0.01,configs/cifar10_iid.json,edcead742b516b8facd75d849daf6a485d39c71008855b94ca7d962f9cee21f2,0.75,3,grad_negation,0.6895,0.8332222222222222,0.6881,0.628,17.946512937545776,completed,checkpoints/cifar10_iid/seed3/grad_negation_alpha0.75.pt,a5b9b3a2e5b7b569447b7e41deb809ea15b434a2754f2534bb77bc2db10ed7f4,cifar10_iid/seed3/grad_negation_alpha0.75,0 1 2,545098
cifar10_iid,cifar10,simplecnn,iid,20,4,0.5,40,2,64,sgd,0.01,configs/cifar10_iid.json,edcead742b516b8facd75d849daf6a485d39c71008855b94ca7d962f9cee21f2,0.75,3,short_retrain,0.692,0.8667777777777778,0.6881,0.628,14.785571098327637,completed,checkpoints/cifar10_iid/seed3/short_retrain_alpha0.75.pt,83b38b2e21f5428bbcd81c6f4b520e530e4861d4dc08e5e3abfe812567a19ec3,cifar10_iid/seed3/short_retrain_alpha0.75,0 1 2,545098
cifar10_iid,cifar10,simplecnn,iid,20,4,0.5,40,2,64,sgd,0.01,configs/cifar10_iid.json,edcead742b516b8facd75d849daf6a485d39c71008855b94ca7d962f9cee21f2,1.0,3,federaser,0.475,0.02388888888888889,0.6892,0.021111111111111112,29.480632066726685,completed,checkpoints/cifar10_iid/seed3/federaser_alpha1.00.pt,aa8e5b90e40ecbbaedcba10a6a8cc839cee20afc723ba03915c1a69666ae7425,cifar10_iid/seed3/federaser_alpha1.00,0 1 2 3,545098
cifar10_iid,cifar10,simplecnn,iid,20,4,0.5,40,2,64,sgd,0.01,configs/cifar10_iid.json,edcead742b516b8facd75d849daf6a485d39c71008855b94ca7d962f9cee21f2,1.0,3,fine_pruning,0.6831,0.4653333333333333,0.6892,0.021111111111111112,28.143930912017822,completed,checkpoints/cifar10_iid/seed3/fine_pruning_alpha1.00.pt,38c76e6138d856e4ff208384cc7f8fa6f5498d28a62237c9ec29674bb1007cdd,cifar10_iid/seed3/fine_pruning_alpha1.00,0 1 2 3,545098
cifar10_iid,cifar10,simplecnn,iid,20,4,0.5,40,2,64,sgd,0.01,configs/cifar10_iid.json,edcead742b516b8facd75d849daf6a485d39c71008855b94ca7d962f9cee21f2,1.0,3,full_retrain,0.6892,0.021111111111111112,0.6892,0.021111111111111112,107.16248106956482,completed,checkpoints/cifar10_iid/seed3/full_retrain_alpha1.00.pt,fea6d32d3fda48187b393038f31bb9151212feeedb7772c9ce0da7d4f1c5cb16,cifar10_iid/seed3/full_retrain_alpha1.00,0 1 2 3,545098
cifar10_iid,cifar10,simplecnn,iid,20,4,0.5,40,2,64,sgd,0.01,configs/cifar10_iid.json,edcead742b516b8facd75d849daf6a485d39c71008855b94ca7d962f9cee21f2,1.0,3,grad_negation,0.6899,0.7265555555555555,0.6892,0.021111111111111112,17.08568000793457,completed,checkpoints/cifar10_iid/seed3/grad_negation_alpha1.00.pt,97fa3993da2164622a6ba5543d37dc3f091dfd654d1df52489d003438ac0c148,cifar10_iid/seed3/grad_negation_alpha1.00,0 1 2 3,545098
cifar10_iid,cifar10,simplecnn,iid,20,4,0.5,40,2,64,sgd,0.01,configs/cifar10_iid.json,edcead742b516b8facd75d849daf6a485d39c71008855b94ca7d962f9cee21f2,1.0,3,short_retrain,0.6903,0.8193333333333334,0.6892,0.021111111111111112,14.8350088596344,completed,checkpoints/cifar10_iid/seed3/short_retrain_alpha1.00.pt,b5ba76cf7e20738ba3176749d28a2e6775ee71c84e96ff6d22cb042a14863913,cifar10_iid/seed3/short_retrain_alpha1.00,0 1 2 3,545098
cifar10_iid,cifar10,simplecnn,iid,20,4,0.5,40,2,64,sgd,0.01,configs/cifar10_iid.json,1baf2e4a28de9cb92fadab4c72d6aba2b2d526a5170c45b21dfaa6330d241a05,0.0,4,before,0.6821,0.9066666666666666,,,133.81375408172607,completed,checkpoints/cifar10_iid/seed4/compromised.pt,1baf2e4a28de9cb92fadab4c72d6aba2b2d526a5170c45b21dfaa6330d241a05,cifar10_iid/seed4/compromised,,545098
cifar10_iid,cifar10,simplecnn,iid,20,4,0.5,40,2,64,sgd,0.01,configs/cifar10_iid.json,1baf2e4a28de9cb92fadab4c72d6aba2b2d526a5170c45b21dfaa6330d241a05,0.25,4,federaser,0.4626,0.6535555555555556,0.6902,0.902,32.46235179901123,completed,checkpoints/cifar10_iid/seed4/federaser_alpha0.25.pt,1915b789605fd06823eb5433e82b95b92fd8de68ac1fa177c4eaf4ca82d0ebc4,cifar10_iid/seed4/federaser_alpha0.25,0,545098
cifar10_iid,cifar10,simplecnn,iid,20,4,0.5,40,2,64,sgd,0.01,configs/cifar10_iid.json,1baf2e4a28de9cb92fadab4c72d6aba2b2d526a5170c45b21dfaa6330d241a05,0.25,4,fine_pruning,0.6819,0.9011111111111111,0.6902,0.902,27.454847812652588,completed,checkpoints/cifar10_iid/seed4/fine_pruning_alpha0.25.pt,a1e182ca8aad6cee3718010e9a645a7d6ec2502df6d79827d61704b7d7751ce9,cifar10_iid/seed4/fine_pruning_alpha0.25,0,545098
cifar10_iid,cifar10,simplecnn,iid,20,4,0.5,40,2,64,sgd,0.01,configs/cifar10_iid.json,1baf2e4a28de9cb92fadab4c72d6aba2b2d526a5170c45b21dfaa6330d241a05,0.25,4,full_retrain,0.6902,0.902,0.6902,0.902,123.0803120136261,completed,checkpoints/cifar10_iid/seed4/full_retrain_alpha0.25.pt,3000b23cc521bbe4f28d3958001e5e4a62fa08ec2c2c25147ef68c97b74982aa,cifar10_iid/seed4/full_retrain_alpha0.25,0,545098
cifar10_iid,cifar10,simplecnn,iid,20,4,0.5,40,2,64,sgd,0.01,configs/cifar10_iid.json,1baf2e4a28de9cb92fadab4c72d6aba2b2d526a5170c45b21dfaa6330d241a05,0.25,4,grad_negation,0.6777,0.8826666666666667,0.6902,0.902,16.594031810760498,completed,checkpoints/cifar10_iid/seed4/grad_negation_alpha0.25.pt,ae7c6a8154090dcd95c7b12f1e7d7d5e64318dccd636b005d149708762eeacdc,cifar10_iid/seed4/grad_negation_alpha0.25,0,545098
cifar10_iid,cifar10,simplecnn,iid,20,4,0.5,40,2,64,sgd,0.01,configs/cifar10_iid.json,1baf2e4a28de9cb92fadab4c72d6aba2b2d526a5170c45b21dfaa6330d241a05,0.25,4,short_retrain,0.6855,0.9028888888888889,0.6902,0.902,15.092227220535278,completed,checkpoints/cifar10_iid/seed4/short_retrain_alpha0.25.pt,373e83eac459c6cbf5f52b4ecf2bca7588b1ad1bab4d91b3d24bb4b361457dec,cifar10_iid/seed4/short_retrain_alpha0.25,0,545098
cifar10_iid,cifar10,simplecnn,iid,20,4,0.5,40,2,64,sgd,0.01,configs/cifar10_iid.json,1baf2e4a28de9cb92fadab4c72d6aba2b2d526a5170c45b21dfaa6330d241a05,0.5,4,federaser,0.4664,0.21522222222222223,0.6879,0.836,31.34702706336975,completed,checkpoints/cifar10_iid/seed4/federaser_alpha0.50.pt,51aa18cfa1e6dfd3760f33b99d6526c7e06800714498535a3de24ea1ca1bfe45,cifar10_iid/seed4/federaser_alpha0.50,0 1,545098
cifar10_iid,cifar10,simplecnn,iid,20,4,0.5,40,2,64,sgd,0.01,configs/cifar10_iid.json,1baf2e4a28de9cb92fadab4c72d6aba2b2d526a5170c45b21dfaa6330d241a05,0.5,4,fine_pruning,0.6869,0.8752222222222222,0.6879,0.836,26.05134415626526,completed,checkpoints/cifar10_iid/seed4/fine_pruning_alpha0.50.pt,fb26039e0eac8c8c134ba2cd87d7391e53b392481812c261c9a80bb174c21de9,cifar10_iid/seed4/fine_pruning_alpha0.50,0 1,545098
cifar10_iid,cifar10,simplecnn,iid,20,4,0.5,40,2,64,sgd,0.01,configs/cifar10_iid.json,1baf2e4a28de9cb92fadab4c72d6aba2b2d526a5170c45b21dfaa6330d241a05,0.5,4,full_retrain,0.6879,0.836,0.6879,0.836,118.84048986434937,completed,checkpoints/cifar10_iid/seed4/full_retrain_alpha0.50.pt,1bee5fb4bd1f39465f886383c17fb38e96c5015883daf5a030b88d330969a532,cifar10_iid/seed4/full_retrain_alpha0.50,0 1,545098
cifar10_iid,cifar10,simplecnn,iid,20,4,0.5,40,2,64,sgd,0.01,configs/cifar10_iid.json,1baf2e4a28de9cb92fadab4c72d6aba2b2d526a5170c45b21dfaa6330d241a05,0.5,4,grad_negation,0.6819,0.857,0.6879,0.836,16.536547660827637,completed,checkpoints/cifar10_iid/seed4/grad_negation_alpha0.50.pt,063dafcf95ecde75cdccddf974d58a9017f962e087d8eb31954d1af8f558f0aa,cifar10_iid/seed4/grad_negation_alpha0.50,0 1,545098
cifar10_iid,cifar10,simplecnn,iid,20,4,0.5,40,2,64,sgd,0.01,configs/cifar10_iid.json,1baf2e4a28de9cb92fadab4c72d6aba2b2d526a5170c45b21dfaa6330d241a05,0.5,4,short_retrain,0.6867,0.8821111111111111,0.6879,0.836,14.97108507156372,completed,checkpoints/cifar10_iid/seed4/short_retrain_alpha0.50.pt,4d5037f000d9903ba727f203add1aa5530f8f645119b1a6d2a0dbd69cd10de7f,cifar10_iid/seed4/short_retrain_alpha0.50,0 1,545098
cifar10_iid,cifar10,simplecnn,iid,20,4,0.5,40,2,64,sgd,0.01,configs/cifar10_iid.json,1baf2e4a28de9cb92fadab4c72d6aba2b2d526a5170c45b21dfaa6330d241a05,0.75,4,federaser,0.4674,0.04622222222222222,0.6897,0.6783333333333333,31.855894088745117,completed,checkpoints/cifar10_iid/seed4/federaser_alpha0.75.pt,9f4b19913297e9642a930ceabbc181fbc2bdf74a18cec80dc8b5c0dad3b1f5da,cifar10_iid/seed4/federaser_alpha0.75,0 1 2,545098
cifar10_iid,cifar10,simplecnn,iid,20,4,0.5,40,2,64,sgd,0.01,configs/cifar10_iid.json,1baf2e4a28de9cb92fadab4c72d6aba2b2d526a5170c45b21dfaa6330d241a05,0.75,4,fine_pruning,0.6846,0.8567777777777777,0.6897,0.6783333333333333,24.694609880447388,completed,checkpoints/cifar10_iid/seed4/fine_pruning_alpha0.75.pt,68493f672cbd07a9b37c265c3142425460c50379bca459245883a1c4b6918b1c,cifar10_iid/seed4/fine_pruning_alpha0.75,0 1 2,545098
cifar10_iid,cifar10,simplecnn,iid,20,4,0.5,40,2,64,sgd,0.01,configs/cifar10_iid.json,1baf2e4a28de9cb92fadab4c72d6aba2b2d526a5170c45b21dfaa6330d241a05,0.75,4,full_retrain,0.6897,0.6783333333333333,0.6897,0.6783333333333333,114.99965000152588,completed,checkpoints/cifar10_iid/seed4/full_retrain_alpha0.75.pt,92aaa2ca6a3f3a0ca551beb35d0a66f6ea298d16fc493be01570e60ab550bee1,cifar10_iid/seed4/full_retrain_alpha0.75,0 1 2,545098
cifar10_iid,cifar10,simplecnn,iid,20,4,0.5,40,2,64,sgd,0.01,configs/cifar10_iid.json,1baf2e4a28de9cb92fadab4c72d6aba2b2d526a5170c45b21dfaa6330d241a05,0.75,4,grad_negation,0.6845,0.816,0.6897,0.6783333333333333,16.717122077941895,completed,checkpoints/cifar10_iid/seed4/grad_negation_alpha0.75.pt,ec1a6aba0284481a20b90156ebd9cfe3e220f255de3970e7f2dda17922308c7a,cifar10_iid/seed4/grad_negation_alpha0.75,0 1 2,545098
cifar10_iid,cifar10,simplecnn,iid,20,4,0.5,40,2,64,sgd,0.01,configs/cifar10_iid.json,1baf2e4a28de9cb92fadab4c72d6aba2b2d526a5170c45b21dfaa6330d241a05,0.75,4,short_retrain,0.6874,0.8637777777777778,0.6897,0.6783333333333333,15.365454912185669,completed,checkpoints/cifar10_iid/seed4/short_retrain_alpha0.75.pt,d9fe5dc2237b36fd9192827a6103860c30788f74f8dc1726c210ce097aae005d,cifar10_iid/seed4/short_retrain_alpha0.75,0 1 2,545098
cifar10_iid,cifar10,simplecnn,iid,20,4,0.5,40,2,64,sgd,0.01,configs/cifar10_iid.json,1baf2e4a28de9cb92fadab4c72d6aba2b2d526a5170c45b21dfaa6330d241a05,1.0,4,federaser,0.4232,0.05177777777777778,0.694,0.025,29.44043207168579,completed,checkpoints/cifar10_iid/seed4/federaser_alpha1.00.pt,114c8c1c44ea837c9ae79e5283b041d820cdee75925e343329dae75413423acb,cifar10_iid/seed4/federaser_alpha1.00,0 1 2 3,545098
cifar10_iid,cifar10,simplecnn,iid,20,4,0.5,40,2,64,sgd,0.01,configs/cifar10_iid.json,1baf2e4a28de9cb92fadab4c72d6aba2b2d526a5170c45b21dfaa6330d241a05,1.0,4,fine_pruning,0.6826,0.8281111111111111,0.694,0.025,23.292511701583862,completed,checkpoints/cifar10_iid/seed4/fine_pruning_alpha1.00.pt,9c474fc9a19ec0ff5a98bb3d09d9ffadf1540c64d90f9ed9a839b9e306189414,cifar10_iid/seed4/fine_pruning_alpha1.00,0 1 2 3,545098
cifar10_iid,cifar10,simplecnn,iid,20,4,0.5,40,2,64,sgd,0.01,configs/cifar10_iid.json,1baf2e4a28de9cb92fadab4c72d6aba2b2d526a5170c45b21dfaa6330d241a05,1.0,4,full_retrain,0.694,0.025,0.694,0.025,110.81413388252258,completed,checkpoints/cifar10_iid/seed4/full_retrain_alpha1.00.pt,73a3ddf073426fb9fb0a12f34301b5b95092af2eb987d7e82d668d3f8ff2814c,cifar10_iid/seed4/full_retrain_alpha1.00,0 1 2 3,545098
cifar10_iid,cifar10,simplecnn,iid,20,4,0.5,40,2,64,sgd,0.01,configs/cifar10_iid.json,1baf2e4a28de9cb92fadab4c72d6aba2b2d526a5170c45b21dfaa6330d241a05,1.0,4,grad_negation,0.6805,0.7133333333333334,0.694,0.025,17.12079906463623,completed,checkpoints/cifar10_iid/seed4/grad_negation_alpha1.00.pt,2aa78f219c88d2c51d3261a34e9f93428c639df189133ee2c64572f0e835aeff,cifar10_iid/seed4/grad_negation_alpha1.00,0 1 2 3,545098
cifar10_iid,cifar10,simplecnn,iid,20,4,0.5,40,2,64,sgd,0.01,configs/cifar10_iid.json,1baf2e4a28de9cb92fadab4c72d6aba2b2d526a5170c45b21dfaa6330d241a05,1.0,4,short_retrain,0.6863,0.8322222222222222,0.694,0.025,14.206157922744751,completed,checkpoints/cifar10_iid/seed4/short_retrain_alpha1.00.pt,d2c543520aef2b6fd9db9d9bb9a713f22e69b2430c696da8efc989b2740661ce,cifar10_iid/seed4/short_retrain_alpha1.00,0 1 2 3,545098
cifar10_iid_federaser_dt1,cifar10,simplecnn,iid,20,4,0.5,40,2,64,sgd,0.01,configs/cifar10_iid_federaser_dt1.json,71ba2b115e5d387e2ef5e5175301d7b1a5120580908b76b5df952219d03f7cde,0.0,0,before,0.6886,0.9093333333333333,,,193.664972782135,completed,checkpoints/cifar10_iid_federaser_dt1/seed0/compromised.pt,71ba2b115e5d387e2ef5e5175301d7b1a5120580908b76b5df952219d03f7cde,cifar10_iid_federaser_dt1/seed0/compromised,,545098
cifar10_iid_federaser_dt1,cifar10,simplecnn,iid,20,4,0.5,40,2,64,sgd,0.01,configs/cifar10_iid_federaser_dt1.json,71ba2b115e5d387e2ef5e5175301d7b1a5120580908b76b5df952219d03f7cde,1.0,0,federaser,0.5624,0.051,0.6891,0.023444444444444445,77.69266295433044,completed,checkpoints/cifar10_iid_federaser_dt1/seed0/federaser_alpha1.00.pt,ce8436a82c48f258b065dbaa298bc77f066699a4004a1b2f8957efafbf3f2c4c,cifar10_iid_federaser_dt1/seed0/federaser_alpha1.00,0 1 2 3,545098
cifar10_iid_federaser_dt1,cifar10,simplecnn,iid,20,4,0.5,40,2,64,sgd,0.01,configs/cifar10_iid_federaser_dt1.json,71ba2b115e5d387e2ef5e5175301d7b1a5120580908b76b5df952219d03f7cde,1.0,0,full_retrain,0.6891,0.023444444444444445,0.6891,0.023444444444444445,138.94648003578186,completed,checkpoints/cifar10_iid_federaser_dt1/seed0/full_retrain_alpha1.00.pt,4a82f1aa7f391c79622643c11f7554e480d12e825e5c9131ecd24ce2e204be13,cifar10_iid_federaser_dt1/seed0/full_retrain_alpha1.00,0 1 2 3,545098
cifar10_iid_federaser_dt1,cifar10,simplecnn,iid,20,4,0.5,40,2,64,sgd,0.01,configs/cifar10_iid_federaser_dt1.json,7ffb0b59777d8bdfcb1ebc564115490456906b9dd2f730f08ad7cd814e55c033,0.0,1,before,0.6859,0.9164444444444444,,,136.48266696929932,completed,checkpoints/cifar10_iid_federaser_dt1/seed1/compromised.pt,7ffb0b59777d8bdfcb1ebc564115490456906b9dd2f730f08ad7cd814e55c033,cifar10_iid_federaser_dt1/seed1/compromised,,545098
cifar10_iid_federaser_dt1,cifar10,simplecnn,iid,20,4,0.5,40,2,64,sgd,0.01,configs/cifar10_iid_federaser_dt1.json,7ffb0b59777d8bdfcb1ebc564115490456906b9dd2f730f08ad7cd814e55c033,1.0,1,federaser,0.555,0.024444444444444446,0.6863,0.022111111111111113,53.57425308227539,completed,checkpoints/cifar10_iid_federaser_dt1/seed1/federaser_alpha1.00.pt,efe763967de0b47fa05ee27d4c73e0635f48e16bb1b69828c930706833ef025b,cifar10_iid_federaser_dt1/seed1/federaser_alpha1.00,0 1 2 3,545098
cifar10_iid_federaser_dt1,cifar10,simplecnn,iid,20,4,0.5,40,2,64,sgd,0.01,configs/cifar10_iid_federaser_dt1.json,7ffb0b59777d8bdfcb1ebc564115490456906b9dd2f730f08ad7cd814e55c033,1.0,1,full_retrain,0.6863,0.022111111111111113,0.6863,0.022111111111111113,104.80113291740417,completed,checkpoints/cifar10_iid_federaser_dt1/seed1/full_retrain_alpha1.00.pt,2209ae668661dcda50ddc44ebecaee24c0165846f51e6ef6c4b5c4f323e0e886,cifar10_iid_federaser_dt1/seed1/full_retrain_alpha1.00,0 1 2 3,545098
cifar10_iid_federaser_dt1,cifar10,simplecnn,iid,20,4,0.5,40,2,64,sgd,0.01,configs/cifar10_iid_federaser_dt1.json,1cff5ab85e19d20cb6d8fa0b39371035c1fa1aed86dd394d8b1847ba3fbefad9,0.0,2,before,0.6921,0.9155555555555556,,,136.19713020324707,completed,checkpoints/cifar10_iid_federaser_dt1/seed2/compromised.pt,1cff5ab85e19d20cb6d8fa0b39371035c1fa1aed86dd394d8b1847ba3fbefad9,cifar10_iid_federaser_dt1/seed2/compromised,,545098
cifar10_iid_federaser_dt1,cifar10,simplecnn,iid,20,4,0.5,40,2,64,sgd,0.01,configs/cifar10_iid_federaser_dt1.json,1cff5ab85e19d20cb6d8fa0b39371035c1fa1aed86dd394d8b1847ba3fbefad9,1.0,2,federaser,0.6067,0.07533333333333334,0.6705,0.02311111111111111,54.15069222450256,completed,checkpoints/cifar10_iid_federaser_dt1/seed2/federaser_alpha1.00.pt,4c6461d3ebc629c3e98821302fe4c5161a86c7787e18a11b0b636dfde6751049,cifar10_iid_federaser_dt1/seed2/federaser_alpha1.00,0 1 2 3,545098
cifar10_iid_federaser_dt1,cifar10,simplecnn,iid,20,4,0.5,40,2,64,sgd,0.01,configs/cifar10_iid_federaser_dt1.json,1cff5ab85e19d20cb6d8fa0b39371035c1fa1aed86dd394d8b1847ba3fbefad9,1.0,2,full_retrain,0.6705,0.02311111111111111,0.6705,0.02311111111111111,106.82687306404114,completed,checkpoints/cifar10_iid_federaser_dt1/seed2/full_retrain_alpha1.00.pt,58fefcda3450ecaa77d1e17165bdbb65577f42ecb83a52cdbbea3f425073d80c,cifar10_iid_federaser_dt1/seed2/full_retrain_alpha1.00,0 1 2 3,545098
cifar10_iid_federaser_dt1,cifar10,simplecnn,iid,20,4,0.5,40,2,64,sgd,0.01,configs/cifar10_iid_federaser_dt1.json,edcead742b516b8facd75d849daf6a485d39c71008855b94ca7d962f9cee21f2,0.0,3,before,0.6825,0.9108888888888889,,,135.93073201179504,completed,checkpoints/cifar10_iid_federaser_dt1/seed3/compromised.pt,edcead742b516b8facd75d849daf6a485d39c71008855b94ca7d962f9cee21f2,cifar10_iid_federaser_dt1/seed3/compromised,,545098
cifar10_iid_federaser_dt1,cifar10,simplecnn,iid,20,4,0.5,40,2,64,sgd,0.01,configs/cifar10_iid_federaser_dt1.json,edcead742b516b8facd75d849daf6a485d39c71008855b94ca7d962f9cee21f2,1.0,3,federaser,0.5755,0.05588888888888889,0.6892,0.021111111111111112,54.21222472190857,completed,checkpoints/cifar10_iid_federaser_dt1/seed3/federaser_alpha1.00.pt,3f79d9b1d0a48d8d3ed438bfa0b8d74c5b35189f3068248d6163689ad52ef17c,cifar10_iid_federaser_dt1/seed3/federaser_alpha1.00,0 1 2 3,545098
cifar10_iid_federaser_dt1,cifar10,simplecnn,iid,20,4,0.5,40,2,64,sgd,0.01,configs/cifar10_iid_federaser_dt1.json,edcead742b516b8facd75d849daf6a485d39c71008855b94ca7d962f9cee21f2,1.0,3,full_retrain,0.6892,0.021111111111111112,0.6892,0.021111111111111112,106.69087505340576,completed,checkpoints/cifar10_iid_federaser_dt1/seed3/full_retrain_alpha1.00.pt,fea6d32d3fda48187b393038f31bb9151212feeedb7772c9ce0da7d4f1c5cb16,cifar10_iid_federaser_dt1/seed3/full_retrain_alpha1.00,0 1 2 3,545098
cifar10_iid_federaser_dt1,cifar10,simplecnn,iid,20,4,0.5,40,2,64,sgd,0.01,configs/cifar10_iid_federaser_dt1.json,1baf2e4a28de9cb92fadab4c72d6aba2b2d526a5170c45b21dfaa6330d241a05,0.0,4,before,0.6821,0.9066666666666666,,,138.03895020484924,completed,checkpoints/cifar10_iid_federaser_dt1/seed4/compromised.pt,1baf2e4a28de9cb92fadab4c72d6aba2b2d526a5170c45b21dfaa6330d241a05,cifar10_iid_federaser_dt1/seed4/compromised,,545098
cifar10_iid_federaser_dt1,cifar10,simplecnn,iid,20,4,0.5,40,2,64,sgd,0.01,configs/cifar10_iid_federaser_dt1.json,1baf2e4a28de9cb92fadab4c72d6aba2b2d526a5170c45b21dfaa6330d241a05,1.0,4,federaser,0.5515,0.03688888888888889,0.694,0.025,53.93212389945984,completed,checkpoints/cifar10_iid_federaser_dt1/seed4/federaser_alpha1.00.pt,bb9acbeffc9cfcbdecbbd30101d543715375f79d7502cd91ce112244df2cff10,cifar10_iid_federaser_dt1/seed4/federaser_alpha1.00,0 1 2 3,545098
cifar10_iid_federaser_dt1,cifar10,simplecnn,iid,20,4,0.5,40,2,64,sgd,0.01,configs/cifar10_iid_federaser_dt1.json,1baf2e4a28de9cb92fadab4c72d6aba2b2d526a5170c45b21dfaa6330d241a05,1.0,4,full_retrain,0.694,0.025,0.694,0.025,105.46081805229187,completed,checkpoints/cifar10_iid_federaser_dt1/seed4/full_retrain_alpha1.00.pt,73a3ddf073426fb9fb0a12f34301b5b95092af2eb987d7e82d668d3f8ff2814c,cifar10_iid_federaser_dt1/seed4/full_retrain_alpha1.00,0 1 2 3,545098
cifar10_iid_federaser_r1,cifar10,simplecnn,iid,20,4,0.5,40,2,64,sgd,0.01,configs/cifar10_iid_federaser_r1.json,71ba2b115e5d387e2ef5e5175301d7b1a5120580908b76b5df952219d03f7cde,0.0,0,before,0.6886,0.9093333333333333,,,171.03206610679626,completed,checkpoints/cifar10_iid_federaser_r1/seed0/compromised.pt,71ba2b115e5d387e2ef5e5175301d7b1a5120580908b76b5df952219d03f7cde,cifar10_iid_federaser_r1/seed0/compromised,,545098
cifar10_iid_federaser_r1,cifar10,simplecnn,iid,20,4,0.5,40,2,64,sgd,0.01,configs/cifar10_iid_federaser_r1.json,71ba2b115e5d387e2ef5e5175301d7b1a5120580908b76b5df952219d03f7cde,1.0,0,federaser,0.6296,0.028777777777777777,0.6891,0.023444444444444445,90.07578992843628,completed,checkpoints/cifar10_iid_federaser_r1/seed0/federaser_alpha1.00.pt,953f2b05bf279819e5339d1a5c18ff2e52dcced164613be32788c111e1c6724c,cifar10_iid_federaser_r1/seed0/federaser_alpha1.00,0 1 2 3,545098
cifar10_iid_federaser_r1,cifar10,simplecnn,iid,20,4,0.5,40,2,64,sgd,0.01,configs/cifar10_iid_federaser_r1.json,71ba2b115e5d387e2ef5e5175301d7b1a5120580908b76b5df952219d03f7cde,1.0,0,full_retrain,0.6891,0.023444444444444445,0.6891,0.023444444444444445,155.20986223220825,completed,checkpoints/cifar10_iid_federaser_r1/seed0/full_retrain_alpha1.00.pt,4a82f1aa7f391c79622643c11f7554e480d12e825e5c9131ecd24ce2e204be13,cifar10_iid_federaser_r1/seed0/full_retrain_alpha1.00,0 1 2 3,545098
cifar10_iid_federaser_r1,cifar10,simplecnn,iid,20,4,0.5,40,2,64,sgd,0.01,configs/cifar10_iid_federaser_r1.json,7ffb0b59777d8bdfcb1ebc564115490456906b9dd2f730f08ad7cd814e55c033,0.0,1,before,0.6859,0.9164444444444444,,,194.29338002204895,completed,checkpoints/cifar10_iid_federaser_r1/seed1/compromised.pt,7ffb0b59777d8bdfcb1ebc564115490456906b9dd2f730f08ad7cd814e55c033,cifar10_iid_federaser_r1/seed1/compromised,,545098
cifar10_iid_federaser_r1,cifar10,simplecnn,iid,20,4,0.5,40,2,64,sgd,0.01,configs/cifar10_iid_federaser_r1.json,7ffb0b59777d8bdfcb1ebc564115490456906b9dd2f730f08ad7cd814e55c033,1.0,1,federaser,0.6209,0.03922222222222222,0.6863,0.022111111111111113,79.7099678516388,completed,checkpoints/cifar10_iid_federaser_r1/seed1/federaser_alpha1.00.pt,af6e42adb8707a46ec805f6f983b029489d0bee3ba765012ddf1b2febbc7476b,cifar10_iid_federaser_r1/seed1/federaser_alpha1.00,0 1 2 3,545098
cifar10_iid_federaser_r1,cifar10,simplecnn,iid,20,4,0.5,40,2,64,sgd,0.01,configs/cifar10_iid_federaser_r1.json,7ffb0b59777d8bdfcb1ebc564115490456906b9dd2f730f08ad7cd814e55c033,1.0,1,full_retrain,0.6863,0.022111111111111113,0.6863,0.022111111111111113,151.72814226150513,completed,checkpoints/cifar10_iid_federaser_r1/seed1/full_retrain_alpha1.00.pt,2209ae668661dcda50ddc44ebecaee24c0165846f51e6ef6c4b5c4f323e0e886,cifar10_iid_federaser_r1/seed1/full_retrain_alpha1.00,0 1 2 3,545098
cifar10_iid_federaser_r1,cifar10,simplecnn,iid,20,4,0.5,40,2,64,sgd,0.01,configs/cifar10_iid_federaser_r1.json,1cff5ab85e19d20cb6d8fa0b39371035c1fa1aed86dd394d8b1847ba3fbefad9,0.0,2,before,0.6921,0.9155555555555556,,,197.29496884346008,completed,checkpoints/cifar10_iid_federaser_r1/seed2/compromised.pt,1cff5ab85e19d20cb6d8fa0b39371035c1fa1aed86dd394d8b1847ba3fbefad9,cifar10_iid_federaser_r1/seed2/compromised,,545098
cifar10_iid_federaser_r1,cifar10,simplecnn,iid,20,4,0.5,40,2,64,sgd,0.01,configs/cifar10_iid_federaser_r1.json,1cff5ab85e19d20cb6d8fa0b39371035c1fa1aed86dd394d8b1847ba3fbefad9,1.0,2,federaser,0.6336,0.03344444444444444,0.6705,0.02311111111111111,76.95485210418701,completed,checkpoints/cifar10_iid_federaser_r1/seed2/federaser_alpha1.00.pt,ab8c6c47b87f04300c0a50fd7dad4bbe2e9118e4af7a91a2f2b52369c9871235,cifar10_iid_federaser_r1/seed2/federaser_alpha1.00,0 1 2 3,545098
cifar10_iid_federaser_r1,cifar10,simplecnn,iid,20,4,0.5,40,2,64,sgd,0.01,configs/cifar10_iid_federaser_r1.json,1cff5ab85e19d20cb6d8fa0b39371035c1fa1aed86dd394d8b1847ba3fbefad9,1.0,2,full_retrain,0.6705,0.02311111111111111,0.6705,0.02311111111111111,151.38235807418823,completed,checkpoints/cifar10_iid_federaser_r1/seed2/full_retrain_alpha1.00.pt,58fefcda3450ecaa77d1e17165bdbb65577f42ecb83a52cdbbea3f425073d80c,cifar10_iid_federaser_r1/seed2/full_retrain_alpha1.00,0 1 2 3,545098
cifar10_iid_federaser_r1,cifar10,simplecnn,iid,20,4,0.5,40,2,64,sgd,0.01,configs/cifar10_iid_federaser_r1.json,edcead742b516b8facd75d849daf6a485d39c71008855b94ca7d962f9cee21f2,0.0,3,before,0.6825,0.9108888888888889,,,188.59444403648376,completed,checkpoints/cifar10_iid_federaser_r1/seed3/compromised.pt,edcead742b516b8facd75d849daf6a485d39c71008855b94ca7d962f9cee21f2,cifar10_iid_federaser_r1/seed3/compromised,,545098
cifar10_iid_federaser_r1,cifar10,simplecnn,iid,20,4,0.5,40,2,64,sgd,0.01,configs/cifar10_iid_federaser_r1.json,edcead742b516b8facd75d849daf6a485d39c71008855b94ca7d962f9cee21f2,1.0,3,federaser,0.6245,0.026111111111111113,0.6892,0.021111111111111112,75.36541533470154,completed,checkpoints/cifar10_iid_federaser_r1/seed3/federaser_alpha1.00.pt,b23381d4cbf2bfeb04c7d06cc609f1380c96c2100ade53bf53e04e65c885d2a6,cifar10_iid_federaser_r1/seed3/federaser_alpha1.00,0 1 2 3,545098
cifar10_iid_federaser_r1,cifar10,simplecnn,iid,20,4,0.5,40,2,64,sgd,0.01,configs/cifar10_iid_federaser_r1.json,edcead742b516b8facd75d849daf6a485d39c71008855b94ca7d962f9cee21f2,1.0,3,full_retrain,0.6892,0.021111111111111112,0.6892,0.021111111111111112,148.00523209571838,completed,checkpoints/cifar10_iid_federaser_r1/seed3/full_retrain_alpha1.00.pt,fea6d32d3fda48187b393038f31bb9151212feeedb7772c9ce0da7d4f1c5cb16,cifar10_iid_federaser_r1/seed3/full_retrain_alpha1.00,0 1 2 3,545098
cifar10_iid_federaser_r1,cifar10,simplecnn,iid,20,4,0.5,40,2,64,sgd,0.01,configs/cifar10_iid_federaser_r1.json,1baf2e4a28de9cb92fadab4c72d6aba2b2d526a5170c45b21dfaa6330d241a05,0.0,4,before,0.6821,0.9066666666666666,,,189.14148926734924,completed,checkpoints/cifar10_iid_federaser_r1/seed4/compromised.pt,1baf2e4a28de9cb92fadab4c72d6aba2b2d526a5170c45b21dfaa6330d241a05,cifar10_iid_federaser_r1/seed4/compromised,,545098
cifar10_iid_federaser_r1,cifar10,simplecnn,iid,20,4,0.5,40,2,64,sgd,0.01,configs/cifar10_iid_federaser_r1.json,1baf2e4a28de9cb92fadab4c72d6aba2b2d526a5170c45b21dfaa6330d241a05,1.0,4,federaser,0.6247,0.030111111111111113,0.694,0.025,75.75805282592773,completed,checkpoints/cifar10_iid_federaser_r1/seed4/federaser_alpha1.00.pt,1b5a527c9c23ade9769dcaa238aa3668d2238183d5a60eae28402eac12452697,cifar10_iid_federaser_r1/seed4/federaser_alpha1.00,0 1 2 3,545098
cifar10_iid_federaser_r1,cifar10,simplecnn,iid,20,4,0.5,40,2,64,sgd,0.01,configs/cifar10_iid_federaser_r1.json,1baf2e4a28de9cb92fadab4c72d6aba2b2d526a5170c45b21dfaa6330d241a05,1.0,4,full_retrain,0.694,0.025,0.694,0.025,147.40880298614502,completed,checkpoints/cifar10_iid_federaser_r1/seed4/full_retrain_alpha1.00.pt,73a3ddf073426fb9fb0a12f34301b5b95092af2eb987d7e82d668d3f8ff2814c,cifar10_iid_federaser_r1/seed4/full_retrain_alpha1.00,0 1 2 3,545098
gtsrb_iid,gtsrb,simplecnn,iid,20,4,0.5,40,2,64,sgd,0.01,configs/gtsrb_iid.json,f653ed1444f0b5525cccbcb32f97a61b0f97e64a08645da48152ed6443d97ff8,0.0,0,before,0.8319873317498021,0.8408114558472554,,,73.91638827323914,completed,checkpoints/gtsrb_iid/seed0/compromised.pt,f653ed1444f0b5525cccbcb32f97a61b0f97e64a08645da48152ed6443d97ff8,gtsrb_iid/seed0/compromised,,549355
gtsrb_iid,gtsrb,simplecnn,iid,20,4,0.5,40,2,64,sgd,0.01,configs/gtsrb_iid.json,f653ed1444f0b5525cccbcb32f97a61b0f97e64a08645da48152ed6443d97ff8,0.25,0,federaser,0.44813935075217737,0.8447891805887032,0.8229612034837688,0.7796340493237868,18.98400068283081,completed,checkpoints/gtsrb_iid/seed0/federaser_alpha0.25.pt,157edea3c5ac67a763f0e837e81b500aaf41f4a6d0ee47b573f0b94328d615b2,gtsrb_iid/seed0/federaser_alpha0.25,0,549355
gtsrb_iid,gtsrb,simplecnn,iid,20,4,0.5,40,2,64,sgd,0.01,configs/gtsrb_iid.json,f653ed1444f0b5525cccbcb32f97a61b0f97e64a08645da48152ed6443d97ff8,0.25,0,full_retrain,0.8229612034837688,0.7796340493237868,0.8229612034837688,0.7796340493237868,67.80535674095154,completed,checkpoints/gtsrb_iid/seed0/full_retrain_alpha0.25.pt,dc77c4ebfb337aafb19250bdbffaee1b2b4573e66ae0284318123069acca51ee,gtsrb_iid/seed0/full_retrain_alpha0.25,0,549355
gtsrb_iid,gtsrb,simplecnn,iid,20,4,0.5,40,2,64,sgd,0.01,configs/gtsrb_iid.json,f653ed1444f0b5525cccbcb32f97a61b0f97e64a08645da48152ed6443d97ff8,0.25,0,grad_negation,0.8385589865399842,0.811217183770883,0.8229612034837688,0.7796340493237868,9.19421124458313,completed,checkpoints/gtsrb_iid/seed0/grad_negation_alpha0.25.pt,015c73a7acf27543c0e6aa546cbe2a152f8190fd17870e46abdff922b1b32e76,gtsrb_iid/seed0/grad_negation_alpha0.25,0,549355
gtsrb_iid,gtsrb,simplecnn,iid,20,4,0.5,40,2,64,sgd,0.01,configs/gtsrb_iid.json,f653ed1444f0b5525cccbcb32f97a61b0f97e64a08645da48152ed6443d97ff8,0.25,0,short_retrain,0.8371338083927158,0.8562450278440732,0.8229612034837688,0.7796340493237868,8.204348802566528,completed,checkpoints/gtsrb_iid/seed0/short_retrain_alpha0.25.pt,ff05d8f6e0a10e86cd982a592530d578fa46af7d60d052e218c6777e0bd4586d,gtsrb_iid/seed0/short_retrain_alpha0.25,0,549355
gtsrb_iid,gtsrb,simplecnn,iid,20,4,0.5,40,2,64,sgd,0.01,configs/gtsrb_iid.json,f653ed1444f0b5525cccbcb32f97a61b0f97e64a08645da48152ed6443d97ff8,0.5,0,federaser,0.4399049881235154,0.7439936356404137,0.8231987331749802,0.7183770883054893,17.59245204925537,completed,checkpoints/gtsrb_iid/seed0/federaser_alpha0.50.pt,511a75bb957b784a086d72055deb968d30c743ba0b55c860922d7b383e1420eb,gtsrb_iid/seed0/federaser_alpha0.50,0 1,549355
gtsrb_iid,gtsrb,simplecnn,iid,20,4,0.5,40,2,64,sgd,0.01,configs/gtsrb_iid.json,f653ed1444f0b5525cccbcb32f97a61b0f97e64a08645da48152ed6443d97ff8,0.5,0,full_retrain,0.8231987331749802,0.7183770883054893,0.8231987331749802,0.7183770883054893,66.1825041770935,completed,checkpoints/gtsrb_iid/seed0/full_retrain_alpha0.50.pt,5fa6a9894c3cab96d6a7ade6dd1934a2479d1f64428b4954cc1a35048a6a7c7a,gtsrb_iid/seed0/full_retrain_alpha0.50,0 1,549355
gtsrb_iid,gtsrb,simplecnn,iid,20,4,0.5,40,2,64,sgd,0.01,configs/gtsrb_iid.json,f653ed1444f0b5525cccbcb32f97a61b0f97e64a08645da48152ed6443d97ff8,0.5,0,grad_negation,0.8391132224861441,0.7795544948289579,0.8231987331749802,0.7183770883054893,8.850205898284912,completed,checkpoints/gtsrb_iid/seed0/grad_negation_alpha0.50.pt,f83c50dd52ce8f747babbd4ba2ba92f6350d1b3d182699941c0cb2fa6738e2ac,gtsrb_iid/seed0/grad_negation_alpha0.50,0 1,549355
gtsrb_iid,gtsrb,simplecnn,iid,20,4,0.5,40,2,64,sgd,0.01,configs/gtsrb_iid.json,f653ed1444f0b5525cccbcb32f97a61b0f97e64a08645da48152ed6443d97ff8,0.5,0,short_retrain,0.8382422802850357,0.8344470962609387,0.8231987331749802,0.7183770883054893,8.45007586479187,completed,checkpoints/gtsrb_iid/seed0/short_retrain_alpha0.50.pt,25c17dad9abc32bb9a92de87b1eed2a6d01c204043a6bf31a6021a5015313277,gtsrb_iid/seed0/short_retrain_alpha0.50,0 1,549355
gtsrb_iid,gtsrb,simplecnn,iid,20,4,0.5,40,2,64,sgd,0.01,configs/gtsrb_iid.json,f653ed1444f0b5525cccbcb32f97a61b0f97e64a08645da48152ed6443d97ff8,0.75,0,federaser,0.4433887569279493,0.4116945107398568,0.815360253365004,0.5655529037390613,17.255117177963257,completed,checkpoints/gtsrb_iid/seed0/federaser_alpha0.75.pt,8f76d0a4d400078c6f3b18f5753e3e723eb6aa0525dd447acb2962516ef46bbb,gtsrb_iid/seed0/federaser_alpha0.75,0 1 2,549355
gtsrb_iid,gtsrb,simplecnn,iid,20,4,0.5,40,2,64,sgd,0.01,configs/gtsrb_iid.json,f653ed1444f0b5525cccbcb32f97a61b0f97e64a08645da48152ed6443d97ff8,0.75,0,full_retrain,0.815360253365004,0.5655529037390613,0.815360253365004,0.5655529037390613,64.9501371383667,completed,checkpoints/gtsrb_iid/seed0/full_retrain_alpha0.75.pt,27f0825076ea2381946445b73834409b6fd20ef6583267639ccaa56a0f5569ad,gtsrb_iid/seed0/full_retrain_alpha0.75,0 1 2,549355
gtsrb_iid,gtsrb,simplecnn,iid,20,4,0.5,40,2,64,sgd,0.01,configs/gtsrb_iid.json,f653ed1444f0b5525cccbcb32f97a61b0f97e64a08645da48152ed6443d97ff8,0.75,0,grad_negation,0.8411718131433096,0.7400159108989658,0.815360253365004,0.5655529037390613,9.133111000061035,completed,checkpoints/gtsrb_iid/seed0/grad_negation_alpha0.75.pt,aad3759604510ddc85116a66ebb3af10d3b496d4e8150a5042641c57f35b3cfd,gtsrb_iid/seed0/grad_negation_alpha0.75,0 1 2,549355
gtsrb_iid,gtsrb,simplecnn,iid,20,4,0.5,40,2,64,sgd,0.01,configs/gtsrb_iid.json,f653ed1444f0b5525cccbcb32f97a61b0f97e64a08645da48152ed6443d97ff8,0.75,0,short_retrain,0.8383214568487728,0.8029435163086714,0.815360253365004,0.5655529037390613,7.57044792175293,completed,checkpoints/gtsrb_iid/seed0/short_retrain_alpha0.75.pt,37ad8b580218896528da9ed2f8314296e881b3c7c8c0439a66198efb7b6cef66,gtsrb_iid/seed0/short_retrain_alpha0.75,0 1 2,549355
gtsrb_iid,gtsrb,simplecnn,iid,20,4,0.5,40,2,64,sgd,0.01,configs/gtsrb_iid.json,f653ed1444f0b5525cccbcb32f97a61b0f97e64a08645da48152ed6443d97ff8,1.0,0,federaser,0.3857482185273159,0.0,0.8155977830562153,0.0022275258552108194,17.014770984649658,completed,checkpoints/gtsrb_iid/seed0/federaser_alpha1.00.pt,1d6c2e8f281a7856ef08bf50eb317e4bb0e3a477bc71cce890e1a119403e52f0,gtsrb_iid/seed0/federaser_alpha1.00,0 1 2 3,549355
gtsrb_iid,gtsrb,simplecnn,iid,20,4,0.5,40,2,64,sgd,0.01,configs/gtsrb_iid.json,f653ed1444f0b5525cccbcb32f97a61b0f97e64a08645da48152ed6443d97ff8,1.0,0,full_retrain,0.8155977830562153,0.0022275258552108194,0.8155977830562153,0.0022275258552108194,57.08779215812683,completed,checkpoints/gtsrb_iid/seed0/full_retrain_alpha1.00.pt,f2c0b258f14ea0ffaf2b0bb5b4df9f55215f79f19ba350ab1381b34e5a369fbd,gtsrb_iid/seed0/full_retrain_alpha1.00,0 1 2 3,549355
gtsrb_iid,gtsrb,simplecnn,iid,20,4,0.5,40,2,64,sgd,0.01,configs/gtsrb_iid.json,f653ed1444f0b5525cccbcb32f97a61b0f97e64a08645da48152ed6443d97ff8,1.0,0,grad_negation,0.843784639746635,0.33389021479713604,0.8155977830562153,0.0022275258552108194,9.191867113113403,completed,checkpoints/gtsrb_iid/seed0/grad_negation_alpha1.00.pt,9947da837c57a2d5c00426fb4adfea832a47f94fda5d772af621cd2e091f0fb4,gtsrb_iid/seed0/grad_negation_alpha1.00,0 1 2 3,549355
gtsrb_iid,gtsrb,simplecnn,iid,20,4,0.5,40,2,64,sgd,0.01,configs/gtsrb_iid.json,f653ed1444f0b5525cccbcb32f97a61b0f97e64a08645da48152ed6443d97ff8,1.0,0,short_retrain,0.8409342834520982,0.7363564041368338,0.8155977830562153,0.0022275258552108194,7.645771026611328,completed,checkpoints/gtsrb_iid/seed0/short_retrain_alpha1.00.pt,c94f05cea5c952bbc41c90c6ffc6aa65ebcf943b8f618dcda819705004984e8f,gtsrb_iid/seed0/short_retrain_alpha1.00,0 1 2 3,549355
gtsrb_iid,gtsrb,simplecnn,iid,20,4,0.5,40,2,64,sgd,0.01,configs/gtsrb_iid.json,c7d75f9eb05701de6a30bdaa74f4282d4671be568e673be42d4e440d922a2b43,0.0,1,before,0.8353919239904988,0.82824184566428,,,71.96959090232849,completed,checkpoints/gtsrb_iid/seed1/compromised.pt,c7d75f9eb05701de6a30bdaa74f4282d4671be568e673be42d4e440d922a2b43,gtsrb_iid/seed1/compromised,,549355
gtsrb_iid,gtsrb,simplecnn,iid,20,4,0.5,40,2,64,sgd,0.01,configs/gtsrb_iid.json,c7d75f9eb05701de6a30bdaa74f4282d4671be568e673be42d4e440d922a2b43,0.25,1,federaser,0.40451306413301663,0.630151153540175,0.82486144101346,0.7857597454256166,17.941638708114624,completed,checkpoints/gtsrb_iid/seed1/federaser_alpha0.25.pt,a0cd35ed3aa87bd173c7ece30e2513cbb1dd843358f67999dde0e7674489d88f,gtsrb_iid/seed1/federaser_alpha0.25,0,549355
gtsrb_iid,gtsrb,simplecnn,iid,20,4,0.5,40,2,64,sgd,0.01,configs/gtsrb_iid.json,c7d75f9eb05701de6a30bdaa74f4282d4671be568e673be42d4e440d922a2b43,0.25,1,full_retrain,0.82486144101346,0.7857597454256166,0.82486144101346,0.7857597454256166,66.26712489128113,completed,checkpoints/gtsrb_iid/seed1/full_retrain_alpha0.25.pt,97363f04edcdf8d0073fef64bb2edcc20639d16f9e0522a1bf97edf77760b442,gtsrb_iid/seed1/full_retrain_alpha0.25,0,549355
gtsrb_iid,gtsrb,simplecnn,iid,20,4,0.5,40,2,64,sgd,0.01,configs/gtsrb_iid.json,c7d75f9eb05701de6a30bdaa74f4282d4671be568e673be42d4e440d922a2b43,0.25,1,grad_negation,0.8375296912114014,0.7918058870326173,0.82486144101346,0.7857597454256166,8.872205972671509,completed,checkpoints/gtsrb_iid/seed1/grad_negation_alpha0.25.pt,ab5bbbeb96ea4c133c64ac1f443a703afcc96a5d09c99404e7b7ea2a37e8973c,gtsrb_iid/seed1/grad_negation_alpha0.25,0,549355
gtsrb_iid,gtsrb,simplecnn,iid,20,4,0.5,40,2,64,sgd,0.01,configs/gtsrb_iid.json,c7d75f9eb05701de6a30bdaa74f4282d4671be568e673be42d4e440d922a2b43,0.25,1,short_retrain,0.8410134600158353,0.8280827366746221,0.82486144101346,0.7857597454256166,8.155890226364136,completed,checkpoints/gtsrb_iid/seed1/short_retrain_alpha0.25.pt,a09bbf33d7429b31880787ca9f175fa98b4e504c17e624b50128d4c80f7aed96,gtsrb_iid/seed1/short_retrain_alpha0.25,0,549355
gtsrb_iid,gtsrb,simplecnn,iid,20,4,0.5,40,2,64,sgd,0.01,configs/gtsrb_iid.json,c7d75f9eb05701de6a30bdaa74f4282d4671be568e673be42d4e440d922a2b43,0.5,1,federaser,0.4398258115597783,0.6877486077963405,0.8209817893903405,0.7181384248210024,17.468647956848145,completed,checkpoints/gtsrb_iid/seed1/federaser_alpha0.50.pt,d93ec483959b491a74a203115c50287ed3e170adb15bcc8946258d122a8961c5,gtsrb_iid/seed1/federaser_alpha0.50,0 1,549355
gtsrb_iid,gtsrb,simplecnn,iid,20,4,0.5,40,2,64,sgd,0.01,configs/gtsrb_iid.json,c7d75f9eb05701de6a30bdaa74f4282d4671be568e673be42d4e440d922a2b43,0.5,1,full_retrain,0.8209817893903405,0.7181384248210024,0.8209817893903405,0.7181384248210024,62.837255001068115,completed,checkpoints/gtsrb_iid/seed1/full_retrain_alpha0.50.pt,dd5529f506f6f74ae4e8db2b64769a27e0a51e07466f336ffcdd75afd97c9641,gtsrb_iid/seed1/full_retrain_alpha0.50,0 1,549355
gtsrb_iid,gtsrb,simplecnn,iid,20,4,0.5,40,2,64,sgd,0.01,configs/gtsrb_iid.json,c7d75f9eb05701de6a30bdaa74f4282d4671be568e673be42d4e440d922a2b43,0.5,1,grad_negation,0.8384006334125099,0.7571996817820207,0.8209817893903405,0.7181384248210024,8.899233102798462,completed,checkpoints/gtsrb_iid/seed1/grad_negation_alpha0.50.pt,beaf74258bdb0aacb3692e65ead391b761990e404b53227687533ebaf4ef220c,gtsrb_iid/seed1/grad_negation_alpha0.50,0 1,549355
gtsrb_iid,gtsrb,simplecnn,iid,20,4,0.5,40,2,64,sgd,0.01,configs/gtsrb_iid.json,c7d75f9eb05701de6a30bdaa74f4282d4671be568e673be42d4e440d922a2b43,0.5,1,short_retrain,0.841963578780681,0.8128878281622912,0.8209817893903405,0.7181384248210024,8.844863891601562,completed,checkpoints/gtsrb_iid/seed1/short_retrain_alpha0.50.pt,488c178316310d534555768e6d83328cdd54218d4b0f45793771fdeaf94e4414,gtsrb_iid/seed1/short_retrain_alpha0.50,0 1,549355
gtsrb_iid,gtsrb,simplecnn,iid,20,4,0.5,40,2,64,sgd,0.01,configs/gtsrb_iid.json,c7d75f9eb05701de6a30bdaa74f4282d4671be568e673be42d4e440d922a2b43,0.75,1,federaser,0.4542359461599367,0.22856006364359585,0.8198733174980206,0.5972155926809865,16.372791051864624,completed,checkpoints/gtsrb_iid/seed1/federaser_alpha0.75.pt,35fbc9328a6e26db7673c061fad5b2a2ccc1b48641e03fe82647cf7b65942cf1,gtsrb_iid/seed1/federaser_alpha0.75,0 1 2,549355
gtsrb_iid,gtsrb,simplecnn,iid,20,4,0.5,40,2,64,sgd,0.01,configs/gtsrb_iid.json,c7d75f9eb05701de6a30bdaa74f4282d4671be568e673be42d4e440d922a2b43,0.75,1,full_retrain,0.8198733174980206,0.5972155926809865,0.8198733174980206,0.5972155926809865,58.780476331710815,completed,checkpoints/gtsrb_iid/seed1/full_retrain_alpha0.75.pt,91badd2dd643ffee1ec2e351ec109610a1134910503072fe61e370929d87d797,gtsrb_iid/seed1/full_retrain_alpha0.75,0 1 2,549355
gtsrb_iid,gtsrb,simplecnn,iid,20,4,0.5,40,2,64,sgd,0.01,configs/gtsrb_iid.json,c7d75f9eb05701de6a30bdaa74f4282d4671be568e673be42d4e440d922a2b43,0.75,1,grad_negation,0.841963578780681,0.722593476531424,0.8198733174980206,0.5972155926809865,8.452897787094116,completed,checkpoints/gtsrb_iid/seed1/grad_negation_alpha0.75.pt,7036fffc7760cd1c6d692cd3b136d6cacc92d69ed0e31c36c64b25e2e56fe8d2,gtsrb_iid/seed1/grad_negation_alpha0.75,0 1 2,549355
gtsrb_iid,gtsrb,simplecnn,iid,20,4,0.5,40,2,64,sgd,0.01,configs/gtsrb_iid.json,c7d75f9eb05701de6a30bdaa74f4282d4671be568e673be42d4e440d922a2b43,0.75,1,short_retrain,0.8412509897070467,0.7514717581543358,0.8198733174980206,0.5972155926809865,7.843997001647949,completed,checkpoints/gtsrb_iid/seed1/short_retrain_alpha0.75.pt,693cd610c49d5b4d260de91e9554b46cb8f1e95d044dd11838f837f0041a177c,gtsrb_iid/seed1/short_retrain_alpha0.75,0 1 2,549355
gtsrb_iid,gtsrb,simplecnn,iid,20,4,0.5,40,2,64,sgd,0.01,configs/gtsrb_iid.json,c7d75f9eb05701de6a30bdaa74f4282d4671be568e673be42d4e440d922a2b43,1.0,1,federaser,0.421298495645289,0.001511535401750199,0.8220110847189231,0.002386634844868735,15.511679887771606,completed,checkpoints/gtsrb_iid/seed1/federaser_alpha1.00.pt,0ed3c13828cddf2f0e60abfe680fe744e1229da3390947d18240799a6dbc18b8,gtsrb_iid/seed1/federaser_alpha1.00,0 1 2 3,549355
gtsrb_iid,gtsrb,simplecnn,iid,20,4,0.5,40,2,64,sgd,0.01,configs/gtsrb_iid.json,c7d75f9eb05701de6a30bdaa74f4282d4671be568e673be42d4e440d922a2b43,1.0,1,full_retrain,0.8220110847189231,0.002386634844868735,0.8220110847189231,0.002386634844868735,54.98896098136902,completed,checkpoints/gtsrb_iid/seed1/full_retrain_alpha1.00.pt,3c6041ad2f5d61f69b16f22298be0a0f15570e0596006802a0343eb89c743a9e,gtsrb_iid/seed1/full_retrain_alpha1.00,0 1 2 3,549355
gtsrb_iid,gtsrb,simplecnn,iid,20,4,0.5,40,2,64,sgd,0.01,configs/gtsrb_iid.json,c7d75f9eb05701de6a30bdaa74f4282d4671be568e673be42d4e440d922a2b43,1.0,1,grad_negation,0.8442596991290579,0.14192521877486078,0.8220110847189231,0.002386634844868735,8.439236879348755,completed,checkpoints/gtsrb_iid/seed1/grad_negation_alpha1.00.pt,cb54cfa89b48355ba602e444b0607ea04a9e2496bbea9a34c70693bfa1a024e1,gtsrb_iid/seed1/grad_negation_alpha1.00,0 1 2 3,549355
gtsrb_iid,gtsrb,simplecnn,iid,20,4,0.5,40,2,64,sgd,0.01,configs/gtsrb_iid.json,c7d75f9eb05701de6a30bdaa74f4282d4671be568e673be42d4e440d922a2b43,1.0,1,short_retrain,0.8479809976247031,0.6821797931583135,0.8220110847189231,0.002386634844868735,7.3368542194366455,completed,checkpoints/gtsrb_iid/seed1/short_retrain_alpha1.00.pt,83c9488875c2fc4c15c0a5143880a80fde16ba1948689076fdf7076485ff18cc,gtsrb_iid/seed1/short_retrain_alpha1.00,0 1 2 3,549355
gtsrb_iid,gtsrb,simplecnn,iid,20,4,0.5,40,2,64,sgd,0.01,configs/gtsrb_iid.json,87b45a2098ea4a3404e316cb7770c6608916a773f1021ad6acd45d4ded7d8e92,0.0,2,before,0.8193982581155977,0.8645186953062848,,,71.80446887016296,completed,checkpoints/gtsrb_iid/seed2/compromised.pt,87b45a2098ea4a3404e316cb7770c6608916a773f1021ad6acd45d4ded7d8e92,gtsrb_iid/seed2/compromised,,549355
gtsrb_iid,gtsrb,simplecnn,iid,20,4,0.5,40,2,64,sgd,0.01,configs/gtsrb_iid.json,87b45a2098ea4a3404e316cb7770c6608916a773f1021ad6acd45d4ded7d8e92,0.25,2,federaser,0.3986539984164687,0.8704852824184567,0.8235154394299288,0.7954653937947495,18.371639013290405,completed,checkpoints/gtsrb_iid/seed2/federaser_alpha0.25.pt,7f63fce5876c926b362aed666fdb90fe5b021987c407b77a322d02ec8b749f82,gtsrb_iid/seed2/federaser_alpha0.25,0,549355
gtsrb_iid,gtsrb,simplecnn,iid,20,4,0.5,40,2,64,sgd,0.01,configs/gtsrb_iid.json,87b45a2098ea4a3404e316cb7770c6608916a773f1021ad6acd45d4ded7d8e92,0.25,2,full_retrain,0.8235154394299288,0.7954653937947495,0.8235154394299288,0.7954653937947495,69.06429505348206,completed,checkpoints/gtsrb_iid/seed2/full_retrain_alpha0.25.pt,38c1b81dca66fa9e8a6db173d3e8050bdb0fa5b7ec51f90c74e1720927807db4,gtsrb_iid/seed2/full_retrain_alpha0.25,0,549355
gtsrb_iid,gtsrb,simplecnn,iid,20,4,0.5,40,2,64,sgd,0.01,configs/gtsrb_iid.json,87b45a2098ea4a3404e316cb7770c6608916a773f1021ad6acd45d4ded7d8e92,0.25,2,grad_negation,0.8257323832145684,0.8260938743038981,0.8235154394299288,0.7954653937947495,9.449168920516968,completed,checkpoints/gtsrb_iid/seed2/grad_negation_alpha0.25.pt,18c6cb1495c834a00fe31303be5458e39a7bd63ccb419ef688c578da2c1e6f8f,gtsrb_iid/seed2/grad_negation_alpha0.25,0,549355
gtsrb_iid,gtsrb,simplecnn,iid,20,4,0.5,40,2,64,sgd,0.01,configs/gtsrb_iid.json,87b45a2098ea4a3404e316cb7770c6608916a773f1021ad6acd45d4ded7d8e92,0.25,2,short_retrain,0.8292161520190023,0.8428003182179793,0.8235154394299288,0.7954653937947495,8.068333148956299,completed,checkpoints/gtsrb_iid/seed2/short_retrain_alpha0.25.pt,9ff804f46f272a50d81cc0d971c5a928464a684607a5058f6a22e6cdafe6b041,gtsrb_iid/seed2/short_retrain_alpha0.25,0,549355
gtsrb_iid,gtsrb,simplecnn,iid,20,4,0.5,40,2,64,sgd,0.01,configs/gtsrb_iid.json,87b45a2098ea4a3404e316cb7770c6608916a773f1021ad6acd45d4ded7d8e92,0.5,2,federaser,0.4103721298495645,0.6696101829753381,0.8209817893903405,0.7295147175815434,18.09135627746582,completed,checkpoints/gtsrb_iid/seed2/federaser_alpha0.50.pt,c95bc19ea8b8bf57ab5adc245b1c15abcde0c0eeb45fc8e55d2c5dfb403cdbdc,gtsrb_iid/seed2/federaser_alpha0.50,0 1,549355
gtsrb_iid,gtsrb,simplecnn,iid,20,4,0.5,40,2,64,sgd,0.01,configs/gtsrb_iid.json,87b45a2098ea4a3404e316cb7770c6608916a773f1021ad6acd45d4ded7d8e92,0.5,2,full_retrain,0.8209817893903405,0.7295147175815434,0.8209817893903405,0.7295147175815434,65.83584713935852,completed,checkpoints/gtsrb_iid/seed2/full_retrain_alpha0.50.pt,80887c1c7ba5edf393910a47bf187bd29407a10b5eaa96f1d7f9a0451ae3bd0f,gtsrb_iid/seed2/full_retrain_alpha0.50,0 1,549355
gtsrb_iid,gtsrb,simplecnn,iid,20,4,0.5,40,2,64,sgd,0.01,configs/gtsrb_iid.json,87b45a2098ea4a3404e316cb7770c6608916a773f1021ad6acd45d4ded7d8e92,0.5,2,grad_negation,0.8358669833729216,0.7962609387430389,0.8209817893903405,0.7295147175815434,8.819636106491089,completed,checkpoints/gtsrb_iid/seed2/grad_negation_alpha0.50.pt,8f0adf25c1c866d30d7b6992f160ab0147f634e5ad768ea5078b301f41a9db9e,gtsrb_iid/seed2/grad_negation_alpha0.50,0 1,549355
gtsrb_iid,gtsrb,simplecnn,iid,20,4,0.5,40,2,64,sgd,0.01,configs/gtsrb_iid.json,87b45a2098ea4a3404e316cb7770c6608916a773f1021ad6acd45d4ded7d8e92,0.5,2,short_retrain,0.8308788598574822,0.8262529832935561,0.8209817893903405,0.7295147175815434,8.799475908279419,completed,checkpoints/gtsrb_iid/seed2/short_retrain_alpha0.50.pt,ab5c133be4c1e73bffb0f893643a7d57ae349e76ee19332c02f10de7afcf54ca,gtsrb_iid/seed2/short_retrain_alpha0.50,0 1,549355
gtsrb_iid,gtsrb,simplecnn,iid,20,4,0.5,40,2,64,sgd,0.01,configs/gtsrb_iid.json,87b45a2098ea4a3404e316cb7770c6608916a773f1021ad6acd45d4ded7d8e92,0.75,2,federaser,0.40380047505938244,0.241527446300716,0.8200316706254949,0.5947494033412888,17.457183122634888,completed,checkpoints/gtsrb_iid/seed2/federaser_alpha0.75.pt,a755973a64a928b05e816c32d4e41cd2f826b93581c9b1d3990170ab070302c1,gtsrb_iid/seed2/federaser_alpha0.75,0 1 2,549355
gtsrb_iid,gtsrb,simplecnn,iid,20,4,0.5,40,2,64,sgd,0.01,configs/gtsrb_iid.json,87b45a2098ea4a3404e316cb7770c6608916a773f1021ad6acd45d4ded7d8e92,0.75,2,full_retrain,0.8200316706254949,0.5947494033412888,0.8200316706254949,0.5947494033412888,60.90534710884094,completed,checkpoints/gtsrb_iid/seed2/full_retrain_alpha0.75.pt,cfd096a44b3e36dda1eb4c59c742da73f20a2c063a65a211669ee6f26aaeb678,gtsrb_iid/seed2/full_retrain_alpha0.75,0 1 2,549355
gtsrb_iid,gtsrb,simplecnn,iid,20,4,0.5,40,2,64,sgd,0.01,configs/gtsrb_iid.json,87b45a2098ea4a3404e316cb7770c6608916a773f1021ad6acd45d4ded7d8e92,0.75,2,grad_negation,0.8243072050673,0.7568019093078759,0.8200316706254949,0.5947494033412888,9.20873475074768,completed,checkpoints/gtsrb_iid/seed2/grad_negation_alpha0.75.pt,c883c92620798fa7c86c62b4a12cd6dfbd34acacb9068275e32a01a6b8bd79be,gtsrb_iid/seed2/grad_negation_alpha0.75,0 1 2,549355
gtsrb_iid,gtsrb,simplecnn,iid,20,4,0.5,40,2,64,sgd,0.01,configs/gtsrb_iid.json,87b45a2098ea4a3404e316cb7770c6608916a773f1021ad6acd45d4ded7d8e92,0.75,2,short_retrain,0.8265241488519398,0.7949085123309467,0.8200316706254949,0.5947494033412888,8.045752048492432,completed,checkpoints/gtsrb_iid/seed2/short_retrain_alpha0.75.pt,7f5624c91029b7c67f176dbeab92738ed8c8078cca2a5f4c8905fed98af0e1b9,gtsrb_iid/seed2/short_retrain_alpha0.75,0 1 2,549355
gtsrb_iid,gtsrb,simplecnn,iid,20,4,0.5,40,2,64,sgd,0.01,configs/gtsrb_iid.json,87b45a2098ea4a3404e316cb7770c6608916a773f1021ad6acd45d4ded7d8e92,1.0,2,federaser,0.3927157561361837,7.955449482895784e-05,0.818923198733175,0.001511535401750199,15.62699007987976,completed,checkpoints/gtsrb_iid/seed2/federaser_alpha1.00.pt,8598ae1b9bf4b41f5941bde7c461117319a33ff40080a062e0199feb5e883d50,gtsrb_iid/seed2/federaser_alpha1.00,0 1 2 3,549355
gtsrb_iid,gtsrb,simplecnn,iid,20,4,0.5,40,2,64,sgd,0.01,configs/gtsrb_iid.json,87b45a2098ea4a3404e316cb7770c6608916a773f1021ad6acd45d4ded7d8e92,1.0,2,full_retrain,0.818923198733175,0.001511535401750199,0.818923198733175,0.001511535401750199,57.45990967750549,completed,checkpoints/gtsrb_iid/seed2/full_retrain_alpha1.00.pt,2a3b5dfb109f4590b19959b095db7e4a4cf0c142dffa798861cb6c51625d4efc,gtsrb_iid/seed2/full_retrain_alpha1.00,0 1 2 3,549355
gtsrb_iid,gtsrb,simplecnn,iid,20,4,0.5,40,2,64,sgd,0.01,configs/gtsrb_iid.json,87b45a2098ea4a3404e316cb7770c6608916a773f1021ad6acd45d4ded7d8e92,1.0,2,grad_negation,0.8344418052256533,0.18257756563245822,0.818923198733175,0.001511535401750199,8.7617027759552,completed,checkpoints/gtsrb_iid/seed2/grad_negation_alpha1.00.pt,13f48dff45caf12da478e028b0ded26d08206048e6e3fb383c15a2334d0c821c,gtsrb_iid/seed2/grad_negation_alpha1.00,0 1 2 3,549355
gtsrb_iid,gtsrb,simplecnn,iid,20,4,0.5,40,2,64,sgd,0.01,configs/gtsrb_iid.json,87b45a2098ea4a3404e316cb7770c6608916a773f1021ad6acd45d4ded7d8e92,1.0,2,short_retrain,0.8218527315914489,0.7041368337311058,0.818923198733175,0.001511535401750199,7.7844719886779785,completed,checkpoints/gtsrb_iid/seed2/short_retrain_alpha1.00.pt,8992adab2667593f64c44d1493a27da1780b563bc4c7d2c7cb327e99696c5a10,gtsrb_iid/seed2/short_retrain_alpha1.00,0 1 2 3,549355
gtsrb_iid,gtsrb,simplecnn,iid,20,4,0.5,40,2,64,sgd,0.01,configs/gtsrb_iid.json,0d6d68c3f1313b4bad209a72227815f6043275052483b864d2688ac3273bcb8a,0.0,3,before,0.8194774346793349,0.7985680190930787,,,87.18236708641052,completed,checkpoints/gtsrb_iid/seed3/compromised.pt,0d6d68c3f1313b4bad209a72227815f6043275052483b864d2688ac3273bcb8a,gtsrb_iid/seed3/compromised,,549355
gtsrb_iid,gtsrb,simplecnn,iid,20,4,0.5,40,2,64,sgd,0.01,configs/gtsrb_iid.json,0d6d68c3f1313b4bad209a72227815f6043275052483b864d2688ac3273bcb8a,0.25,3,federaser,0.4454473475851148,0.8031026252983293,0.8265241488519398,0.747175815433572,25.327836751937866,completed,checkpoints/gtsrb_iid/seed3/federaser_alpha0.25.pt,7b73399f9a54fced84b9af4f5ddb4ca3df2f40d0d0a68591407dc99454a87ae8,gtsrb_iid/seed3/federaser_alpha0.25,0,549355
gtsrb_iid,gtsrb,simplecnn,iid,20,4,0.5,40,2,64,sgd,0.01,configs/gtsrb_iid.json,0d6d68c3f1313b4bad209a72227815f6043275052483b864d2688ac3273bcb8a,0.25,3,full_retrain,0.8265241488519398,0.747175815433572,0.8265241488519398,0.747175815433572,83.64493799209595,completed,checkpoints/gtsrb_iid/seed3/full_retrain_alpha0.25.pt,718718b8b85668ff6a664a19c0b85cc52b4be85cdd4c95ecfd3f2a5de9e59f33,gtsrb_iid/seed3/full_retrain_alpha0.25,0,549355
gtsrb_iid,gtsrb,simplecnn,iid,20,4,0.5,40,2,64,sgd,0.01,configs/gtsrb_iid.json,0d6d68c3f1313b4bad209a72227815f6043275052483b864d2688ac3273bcb8a,0.25,3,grad_negation,0.8186856690419636,0.7703261734287987,0.8265241488519398,0.747175815433572,11.783179998397827,completed,checkpoints/gtsrb_iid/seed3/grad_negation_alpha0.25.pt,e466a8e0840b767739f3ff81c4af889878618ecce3f28a2248c53ba1eba68ce8,gtsrb_iid/seed3/grad_negation_alpha0.25,0,549355
gtsrb_iid,gtsrb,simplecnn,iid,20,4,0.5,40,2,64,sgd,0.01,configs/gtsrb_iid.json,0d6d68c3f1313b4bad209a72227815f6043275052483b864d2688ac3273bcb8a,0.25,3,short_retrain,0.8218527315914489,0.8034208432776452,0.8265241488519398,0.747175815433572,10.917597770690918,completed,checkpoints/gtsrb_iid/seed3/short_retrain_alpha0.25.pt,9eb703b25f15c76f56631ed241bbe2ad21a98c06287166ca69fd585059eefbe5,gtsrb_iid/seed3/short_retrain_alpha0.25,0,549355
gtsrb_iid,gtsrb,simplecnn,iid,20,4,0.5,40,2,64,sgd,0.01,configs/gtsrb_iid.json,0d6d68c3f1313b4bad209a72227815f6043275052483b864d2688ac3273bcb8a,0.5,3,federaser,0.47759303246239115,0.6878281622911695,0.830720506730008,0.6954653937947494,20.849536895751953,completed,checkpoints/gtsrb_iid/seed3/federaser_alpha0.50.pt,6a3ce6b740b4e97bb389e1cf6f625ae8501441c14acbd25d8543c8cac1a8470f,gtsrb_iid/seed3/federaser_alpha0.50,0 1,549355
gtsrb_iid,gtsrb,simplecnn,iid,20,4,0.5,40,2,64,sgd,0.01,configs/gtsrb_iid.json,0d6d68c3f1313b4bad209a72227815f6043275052483b864d2688ac3273bcb8a,0.5,3,full_retrain,0.830720506730008,0.6954653937947494,0.830720506730008,0.6954653937947494,78.1827118396759,completed,checkpoints/gtsrb_iid/seed3/full_retrain_alpha0.50.pt,904c0d1066e3bb900d76d90d451fa9f0f5ac7763c2e28ca5b8c88ff17630e757,gtsrb_iid/seed3/full_retrain_alpha0.50,0 1,549355
gtsrb_iid,gtsrb,simplecnn,iid,20,4,0.5,40,2,64,sgd,0.01,configs/gtsrb_iid.json,0d6d68c3f1313b4bad209a72227815f6043275052483b864d2688ac3273bcb8a,0.5,3,grad_negation,0.8294536817102138,0.7369928400954654,0.830720506730008,0.6954653937947494,10.497777938842773,completed,checkpoints/gtsrb_iid/seed3/grad_negation_alpha0.50.pt,55ba08550fe814505be384b482a836cb0f731f8d3bbafde36429a8defc4d958b,gtsrb_iid/seed3/grad_negation_alpha0.50,0 1,549355
gtsrb_iid,gtsrb,simplecnn,iid,20,4,0.5,40,2,64,sgd,0.01,configs/gtsrb_iid.json,0d6d68c3f1313b4bad209a72227815f6043275052483b864d2688ac3273bcb8a,0.5,3,short_retrain,0.8232779097387174,0.7858392999204455,0.830720506730008,0.6954653937947494,9.548711061477661,completed,checkpoints/gtsrb_iid/seed3/short_retrain_alpha0.50.pt,c3c4d9c1f7aa4d7f2815a46f4020980f8bf31fdf1fcf3d906278eed347db94eb,gtsrb_iid/seed3/short_retrain_alpha0.50,0 1,549355
gtsrb_iid,gtsrb,simplecnn,iid,20,4,0.5,40,2,64,sgd,0.01,configs/gtsrb_iid.json,0d6d68c3f1313b4bad209a72227815f6043275052483b864d2688ac3273bcb8a,0.75,3,federaser,0.5118764845605701,0.416945107398568,0.8311163895486936,0.5912490055688147,28.433292865753174,completed,checkpoints/gtsrb_iid/seed3/federaser_alpha0.75.pt,02734e437d61ad5b6d04d9ad832301c74aeacd326110db91f47b03b71a09423d,gtsrb_iid/seed3/federaser_alpha0.75,0 1 2,549355
gtsrb_iid,gtsrb,simplecnn,iid,20,4,0.5,40,2,64,sgd,0.01,configs/gtsrb_iid.json,0d6d68c3f1313b4bad209a72227815f6043275052483b864d2688ac3273bcb8a,0.75,3,full_retrain,0.8311163895486936,0.5912490055688147,0.8311163895486936,0.5912490055688147,96.55374097824097,completed,checkpoints/gtsrb_iid/seed3/full_retrain_alpha0.75.pt,077933cb127706227d6efec3bc3d67079facb14ea4edec5f0878f59e9c104eb6,gtsrb_iid/seed3/full_retrain_alpha0.75,0 1 2,549355
gtsrb_iid,gtsrb,simplecnn,iid,20,4,0.5,40,2,64,sgd,0.01,configs/gtsrb_iid.json,0d6d68c3f1313b4bad209a72227815f6043275052483b864d2688ac3273bcb8a,0.75,3,grad_negation,0.8291369754552652,0.6677804295942721,0.8311163895486936,0.5912490055688147,14.595788955688477,completed,checkpoints/gtsrb_iid/seed3/grad_negation_alpha0.75.pt,2079f71bb6c18c115b22728076baa4d1e00fb6338a9103c67717df78390c5bf9,gtsrb_iid/seed3/grad_negation_alpha0.75,0 1 2,549355
gtsrb_iid,gtsrb,simplecnn,iid,20,4,0.5,40,2,64,sgd,0.01,configs/gtsrb_iid.json,0d6d68c3f1313b4bad209a72227815f6043275052483b864d2688ac3273bcb8a,0.75,3,short_retrain,0.8205859065716548,0.7293556085918854,0.8311163895486936,0.5912490055688147,12.86195182800293,completed,checkpoints/gtsrb_iid/seed3/short_retrain_alpha0.75.pt,351f7ece4141dd48dbf7f35ffc8507fbf5c18d850e5f01863912b345b24d9a8c,gtsrb_iid/seed3/short_retrain_alpha0.75,0 1 2,549355
gtsrb_iid,gtsrb,simplecnn,iid,20,4,0.5,40,2,64,sgd,0.01,configs/gtsrb_iid.json,0d6d68c3f1313b4bad209a72227815f6043275052483b864d2688ac3273bcb8a,1.0,3,federaser,0.4825811559778306,0.0003977724741447892,0.8296912114014252,0.0013524264120922831,23.0524480342865,completed,checkpoints/gtsrb_iid/seed3/federaser_alpha1.00.pt,5d29607dbef6b7f82eae8b4a0e6d98b3c50dbf533c0523d519533c05ca9d699c,gtsrb_iid/seed3/federaser_alpha1.00,0 1 2 3,549355
gtsrb_iid,gtsrb,simplecnn,iid,20,4,0.5,40,2,64,sgd,0.01,configs/gtsrb_iid.json,0d6d68c3f1313b4bad209a72227815f6043275052483b864d2688ac3273bcb8a,1.0,3,full_retrain,0.8296912114014252,0.0013524264120922831,0.8296912114014252,0.0013524264120922831,79.8184928894043,completed,checkpoints/gtsrb_iid/seed3/full_retrain_alpha1.00.pt,3383e8cf47ccf2d6dc7df6d9c7d207b14ac12b599d35c14159c1706a35d6c8d5,gtsrb_iid/seed3/full_retrain_alpha1.00,0 1 2 3,549355
gtsrb_iid,gtsrb,simplecnn,iid,20,4,0.5,40,2,64,sgd,0.01,configs/gtsrb_iid.json,0d6d68c3f1313b4bad209a72227815f6043275052483b864d2688ac3273bcb8a,1.0,3,grad_negation,0.8292953285827395,0.043993635640413684,0.8296912114014252,0.0013524264120922831,12.16113805770874,completed,checkpoints/gtsrb_iid/seed3/grad_negation_alpha1.00.pt,add5ea37b04684511a4f20847b3f62a3632504c269c642cf66ba3fa4efc469fa,gtsrb_iid/seed3/grad_negation_alpha1.00,0 1 2 3,549355
gtsrb_iid,gtsrb,simplecnn,iid,20,4,0.5,40,2,64,sgd,0.01,configs/gtsrb_iid.json,0d6d68c3f1313b4bad209a72227815f6043275052483b864d2688ac3273bcb8a,1.0,3,short_retrain,0.82486144101346,0.6354813046937152,0.8296912114014252,0.0013524264120922831,11.153800964355469,completed,checkpoints/gtsrb_iid/seed3/short_retrain_alpha1.00.pt,ed89565b313525d5fa9af2af0481430f0fbde9499a891faf6f48eb396dc7d47c,gtsrb_iid/seed3/short_retrain_alpha1.00,0 1 2 3,549355
gtsrb_iid,gtsrb,simplecnn,iid,20,4,0.5,40,2,64,sgd,0.01,configs/gtsrb_iid.json,a637079079a2ed54f8ea10e35931d64d6a783177912e93c432d19324ce3a89a3,0.0,4,before,0.8335708630245448,0.839538583929992,,,103.94699168205261,completed,checkpoints/gtsrb_iid/seed4/compromised.pt,a637079079a2ed54f8ea10e35931d64d6a783177912e93c432d19324ce3a89a3,gtsrb_iid/seed4/compromised,,549355
gtsrb_iid,gtsrb,simplecnn,iid,20,4,0.5,40,2,64,sgd,0.01,configs/gtsrb_iid.json,a637079079a2ed54f8ea10e35931d64d6a783177912e93c432d19324ce3a89a3,0.25,4,federaser,0.48558986539984167,0.7578361177406523,0.8364212193190815,0.8003977724741448,27.20291781425476,completed,checkpoints/gtsrb_iid/seed4/federaser_alpha0.25.pt,92eae3bbd0ccee2a2258c3ca616d209e8ac328c6e9c4e3b4d97d2a01a5c3ebcb,gtsrb_iid/seed4/federaser_alpha0.25,0,549355
gtsrb_iid,gtsrb,simplecnn,iid,20,4,0.5,40,2,64,sgd,0.01,configs/gtsrb_iid.json,a637079079a2ed54f8ea10e35931d64d6a783177912e93c432d19324ce3a89a3,0.25,4,full_retrain,0.8364212193190815,0.8003977724741448,0.8364212193190815,0.8003977724741448,98.48565006256104,completed,checkpoints/gtsrb_iid/seed4/full_retrain_alpha0.25.pt,aca9e79cada566ae729349253f373c5d523b803edff254eff80c76b36e091bfc,gtsrb_iid/seed4/full_retrain_alpha0.25,0,549355
gtsrb_iid,gtsrb,simplecnn,iid,20,4,0.5,40,2,64,sgd,0.01,configs/gtsrb_iid.json,a637079079a2ed54f8ea10e35931d64d6a783177912e93c432d19324ce3a89a3,0.25,4,grad_negation,0.8380839271575614,0.8090692124105012,0.8364212193190815,0.8003977724741448,13.84607219696045,completed,checkpoints/gtsrb_iid/seed4/grad_negation_alpha0.25.pt,bf93185155f2fef7d708cb8d1f2ebd87b6954dff81c241fa66cefecaae5f4580,gtsrb_iid/seed4/grad_negation_alpha0.25,0,549355
gtsrb_iid,gtsrb,simplecnn,iid,20,4,0.5,40,2,64,sgd,0.01,configs/gtsrb_iid.json,a637079079a2ed54f8ea10e35931d64d6a783177912e93c432d19324ce3a89a3,0.25,4,short_retrain,0.836104513064133,0.8326968973747017,0.8364212193190815,0.8003977724741448,12.109914064407349,completed,checkpoints/gtsrb_iid/seed4/short_retrain_alpha0.25.pt,80b5909ab5d904b1e8c9822293667fed6c98ba8a420aad07b3d3390841a4b45f,gtsrb_iid/seed4/short_retrain_alpha0.25,0,549355
gtsrb_iid,gtsrb,simplecnn,iid,20,4,0.5,40,2,64,sgd,0.01,configs/gtsrb_iid.json,a637079079a2ed54f8ea10e35931d64d6a783177912e93c432d19324ce3a89a3,0.5,4,federaser,0.5130641330166271,0.7780429594272077,0.836104513064133,0.7579156722354813,26.129765033721924,completed,checkpoints/gtsrb_iid/seed4/federaser_alpha0.50.pt,ce358b4771bf365c729cf9c2e57f25104e513b5cdfe335b8add0958295c84be4,gtsrb_iid/seed4/federaser_alpha0.50,0 1,549355
gtsrb_iid,gtsrb,simplecnn,iid,20,4,0.5,40,2,64,sgd,0.01,configs/gtsrb_iid.json,a637079079a2ed54f8ea10e35931d64d6a783177912e93c432d19324ce3a89a3,0.5,4,full_retrain,0.836104513064133,0.7579156722354813,0.836104513064133,0.7579156722354813,89.6622679233551,completed,checkpoints/gtsrb_iid/seed4/full_retrain_alpha0.50.pt,30493ed241623ace73d9d6495f1955650c1527a3c0546e78065cbade414cea10,gtsrb_iid/seed4/full_retrain_alpha0.50,0 1,549355
gtsrb_iid,gtsrb,simplecnn,iid,20,4,0.5,40,2,64,sgd,0.01,configs/gtsrb_iid.json,a637079079a2ed54f8ea10e35931d64d6a783177912e93c432d19324ce3a89a3,0.5,4,grad_negation,0.840221694378464,0.7746221161495624,0.836104513064133,0.7579156722354813,13.122362852096558,completed,checkpoints/gtsrb_iid/seed4/grad_negation_alpha0.50.pt,c44c3c62adff6e694eeb764af64cf9e380332c815ff84aab63837f180e8e80cf,gtsrb_iid/seed4/grad_negation_alpha0.50,0 1,549355
gtsrb_iid,gtsrb,simplecnn,iid,20,4,0.5,40,2,64,sgd,0.01,configs/gtsrb_iid.json,a637079079a2ed54f8ea10e35931d64d6a783177912e93c432d19324ce3a89a3,0.5,4,short_retrain,0.8411718131433096,0.8007955449482895,0.836104513064133,0.7579156722354813,12.575737237930298,completed,checkpoints/gtsrb_iid/seed4/short_retrain_alpha0.50.pt,512f30ec836cba9d2356b46755ea631da408c829f84da062002bbd0e88ef0827,gtsrb_iid/seed4/short_retrain_alpha0.50,0 1,549355
gtsrb_iid,gtsrb,simplecnn,iid,20,4,0.5,40,2,64,sgd,0.01,configs/gtsrb_iid.json,a637079079a2ed54f8ea10e35931d64d6a783177912e93c432d19324ce3a89a3,0.75,4,federaser,0.4622327790973872,0.3937151949085123,0.8352335708630245,0.6195704057279237,23.463369846343994,completed,checkpoints/gtsrb_iid/seed4/federaser_alpha0.75.pt,f8428c42fa431559eb9c9fc9bd39f09cd82354c9d4b2c0bed8a927a6ccee3bed,gtsrb_iid/seed4/federaser_alpha0.75,0 1 2,549355
gtsrb_iid,gtsrb,simplecnn,iid,20,4,0.5,40,2,64,sgd,0.01,configs/gtsrb_iid.json,a637079079a2ed54f8ea10e35931d64d6a783177912e93c432d19324ce3a89a3,0.75,4,full_retrain,0.8352335708630245,0.6195704057279237,0.8352335708630245,0.6195704057279237,91.30574488639832,completed,checkpoints/gtsrb_iid/seed4/full_retrain_alpha0.75.pt,406a2b6cdd12ebfd271e287ae8d04432fe017c3105426b33e3167a6e37967fa6,gtsrb_iid/seed4/full_retrain_alpha0.75,0 1 2,549355
gtsrb_iid,gtsrb,simplecnn,iid,20,4,0.5,40,2,64,sgd,0.01,configs/gtsrb_iid.json,a637079079a2ed54f8ea10e35931d64d6a783177912e93c432d19324ce3a89a3,0.75,4,grad_negation,0.8429136975455265,0.7197295147175815,0.8352335708630245,0.6195704057279237,12.721427917480469,completed,checkpoints/gtsrb_iid/seed4/grad_negation_alpha0.75.pt,d4a9fc57e770448146e0c35bc750db14bedddccabb7785585683e4d4f9bcae05,gtsrb_iid/seed4/grad_negation_alpha0.75,0 1 2,549355
gtsrb_iid,gtsrb,simplecnn,iid,20,4,0.5,40,2,64,sgd,0.01,configs/gtsrb_iid.json,a637079079a2ed54f8ea10e35931d64d6a783177912e93c432d19324ce3a89a3,0.75,4,short_retrain,0.8414885193982581,0.760461416070008,0.8352335708630245,0.6195704057279237,11.411579847335815,completed,checkpoints/gtsrb_iid/seed4/short_retrain_alpha0.75.pt,aaf398ca1cf7cdf83651afdac274f0f53151c7f483c9912724bb17f21410d6a3,gtsrb_iid/seed4/short_retrain_alpha0.75,0 1 2,549355
gtsrb_iid,gtsrb,simplecnn,iid,20,4,0.5,40,2,64,sgd,0.01,configs/gtsrb_iid.json,a637079079a2ed54f8ea10e35931d64d6a783177912e93c432d19324ce3a89a3,1.0,4,federaser,0.4948535233570863,0.002386634844868735,0.8299287410926366,0.0009546539379474941,24.273846864700317,completed,checkpoints/gtsrb_iid/seed4/federaser_alpha1.00.pt,3a13954ce22b8b17c0998a91a4caf7d98ebe672e9abfc217cb3c949a4f4cdfa8,gtsrb_iid/seed4/federaser_alpha1.00,0 1 2 3,549355
gtsrb_iid,gtsrb,simplecnn,iid,20,4,0.5,40,2,64,sgd,0.01,configs/gtsrb_iid.json,a637079079a2ed54f8ea10e35931d64d6a783177912e93c432d19324ce3a89a3,1.0,4,full_retrain,0.8299287410926366,0.0009546539379474941,0.8299287410926366,0.0009546539379474941,85.17782711982727,completed,checkpoints/gtsrb_iid/seed4/full_retrain_alpha1.00.pt,33de4eef250f566c9c780f6855ec3881873d35c3103f7fa0e4842350680da564,gtsrb_iid/seed4/full_retrain_alpha1.00,0 1 2 3,549355
gtsrb_iid,gtsrb,simplecnn,iid,20,4,0.5,40,2,64,sgd,0.01,configs/gtsrb_iid.json,a637079079a2ed54f8ea10e35931d64d6a783177912e93c432d19324ce3a89a3,1.0,4,grad_negation,0.842596991290578,0.05163086714399363,0.8299287410926366,0.0009546539379474941,12.393059015274048,completed,checkpoints/gtsrb_iid/seed4/grad_negation_alpha1.00.pt,8f3e2e5f408cfba686aecb9919abf5a0e88958d61631b5c19a3a2d90af37387d,gtsrb_iid/seed4/grad_negation_alpha1.00,0 1 2 3,549355
gtsrb_iid,gtsrb,simplecnn,iid,20,4,0.5,40,2,64,sgd,0.01,configs/gtsrb_iid.json,a637079079a2ed54f8ea10e35931d64d6a783177912e93c432d19324ce3a89a3,1.0,4,short_retrain,0.8454473475851149,0.6794749403341289,0.8299287410926366,0.0009546539379474941,11.647823095321655,completed,checkpoints/gtsrb_iid/seed4/short_retrain_alpha1.00.pt,5c93702e043c5b5e4381b4945c9e1058604925f991b0b6062d29c355e7ba229d,gtsrb_iid/seed4/short_retrain_alpha1.00,0 1 2 3,549355
mnist_iid,mnist,simplecnn,iid,20,4,0.5,20,2,64,sgd,0.01,configs/mnist_iid.json,37819b091053cfd090b834a14f3e2cdfcb2614453581bbdd6ac4cbb07e932328,0.0,0,before,0.9862,0.9922394678492239,,,73.52419972419739,completed,checkpoints/mnist_iid/seed0/compromised.pt,37819b091053cfd090b834a14f3e2cdfcb2614453581bbdd6ac4cbb07e932328,mnist_iid/seed0/compromised,,544522
mnist_iid,mnist,simplecnn,iid,20,4,0.5,20,2,64,sgd,0.01,configs/mnist_iid.json,37819b091053cfd090b834a14f3e2cdfcb2614453581bbdd6ac4cbb07e932328,0.25,0,federaser,0.9603,0.570509977827051,0.9866,0.9873614190687361,17.924413919448853,completed,checkpoints/mnist_iid/seed0/federaser_alpha0.25.pt,397e5005e9d22b6d43f4f769e34c70791435f37118b44510adfaab85d88e7296,mnist_iid/seed0/federaser_alpha0.25,0,544522
mnist_iid,mnist,simplecnn,iid,20,4,0.5,20,2,64,sgd,0.01,configs/mnist_iid.json,37819b091053cfd090b834a14f3e2cdfcb2614453581bbdd6ac4cbb07e932328,0.25,0,full_retrain,0.9866,0.9873614190687361,0.9866,0.9873614190687361,77.0105369091034,completed,checkpoints/mnist_iid/seed0/full_retrain_alpha0.25.pt,3f5061c99db95e311157cf50cf54e935ffe27dc4d98123719737e210d02d45d8,mnist_iid/seed0/full_retrain_alpha0.25,0,544522
mnist_iid,mnist,simplecnn,iid,20,4,0.5,20,2,64,sgd,0.01,configs/mnist_iid.json,37819b091053cfd090b834a14f3e2cdfcb2614453581bbdd6ac4cbb07e932328,0.25,0,grad_negation,0.9865,0.9801552106430155,0.9866,0.9873614190687361,19.49473214149475,completed,checkpoints/mnist_iid/seed0/grad_negation_alpha0.25.pt,8266d8d2097cda3b7f8e7efe329214b0fa4bcde9608ba004dc409649f9c6bc98,mnist_iid/seed0/grad_negation_alpha0.25,0,544522
mnist_iid,mnist,simplecnn,iid,20,4,0.5,20,2,64,sgd,0.01,configs/mnist_iid.json,37819b091053cfd090b834a14f3e2cdfcb2614453581bbdd6ac4cbb07e932328,0.25,0,short_retrain,0.9869,0.9945676274944567,0.9866,0.9873614190687361,17.410589933395386,completed,checkpoints/mnist_iid/seed0/short_retrain_alpha0.25.pt,9e362e8a185d816a8a1b1bc5364c1f4187d168d3c9872caff2b0910897e3147f,mnist_iid/seed0/short_retrain_alpha0.25,0,544522
mnist_iid,mnist,simplecnn,iid,20,4,0.5,20,2,64,sgd,0.01,configs/mnist_iid.json,37819b091053cfd090b834a14f3e2cdfcb2614453581bbdd6ac4cbb07e932328,0.5,0,federaser,0.9611,0.12416851441241686,0.9866,0.9747228381374723,27.958489179611206,completed,checkpoints/mnist_iid/seed0/federaser_alpha0.50.pt,7d35e52413fad7e8c6a0b882e183efc236014a4b69330eaad3aefcd68111d660,mnist_iid/seed0/federaser_alpha0.50,0 1,544522
mnist_iid,mnist,simplecnn,iid,20,4,0.5,20,2,64,sgd,0.01,configs/mnist_iid.json,37819b091053cfd090b834a14f3e2cdfcb2614453581bbdd6ac4cbb07e932328,0.5,0,full_retrain,0.9866,0.9747228381374723,0.9866,0.9747228381374723,88.52475380897522,completed,checkpoints/mnist_iid/seed0/full_retrain_alpha0.50.pt,edd5d90fd85c675862e29415327e220e3a6353cfe8083615b69e973fd590bed8,mnist_iid/seed0/full_retrain_alpha0.50,0 1,544522
mnist_iid,mnist,simplecnn,iid,20,4,0.5,20,2,64,sgd,0.01,configs/mnist_iid.json,37819b091053cfd090b834a14f3e2cdfcb2614453581bbdd6ac4cbb07e932328,0.5,0,grad_negation,0.9866,0.9445676274944568,0.9866,0.9747228381374723,33.982600927352905,completed,checkpoints/mnist_iid/seed0/grad_negation_alpha0.50.pt,0a45d0efe0f0d869fb47a85cb2e63366b6a6046094da35cd5a7a416d7f81f8e0,mnist_iid/seed0/grad_negation_alpha0.50,0 1,544522
mnist_iid,mnist,simplecnn,iid,20,4,0.5,20,2,64,sgd,0.01,configs/mnist_iid.json,37819b091053cfd090b834a14f3e2cdfcb2614453581bbdd6ac4cbb07e932328,0.5,0,short_retrain,0.9876,0.9921286031042129,0.9866,0.9747228381374723,24.80133605003357,completed,checkpoints/mnist_iid/seed0/short_retrain_alpha0.50.pt,959a8d39d84574d5cd3c519f5462a1bfcf7e2904df4c1bb98b037de039281ee7,mnist_iid/seed0/short_retrain_alpha0.50,0 1,544522
mnist_iid,mnist,simplecnn,iid,20,4,0.5,20,2,64,sgd,0.01,configs/mnist_iid.json,37819b091053cfd090b834a14f3e2cdfcb2614453581bbdd6ac4cbb07e932328,0.75,0,federaser,0.9632,0.02328159645232816,0.987,0.8537694013303769,17.74659299850464,completed,checkpoints/mnist_iid/seed0/federaser_alpha0.75.pt,b72a45e941e462cf118e075f5612b408a54795af6411cc437435c45010a3095e,mnist_iid/seed0/federaser_alpha0.75,0 1 2,544522
mnist_iid,mnist,simplecnn,iid,20,4,0.5,20,2,64,sgd,0.01,configs/mnist_iid.json,37819b091053cfd090b834a14f3e2cdfcb2614453581bbdd6ac4cbb07e932328,0.75,0,full_retrain,0.987,0.8537694013303769,0.987,0.8537694013303769,64.49432611465454,completed,checkpoints/mnist_iid/seed0/full_retrain_alpha0.75.pt,3f2e089f1826c8cc7fd115d9fb85de6a855ff3a0ca2e8ae13d0738c2380b1123,mnist_iid/seed0/full_retrain_alpha0.75,0 1 2,544522
mnist_iid,mnist,simplecnn,iid,20,4,0.5,20,2,64,sgd,0.01,configs/mnist_iid.json,37819b091053cfd090b834a14f3e2cdfcb2614453581bbdd6ac4cbb07e932328,0.75,0,grad_negation,0.9863,0.8645232815964523,0.987,0.8537694013303769,22.243555068969727,completed,checkpoints/mnist_iid/seed0/grad_negation_alpha0.75.pt,8ad47607343a7759649d18ff7f82003852ac5b2ded204634bc04ceb5aaf924f0,mnist_iid/seed0/grad_negation_alpha0.75,0 1 2,544522
mnist_iid,mnist,simplecnn,iid,20,4,0.5,20,2,64,sgd,0.01,configs/mnist_iid.json,37819b091053cfd090b834a14f3e2cdfcb2614453581bbdd6ac4cbb07e932328,0.75,0,short_retrain,0.9875,0.9830376940133038,0.987,0.8537694013303769,15.642229080200195,completed,checkpoints/mnist_iid/seed0/short_retrain_alpha0.75.pt,437653cabef0dd0b4d9e921ff06f2057f109770efc2b19efb6131f5b99fcb5be,mnist_iid/seed0/short_retrain_alpha0.75,0 1 2,544522
mnist_iid,mnist,simplecnn,iid,20,4,0.5,20,2,64,sgd,0.01,configs/mnist_iid.json,37819b091053cfd090b834a14f3e2cdfcb2614453581bbdd6ac4cbb07e932328,1.0,0,federaser,0.9656,0.003658536585365854,0.9867,0.0014412416851441242,16.005463123321533,completed,checkpoints/mnist_iid/seed0/federaser_alpha1.00.pt,5f353b4754a173b993931930f8cdee24ef432c836a94eae7fbc534fb122317c6,mnist_iid/seed0/federaser_alpha1.00,0 1 2 3,544522
mnist_iid,mnist,simplecnn,iid,20,4,0.5,20,2,64,sgd,0.01,configs/mnist_iid.json,37819b091053cfd090b834a14f3e2cdfcb2614453581bbdd6ac4cbb07e932328,1.0,0,full_retrain,0.9867,0.0014412416851441242,0.9867,0.0014412416851441242,59.57156300544739,completed,checkpoints/mnist_iid/seed0/full_retrain_alpha1.00.pt,dd941eac3ff292b952d532e0cf7afc5785b1b78221abef3a87f6261eee66c80a,mnist_iid/seed0/full_retrain_alpha1.00,0 1 2 3,544522
mnist_iid,mnist,simplecnn,iid,20,4,0.5,20,2,64,sgd,0.01,configs/mnist_iid.json,37819b091053cfd090b834a14f3e2cdfcb2614453581bbdd6ac4cbb07e932328,1.0,0,grad_negation,0.9856,0.5057649667405765,0.9867,0.0014412416851441242,23.023885011672974,completed,checkpoints/mnist_iid/seed0/grad_negation_alpha1.00.pt,a28f55ecb8cd8c6e24bc1801639663c7990f1a09dc77dc9bb5e8d60bc024c45f,mnist_iid/seed0/grad_negation_alpha1.00,0 1 2 3,544522
mnist_iid,mnist,simplecnn,iid,20,4,0.5,20,2,64,sgd,0.01,configs/mnist_iid.json,37819b091053cfd090b834a14f3e2cdfcb2614453581bbdd6ac4cbb07e932328,1.0,0,short_retrain,0.9869,0.9708425720620842,0.9867,0.0014412416851441242,15.536757946014404,completed,checkpoints/mnist_iid/seed0/short_retrain_alpha1.00.pt,4ac72459a94bd87e327aca5d29b2279486d03378a623f27d553dc7905d7b3625,mnist_iid/seed0/short_retrain_alpha1.00,0 1 2 3,544522
mnist_iid,mnist,simplecnn,iid,20,4,0.5,20,2,64,sgd,0.01,configs/mnist_iid.json,37677392c176ee8f5190698a8ac7023322814b5a0332784b2a27c80367d04705,0.0,1,before,0.9845,0.9939024390243902,,,73.77835011482239,completed,checkpoints/mnist_iid/seed1/compromised.pt,37677392c176ee8f5190698a8ac7023322814b5a0332784b2a27c80367d04705,mnist_iid/seed1/compromised,,544522
mnist_iid,mnist,simplecnn,iid,20,4,0.5,20,2,64,sgd,0.01,configs/mnist_iid.json,37677392c176ee8f5190698a8ac7023322814b5a0332784b2a27c80367d04705,0.25,1,federaser,0.9611,0.6260532150776054,0.9859,0.9882483370288249,18.94403386116028,completed,checkpoints/mnist_iid/seed1/federaser_alpha0.25.pt,79f71616214c10af88f3ca86b26c275348befed9852d707c5aec2d469b81c7f1,mnist_iid/seed1/federaser_alpha0.25,0,544522
mnist_iid,mnist,simplecnn,iid,20,4,0.5,20,2,64,sgd,0.01,configs/mnist_iid.json,37677392c176ee8f5190698a8ac7023322814b5a0332784b2a27c80367d04705,0.25,1,full_retrain,0.9859,0.9882483370288249,0.9859,0.9882483370288249,68.62245583534241,completed,checkpoints/mnist_iid/seed1/full_retrain_alpha0.25.pt,2d4eda36e22e9fa30f60dfaab2fd0239277b5e66ea5bb2eb491a3002466b977e,mnist_iid/seed1/full_retrain_alpha0.25,0,544522
mnist_iid,mnist,simplecnn,iid,20,4,0.5,20,2,64,sgd,0.01,configs/mnist_iid.json,37677392c176ee8f5190698a8ac7023322814b5a0332784b2a27c80367d04705,0.25,1,grad_negation,0.9839,0.9717294900221729,0.9859,0.9882483370288249,20.45549702644348,completed,checkpoints/mnist_iid/seed1/grad_negation_alpha0.25.pt,49c41b87247563958ca2d561e14781a509a328e1d7108245eed716d4fb1c587b,mnist_iid/seed1/grad_negation_alpha0.25,0,544522
mnist_iid,mnist,simplecnn,iid,20,4,0.5,20,2,64,sgd,0.01,configs/mnist_iid.json,37677392c176ee8f5190698a8ac7023322814b5a0332784b2a27c80367d04705,0.25,1,short_retrain,0.9866,0.9943458980044346,0.9859,0.9882483370288249,16.90120792388916,completed,checkpoints/mnist_iid/seed1/short_retrain_alpha0.25.pt,045b49df8c858a740ff54e03383c68f4f0f54545dff3801d21a0403c8770f8e5,mnist_iid/seed1/short_retrain_alpha0.25,0,544522
mnist_iid,mnist,simplecnn,iid,20,4,0.5,20,2,64,sgd,0.01,configs/mnist_iid.json,37677392c176ee8f5190698a8ac7023322814b5a0332784b2a27c80367d04705,0.5,1,federaser,0.9617,0.1787139689578714,0.9855,0.9717294900221729,17.12004828453064,completed,checkpoints/mnist_iid/seed1/federaser_alpha0.50.pt,0411f068efaad3672d9e4cc5924da6aba26b5353ca8729a080cdd6015ad8cec7,mnist_iid/seed1/federaser_alpha0.50,0 1,544522
mnist_iid,mnist,simplecnn,iid,20,4,0.5,20,2,64,sgd,0.01,configs/mnist_iid.json,37677392c176ee8f5190698a8ac7023322814b5a0332784b2a27c80367d04705,0.5,1,full_retrain,0.9855,0.9717294900221729,0.9855,0.9717294900221729,65.8776319026947,completed,checkpoints/mnist_iid/seed1/full_retrain_alpha0.50.pt,ef6eadd09de707a1612790e724af7ec0a67bfc823dce743f54faa11380c98e9e,mnist_iid/seed1/full_retrain_alpha0.50,0 1,544522
mnist_iid,mnist,simplecnn,iid,20,4,0.5,20,2,64,sgd,0.01,configs/mnist_iid.json,37677392c176ee8f5190698a8ac7023322814b5a0332784b2a27c80367d04705,0.5,1,grad_negation,0.9855,0.9337028824833703,0.9855,0.9717294900221729,19.684828996658325,completed,checkpoints/mnist_iid/seed1/grad_negation_alpha0.50.pt,2b75819551ebb86d30b279cfa1f24f9508b61106b0c36baf3f7890e3fd145252,mnist_iid/seed1/grad_negation_alpha0.50,0 1,544522
mnist_iid,mnist,simplecnn,iid,20,4,0.5,20,2,64,sgd,0.01,configs/mnist_iid.json,37677392c176ee8f5190698a8ac7023322814b5a0332784b2a27c80367d04705,0.5,1,short_retrain,0.9867,0.9916851441241685,0.9855,0.9717294900221729,16.459070920944214,completed,checkpoints/mnist_iid/seed1/short_retrain_alpha0.50.pt,f413fdd8c4c0be461159dd907b47d4454e369b58455ff7c2afed68e210ef0af5,mnist_iid/seed1/short_retrain_alpha0.50,0 1,544522
mnist_iid,mnist,simplecnn,iid,20,4,0.5,20,2,64,sgd,0.01,configs/mnist_iid.json,37677392c176ee8f5190698a8ac7023322814b5a0332784b2a27c80367d04705,0.75,1,federaser,0.9626,0.014634146341463415,0.9854,0.8511086474501108,16.54026985168457,completed,checkpoints/mnist_iid/seed1/federaser_alpha0.75.pt,3a4482ca34a2509ffbac3fa3cb9fd7d69d667333e6b107601c6778f56a3e679a,mnist_iid/seed1/federaser_alpha0.75,0 1 2,544522
mnist_iid,mnist,simplecnn,iid,20,4,0.5,20,2,64,sgd,0.01,configs/mnist_iid.json,37677392c176ee8f5190698a8ac7023322814b5a0332784b2a27c80367d04705,0.75,1,full_retrain,0.9854,0.8511086474501108,0.9854,0.8511086474501108,63.32883286476135,completed,checkpoints/mnist_iid/seed1/full_retrain_alpha0.75.pt,76a7609ca534d1aa6f03b10d823df65f7710920bfc2459a4cfc5f38b89a56557,mnist_iid/seed1/full_retrain_alpha0.75,0 1 2,544522
mnist_iid,mnist,simplecnn,iid,20,4,0.5,20,2,64,sgd,0.01,configs/mnist_iid.json,37677392c176ee8f5190698a8ac7023322814b5a0332784b2a27c80367d04705,0.75,1,grad_negation,0.9855,0.7871396895787139,0.9854,0.8511086474501108,20.895214796066284,completed,checkpoints/mnist_iid/seed1/grad_negation_alpha0.75.pt,a2638cc1e1af5cb6c803c75858d1c4d4112fd74cba6fbf8973a2b521fc206bdb,mnist_iid/seed1/grad_negation_alpha0.75,0 1 2,544522
mnist_iid,mnist,simplecnn,iid,20,4,0.5,20,2,64,sgd,0.01,configs/mnist_iid.json,37677392c176ee8f5190698a8ac7023322814b5a0332784b2a27c80367d04705,0.75,1,short_retrain,0.9858,0.980709534368071,0.9854,0.8511086474501108,16.030951976776123,completed,checkpoints/mnist_iid/seed1/short_retrain_alpha0.75.pt,e68414f8f869d1721cd17a8adf391fba322906ad5a2a280b33fb69b50b434255,mnist_iid/seed1/short_retrain_alpha0.75,0 1 2,544522
mnist_iid,mnist,simplecnn,iid,20,4,0.5,20,2,64,sgd,0.01,configs/mnist_iid.json,37677392c176ee8f5190698a8ac7023322814b5a0332784b2a27c80367d04705,1.0,1,federaser,0.9648,0.0033259423503325942,0.9866,0.0011086474501108647,15.953680992126465,completed,checkpoints/mnist_iid/seed1/federaser_alpha1.00.pt,f4e42388fdfe43f42ed5a7acfa8936e22dd72ed041b17faa406d77e33e1890e0,mnist_iid/seed1/federaser_alpha1.00,0 1 2 3,544522
mnist_iid,mnist,simplecnn,iid,20,4,0.5,20,2,64,sgd,0.01,configs/mnist_iid.json,37677392c176ee8f5190698a8ac7023322814b5a0332784b2a27c80367d04705,1.0,1,full_retrain,0.9866,0.0011086474501108647,0.9866,0.0011086474501108647,59.80220103263855,completed,checkpoints/mnist_iid/seed1/full_retrain_alpha1.00.pt,eb82d755f73737eac1a1b47e2d3db32afedf555a7157c91c11e564a4ad0af05f,mnist_iid/seed1/full_retrain_alpha1.00,0 1 2 3,544522
mnist_iid,mnist,simplecnn,iid,20,4,0.5,20,2,64,sgd,0.01,configs/mnist_iid.json,37677392c176ee8f5190698a8ac7023322814b5a0332784b2a27c80367d04705,1.0,1,grad_negation,0.9863,0.35210643015521065,0.9866,0.0011086474501108647,21.23699378967285,completed,checkpoints/mnist_iid/seed1/grad_negation_alpha1.00.pt,acddedc428dc48c9152a0cdd6ef2a47e8b3710617920afa47170aca01d34ce2e,mnist_iid/seed1/grad_negation_alpha1.00,0 1 2 3,544522
mnist_iid,mnist,simplecnn,iid,20,4,0.5,20,2,64,sgd,0.01,configs/mnist_iid.json,37677392c176ee8f5190698a8ac7023322814b5a0332784b2a27c80367d04705,1.0,1,short_retrain,0.9861,0.9559866962305986,0.9866,0.0011086474501108647,14.978102684020996,completed,checkpoints/mnist_iid/seed1/short_retrain_alpha1.00.pt,62d4fa5a7db56b048e33b434b4c35b5ab6bc3797809470f8111823735a465b53,mnist_iid/seed1/short_retrain_alpha1.00,0 1 2 3,544522
mnist_iid,mnist,simplecnn,iid,20,4,0.5,20,2,64,sgd,0.01,configs/mnist_iid.json,0ef9f58621a10e0be07c0d84696be419862ef60edb241b1074ea27f82ea300e2,0.0,2,before,0.9858,0.9970066518847006,,,76.24547481536865,completed,checkpoints/mnist_iid/seed2/compromised.pt,0ef9f58621a10e0be07c0d84696be419862ef60edb241b1074ea27f82ea300e2,mnist_iid/seed2/compromised,,544522
mnist_iid,mnist,simplecnn,iid,20,4,0.5,20,2,64,sgd,0.01,configs/mnist_iid.json,0ef9f58621a10e0be07c0d84696be419862ef60edb241b1074ea27f82ea300e2,0.25,2,federaser,0.9605,0.45532150776053215,0.9864,0.9932372505543238,18.371933937072754,completed,checkpoints/mnist_iid/seed2/federaser_alpha0.25.pt,2a810f9bf593da353119d3cef81269893603fa1b7bf0f0fea963f47b73fde326,mnist_iid/seed2/federaser_alpha0.25,0,544522
mnist_iid,mnist,simplecnn,iid,20,4,0.5,20,2,64,sgd,0.01,configs/mnist_iid.json,0ef9f58621a10e0be07c0d84696be419862ef60edb241b1074ea27f82ea300e2,0.25,2,full_retrain,0.9864,0.9932372505543238,0.9864,0.9932372505543238,70.25491619110107,completed,checkpoints/mnist_iid/seed2/full_retrain_alpha0.25.pt,f018d5ca2435525c3b304a56d00c4e2793dbaaaf817416887c8542c1d62a9cd1,mnist_iid/seed2/full_retrain_alpha0.25,0,544522
mnist_iid,mnist,simplecnn,iid,20,4,0.5,20,2,64,sgd,0.01,configs/mnist_iid.json,0ef9f58621a10e0be07c0d84696be419862ef60edb241b1074ea27f82ea300e2,0.25,2,grad_negation,0.9862,0.9847006651884701,0.9864,0.9932372505543238,21.320186138153076,completed,checkpoints/mnist_iid/seed2/grad_negation_alpha0.25.pt,8031a1c0e1935c76065e108c53b14ea117a3b3f19babe08d7c48650fa87905a3,mnist_iid/seed2/grad_negation_alpha0.25,0,544522
mnist_iid,mnist,simplecnn,iid,20,4,0.5,20,2,64,sgd,0.01,configs/mnist_iid.json,0ef9f58621a10e0be07c0d84696be419862ef60edb241b1074ea27f82ea300e2,0.25,2,short_retrain,0.9878,0.9981152993348116,0.9864,0.9932372505543238,17.947089910507202,completed,checkpoints/mnist_iid/seed2/short_retrain_alpha0.25.pt,a6d428b8dc7ac60f8a524b60f56fe8c0002612699aa721e57a53d6533706b124,mnist_iid/seed2/short_retrain_alpha0.25,0,544522
mnist_iid,mnist,simplecnn,iid,20,4,0.5,20,2,64,sgd,0.01,configs/mnist_iid.json,0ef9f58621a10e0be07c0d84696be419862ef60edb241b1074ea27f82ea300e2,0.5,2,federaser,0.959,0.10144124168514412,0.9861,0.9729490022172949,17.613031148910522,completed,checkpoints/mnist_iid/seed2/federaser_alpha0.50.pt,c91418844771b943f101165c7709ed514e7a7615c845f905fd982e82dc7d524e,mnist_iid/seed2/federaser_alpha0.50,0 1,544522
mnist_iid,mnist,simplecnn,iid,20,4,0.5,20,2,64,sgd,0.01,configs/mnist_iid.json,0ef9f58621a10e0be07c0d84696be419862ef60edb241b1074ea27f82ea300e2,0.5,2,full_retrain,0.9861,0.9729490022172949,0.9861,0.9729490022172949,65.64611601829529,completed,checkpoints/mnist_iid/seed2/full_retrain_alpha0.50.pt,ef14c401f10b26ffc9cb4b48278f4124879e3f7a53bf47fd6941729640f181e1,mnist_iid/seed2/full_retrain_alpha0.50,0 1,544522
mnist_iid,mnist,simplecnn,iid,20,4,0.5,20,2,64,sgd,0.01,configs/mnist_iid.json,0ef9f58621a10e0be07c0d84696be419862ef60edb241b1074ea27f82ea300e2,0.5,2,grad_negation,0.9865,0.9620842572062084,0.9861,0.9729490022172949,22.706177949905396,completed,checkpoints/mnist_iid/seed2/grad_negation_alpha0.50.pt,bd06934d64f83a615e6b866ccb9a7f235d80b419d8b8e2be9cb7dad2361b9dcf,mnist_iid/seed2/grad_negation_alpha0.50,0 1,544522
mnist_iid,mnist,simplecnn,iid,20,4,0.5,20,2,64,sgd,0.01,configs/mnist_iid.json,0ef9f58621a10e0be07c0d84696be419862ef60edb241b1074ea27f82ea300e2,0.5,2,short_retrain,0.988,0.9950110864745011,0.9861,0.9729490022172949,16.912750720977783,completed,checkpoints/mnist_iid/seed2/short_retrain_alpha0.50.pt,3b347b0e41f953d2804e5f60eb567ba968062b661af3c018e9c489cf79c0034a,mnist_iid/seed2/short_retrain_alpha0.50,0 1,544522
mnist_iid,mnist,simplecnn,iid,20,4,0.5,20,2,64,sgd,0.01,configs/mnist_iid.json,0ef9f58621a10e0be07c0d84696be419862ef60edb241b1074ea27f82ea300e2,0.75,2,federaser,0.9638,0.019623059866962306,0.9863,0.8216186252771619,16.360142946243286,completed,checkpoints/mnist_iid/seed2/federaser_alpha0.75.pt,487b5291b97cea5797f153787b9850fff6568e838abc57f2cfc210c612a66ae7,mnist_iid/seed2/federaser_alpha0.75,0 1 2,544522
mnist_iid,mnist,simplecnn,iid,20,4,0.5,20,2,64,sgd,0.01,configs/mnist_iid.json,0ef9f58621a10e0be07c0d84696be419862ef60edb241b1074ea27f82ea300e2,0.75,2,full_retrain,0.9863,0.8216186252771619,0.9863,0.8216186252771619,61.74928021430969,completed,checkpoints/mnist_iid/seed2/full_retrain_alpha0.75.pt,3f7a82a04f6c713fa17d6db77b83a76451306c6d6e5710d6b084bfebd37fe7eb,mnist_iid/seed2/full_retrain_alpha0.75,0 1 2,544522
mnist_iid,mnist,simplecnn,iid,20,4,0.5,20,2,64,sgd,0.01,configs/mnist_iid.json,0ef9f58621a10e0be07c0d84696be419862ef60edb241b1074ea27f82ea300e2,0.75,2,grad_negation,0.9868,0.8658536585365854,0.9863,0.8216186252771619,24.625760793685913,completed,checkpoints/mnist_iid/seed2/grad_negation_alpha0.75.pt,385eed3d9c394c652613627224dcf7b1b062b0ea40243d02bc4ec12ddc63cc74,mnist_iid/seed2/grad_negation_alpha0.75,0 1 2,544522
mnist_iid,mnist,simplecnn,iid,20,4,0.5,20,2,64,sgd,0.01,configs/mnist_iid.json,0ef9f58621a10e0be07c0d84696be419862ef60edb241b1074ea27f82ea300e2,0.75,2,short_retrain,0.9874,0.9907982261640799,0.9863,0.8216186252771619,15.73726487159729,completed,checkpoints/mnist_iid/seed2/short_retrain_alpha0.75.pt,61064aa1ea287ddda5924f4699db707829834810fb922d8fd4574ac7b04ffe59,mnist_iid/seed2/short_retrain_alpha0.75,0 1 2,544522
mnist_iid,mnist,simplecnn,iid,20,4,0.5,20,2,64,sgd,0.01,configs/mnist_iid.json,0ef9f58621a10e0be07c0d84696be419862ef60edb241b1074ea27f82ea300e2,1.0,2,federaser,0.9661,0.0024390243902439024,0.986,0.0013303769401330377,15.517311096191406,completed,checkpoints/mnist_iid/seed2/federaser_alpha1.00.pt,eeed3fd147da5accd2b959ca9ae053dda57a686cc96ccad4cf4334e00d4dfef4,mnist_iid/seed2/federaser_alpha1.00,0 1 2 3,544522
mnist_iid,mnist,simplecnn,iid,20,4,0.5,20,2,64,sgd,0.01,configs/mnist_iid.json,0ef9f58621a10e0be07c0d84696be419862ef60edb241b1074ea27f82ea300e2,1.0,2,full_retrain,0.986,0.0013303769401330377,0.986,0.0013303769401330377,59.06442332267761,completed,checkpoints/mnist_iid/seed2/full_retrain_alpha1.00.pt,a27ec4533eabfe23332fc5e047f43f532019030e19e8e6fcedef6a016cd83a11,mnist_iid/seed2/full_retrain_alpha1.00,0 1 2 3,544522
mnist_iid,mnist,simplecnn,iid,20,4,0.5,20,2,64,sgd,0.01,configs/mnist_iid.json,0ef9f58621a10e0be07c0d84696be419862ef60edb241b1074ea27f82ea300e2,1.0,2,grad_negation,0.9872,0.5188470066518847,0.986,0.0013303769401330377,25.775332927703857,completed,checkpoints/mnist_iid/seed2/grad_negation_alpha1.00.pt,542a81f9bbf96f40e21ca6b6f4a07fbccb16456f84b184e19bdc38b0b7417582,mnist_iid/seed2/grad_negation_alpha1.00,0 1 2 3,544522
mnist_iid,mnist,simplecnn,iid,20,4,0.5,20,2,64,sgd,0.01,configs/mnist_iid.json,0ef9f58621a10e0be07c0d84696be419862ef60edb241b1074ea27f82ea300e2,1.0,2,short_retrain,0.988,0.9823725055432373,0.986,0.0013303769401330377,14.870328187942505,completed,checkpoints/mnist_iid/seed2/short_retrain_alpha1.00.pt,55122e0101abe76c683ba48b5b3b6de0050f203e25825c7e5ca8119d9e21ebf3,mnist_iid/seed2/short_retrain_alpha1.00,0 1 2 3,544522
mnist_iid,mnist,simplecnn,iid,20,4,0.5,20,2,64,sgd,0.01,configs/mnist_iid.json,641bd94653462815794188a0424bd843116b9f0c1c2b2b9874beb943161c1897,0.0,3,before,0.9858,0.9952328159645233,,,74.95696187019348,completed,checkpoints/mnist_iid/seed3/compromised.pt,641bd94653462815794188a0424bd843116b9f0c1c2b2b9874beb943161c1897,mnist_iid/seed3/compromised,,544522
mnist_iid,mnist,simplecnn,iid,20,4,0.5,20,2,64,sgd,0.01,configs/mnist_iid.json,641bd94653462815794188a0424bd843116b9f0c1c2b2b9874beb943161c1897,0.25,3,federaser,0.965,0.5429046563192904,0.9855,0.9892461197339246,18.651880979537964,completed,checkpoints/mnist_iid/seed3/federaser_alpha0.25.pt,74b14c096e152fc3d0d275afd98aa2b1c29a687e641e696b67681eef78afad87,mnist_iid/seed3/federaser_alpha0.25,0,544522
mnist_iid,mnist,simplecnn,iid,20,4,0.5,20,2,64,sgd,0.01,configs/mnist_iid.json,641bd94653462815794188a0424bd843116b9f0c1c2b2b9874beb943161c1897,0.25,3,full_retrain,0.9855,0.9892461197339246,0.9855,0.9892461197339246,71.4223837852478,completed,checkpoints/mnist_iid/seed3/full_retrain_alpha0.25.pt,27fd8cddc68504a180ca53a2555a6083bc313b9ea60b6c4ceabf72bad977492a,mnist_iid/seed3/full_retrain_alpha0.25,0,544522
mnist_iid,mnist,simplecnn,iid,20,4,0.5,20,2,64,sgd,0.01,configs/mnist_iid.json,641bd94653462815794188a0424bd843116b9f0c1c2b2b9874beb943161c1897,0.25,3,grad_negation,0.9865,0.9701773835920178,0.9855,0.9892461197339246,21.28979206085205,completed,checkpoints/mnist_iid/seed3/grad_negation_alpha0.25.pt,0b8ce3c7a601f090e278555633f989104ddb0a0c7d4abb56f60b2ca069ead08c,mnist_iid/seed3/grad_negation_alpha0.25,0,544522
mnist_iid,mnist,simplecnn,iid,20,4,0.5,20,2,64,sgd,0.01,configs/mnist_iid.json,641bd94653462815794188a0424bd843116b9f0c1c2b2b9874beb943161c1897,0.25,3,short_retrain,0.9875,0.9953436807095344,0.9855,0.9892461197339246,17.4669771194458,completed,checkpoints/mnist_iid/seed3/short_retrain_alpha0.25.pt,7104261097468e8ae317eaa6ff60c47b2e7dc21668e4b5f13fa1125acf180e8a,mnist_iid/seed3/short_retrain_alpha0.25,0,544522
mnist_iid,mnist,simplecnn,iid,20,4,0.5,20,2,64,sgd,0.01,configs/mnist_iid.json,641bd94653462815794188a0424bd843116b9f0c1c2b2b9874beb943161c1897,0.5,3,federaser,0.9643,0.1706208425720621,0.9865,0.9717294900221729,17.430329084396362,completed,checkpoints/mnist_iid/seed3/federaser_alpha0.50.pt,0ed6bb53193cacaa483e1c30647801a18204a032c3c58b4d23d7717519e1bde9,mnist_iid/seed3/federaser_alpha0.50,0 1,544522
mnist_iid,mnist,simplecnn,iid,20,4,0.5,20,2,64,sgd,0.01,configs/mnist_iid.json,641bd94653462815794188a0424bd843116b9f0c1c2b2b9874beb943161c1897,0.5,3,full_retrain,0.9865,0.9717294900221729,0.9865,0.9717294900221729,66.35163807868958,completed,checkpoints/mnist_iid/seed3/full_retrain_alpha0.50.pt,5a2b80b5c768c92b5b4459d34d519cfd03e44e75c9b1abf6dc97e2c1ba2dc1b0,mnist_iid/seed3/full_retrain_alpha0.50,0 1,544522
mnist_iid,mnist,simplecnn,iid,20,4,0.5,20,2,64,sgd,0.01,configs/mnist_iid.json,641bd94653462815794188a0424bd843116b9f0c1c2b2b9874beb943161c1897,0.5,3,grad_negation,0.987,0.9480044345898004,0.9865,0.9717294900221729,21.660948038101196,completed,checkpoints/mnist_iid/seed3/grad_negation_alpha0.50.pt,e4d684e52a9e29f1471c2f966db3cdfdadfd53bf23dfcfa877251eceb7c40208,mnist_iid/seed3/grad_negation_alpha0.50,0 1,544522
mnist_iid,mnist,simplecnn,iid,20,4,0.5,20,2,64,sgd,0.01,configs/mnist_iid.json,641bd94653462815794188a0424bd843116b9f0c1c2b2b9874beb943161c1897,0.5,3,short_retrain,0.988,0.992350332594235,0.9865,0.9717294900221729,16.781009912490845,completed,checkpoints/mnist_iid/seed3/short_retrain_alpha0.50.pt,ec013aedabde5c490a9ba02855ab76baa1fe096b5d88ea461fafbac2f6885e70,mnist_iid/seed3/short_retrain_alpha0.50,0 1,544522
mnist_iid,mnist,simplecnn,iid,20,4,0.5,20,2,64,sgd,0.01,configs/mnist_iid.json,641bd94653462815794188a0424bd843116b9f0c1c2b2b9874beb943161c1897,0.75,3,federaser,0.966,0.018847006651884702,0.9857,0.8385809312638581,16.848194122314453,completed,checkpoints/mnist_iid/seed3/federaser_alpha0.75.pt,cdfef2164ca8c9cc3fd2e665bc4e46ef8f459eace4dfb98ddb65cb792db799aa,mnist_iid/seed3/federaser_alpha0.75,0 1 2,544522
mnist_iid,mnist,simplecnn,iid,20,4,0.5,20,2,64,sgd,0.01,configs/mnist_iid.json,641bd94653462815794188a0424bd843116b9f0c1c2b2b9874beb943161c1897,0.75,3,full_retrain,0.9857,0.8385809312638581,0.9857,0.8385809312638581,65.36629486083984,completed,checkpoints/mnist_iid/seed3/full_retrain_alpha0.75.pt,16fb83076fe0d6d79141bed79720ae0982c56d1c65746dc4db7d433160c31d27,mnist_iid/seed3/full_retrain_alpha0.75,0 1 2,544522
mnist_iid,mnist,simplecnn,iid,20,4,0.5,20,2,64,sgd,0.01,configs/mnist_iid.json,641bd94653462815794188a0424bd843116b9f0c1c2b2b9874beb943161c1897,0.75,3,grad_negation,0.9866,0.792350332594235,0.9857,0.8385809312638581,22.99992299079895,completed,checkpoints/mnist_iid/seed3/grad_negation_alpha0.75.pt,30008e531fed7bcbeb4c4879790853a2d19594c8c2cfa0cd378e30f7b0f83c38,mnist_iid/seed3/grad_negation_alpha0.75,0 1 2,544522
mnist_iid,mnist,simplecnn,iid,20,4,0.5,20,2,64,sgd,0.01,configs/mnist_iid.json,641bd94653462815794188a0424bd843116b9f0c1c2b2b9874beb943161c1897,0.75,3,short_retrain,0.9872,0.9882483370288249,0.9857,0.8385809312638581,16.73662781715393,completed,checkpoints/mnist_iid/seed3/short_retrain_alpha0.75.pt,eb2c1662a2d1e61a40ca82da6377bf7274416ec4dfb42f0173471c1690bbc2df,mnist_iid/seed3/short_retrain_alpha0.75,0 1 2,544522
mnist_iid,mnist,simplecnn,iid,20,4,0.5,20,2,64,sgd,0.01,configs/mnist_iid.json,641bd94653462815794188a0424bd843116b9f0c1c2b2b9874beb943161c1897,1.0,3,federaser,0.9687,0.003658536585365854,0.9866,0.0009977827050997783,15.6858549118042,completed,checkpoints/mnist_iid/seed3/federaser_alpha1.00.pt,cdd87c04089bbd4df6705221c1de0e7a4656e5a78f75b5bd7ebb578eca728a92,mnist_iid/seed3/federaser_alpha1.00,0 1 2 3,544522
mnist_iid,mnist,simplecnn,iid,20,4,0.5,20,2,64,sgd,0.01,configs/mnist_iid.json,641bd94653462815794188a0424bd843116b9f0c1c2b2b9874beb943161c1897,1.0,3,full_retrain,0.9866,0.0009977827050997783,0.9866,0.0009977827050997783,61.79095005989075,completed,checkpoints/mnist_iid/seed3/full_retrain_alpha1.00.pt,321cd13e8aaf6f6eccbd008d006f866dc000ad0b233f96d4b19d3d8f0ed2ef54,mnist_iid/seed3/full_retrain_alpha1.00,0 1 2 3,544522
mnist_iid,mnist,simplecnn,iid,20,4,0.5,20,2,64,sgd,0.01,configs/mnist_iid.json,641bd94653462815794188a0424bd843116b9f0c1c2b2b9874beb943161c1897,1.0,3,grad_negation,0.9865,0.47350332594235034,0.9866,0.0009977827050997783,23.719640970230103,completed,checkpoints/mnist_iid/seed3/grad_negation_alpha1.00.pt,6e268ed8f0211925ac50f9f3880e7e450fc0aa753e232c4fd7e8dc04a7f02f6d,mnist_iid/seed3/grad_negation_alpha1.00,0 1 2 3,544522
mnist_iid,mnist,simplecnn,iid,20,4,0.5,20,2,64,sgd,0.01,configs/mnist_iid.json,641bd94653462815794188a0424bd843116b9f0c1c2b2b9874beb943161c1897,1.0,3,short_retrain,0.9874,0.9677383592017739,0.9866,0.0009977827050997783,15.936830997467041,completed,checkpoints/mnist_iid/seed3/short_retrain_alpha1.00.pt,20fd5bc86022cb494d900b4f5598972b589ddbbb28d1c39785e8f765657cc79e,mnist_iid/seed3/short_retrain_alpha1.00,0 1 2 3,544522
mnist_iid,mnist,simplecnn,iid,20,4,0.5,20,2,64,sgd,0.01,configs/mnist_iid.json,95c5fc9a74d6455c039752389d9548b8b33cd019f76d9ec225ede4f83d00b472,0.0,4,before,0.9851,0.9953436807095344,,,76.30757999420166,completed,checkpoints/mnist_iid/seed4/compromised.pt,95c5fc9a74d6455c039752389d9548b8b33cd019f76d9ec225ede4f83d00b472,mnist_iid/seed4/compromised,,544522
mnist_iid,mnist,simplecnn,iid,20,4,0.5,20,2,64,sgd,0.01,configs/mnist_iid.json,95c5fc9a74d6455c039752389d9548b8b33cd019f76d9ec225ede4f83d00b472,0.25,4,federaser,0.9592,0.648669623059867,0.9859,0.9945676274944567,18.087844848632812,completed,checkpoints/mnist_iid/seed4/federaser_alpha0.25.pt,82683821e8f12bb3df75a534d32d5edce70b2fb05a7564357fb99cac8f0261a9,mnist_iid/seed4/federaser_alpha0.25,0,544522
mnist_iid,mnist,simplecnn,iid,20,4,0.5,20,2,64,sgd,0.01,configs/mnist_iid.json,95c5fc9a74d6455c039752389d9548b8b33cd019f76d9ec225ede4f83d00b472,0.25,4,full_retrain,0.9859,0.9945676274944567,0.9859,0.9945676274944567,72.5873429775238,completed,checkpoints/mnist_iid/seed4/full_retrain_alpha0.25.pt,8ea9122e327e34457b1ab461d726945151fa688a861ddbba3f4f319f92d40e38,mnist_iid/seed4/full_retrain_alpha0.25,0,544522
mnist_iid,mnist,simplecnn,iid,20,4,0.5,20,2,64,sgd,0.01,configs/mnist_iid.json,95c5fc9a74d6455c039752389d9548b8b33cd019f76d9ec225ede4f83d00b472,0.25,4,grad_negation,0.9858,0.9851441241685144,0.9859,0.9945676274944567,20.139966011047363,completed,checkpoints/mnist_iid/seed4/grad_negation_alpha0.25.pt,f89e11b119d2616d9fa3726700103ad9cec893f833417c39383dca49dd6fb037,mnist_iid/seed4/grad_negation_alpha0.25,0,544522
mnist_iid,mnist,simplecnn,iid,20,4,0.5,20,2,64,sgd,0.01,configs/mnist_iid.json,95c5fc9a74d6455c039752389d9548b8b33cd019f76d9ec225ede4f83d00b472,0.25,4,short_retrain,0.9861,0.9977827050997783,0.9859,0.9945676274944567,18.335779190063477,completed,checkpoints/mnist_iid/seed4/short_retrain_alpha0.25.pt,74abf7d7210e816fd0a6c1b01b307c5834036ee10b2b68f08ac794d1e2dabde7,mnist_iid/seed4/short_retrain_alpha0.25,0,544522
mnist_iid,mnist,simplecnn,iid,20,4,0.5,20,2,64,sgd,0.01,configs/mnist_iid.json,95c5fc9a74d6455c039752389d9548b8b33cd019f76d9ec225ede4f83d00b472,0.5,4,federaser,0.9601,0.14634146341463414,0.9857,0.9866962305986696,18.07564377784729,completed,checkpoints/mnist_iid/seed4/federaser_alpha0.50.pt,6534f00174f589763807b81deb0784c027b5f3f99227dae280b1cdf5fbb03d58,mnist_iid/seed4/federaser_alpha0.50,0 1,544522
mnist_iid,mnist,simplecnn,iid,20,4,0.5,20,2,64,sgd,0.01,configs/mnist_iid.json,95c5fc9a74d6455c039752389d9548b8b33cd019f76d9ec225ede4f83d00b472,0.5,4,full_retrain,0.9857,0.9866962305986696,0.9857,0.9866962305986696,68.22223687171936,completed,checkpoints/mnist_iid/seed4/full_retrain_alpha0.50.pt,157204dff87995e7d54dacfb5c3b45aa8f9444cede8609d76d6c8716cb14fb54,mnist_iid/seed4/full_retrain_alpha0.50,0 1,544522
mnist_iid,mnist,simplecnn,iid,20,4,0.5,20,2,64,sgd,0.01,configs/mnist_iid.json,95c5fc9a74d6455c039752389d9548b8b33cd019f76d9ec225ede4f83d00b472,0.5,4,grad_negation,0.9852,0.9518847006651885,0.9857,0.9866962305986696,22.97541618347168,completed,checkpoints/mnist_iid/seed4/grad_negation_alpha0.50.pt,be126c0d1ed2404b6608ffef2b6621713b42d47205da4dd7f101f1f2b6e802c8,mnist_iid/seed4/grad_negation_alpha0.50,0 1,544522
mnist_iid,mnist,simplecnn,iid,20,4,0.5,20,2,64,sgd,0.01,configs/mnist_iid.json,95c5fc9a74d6455c039752389d9548b8b33cd019f76d9ec225ede4f83d00b472,0.5,4,short_retrain,0.9869,0.9941241685144124,0.9857,0.9866962305986696,16.9483380317688,completed,checkpoints/mnist_iid/seed4/short_retrain_alpha0.50.pt,e9859cfd6b3a20dbcf63be124486f0d839483178b8c7a0864a3fe953ebb0c0b9,mnist_iid/seed4/short_retrain_alpha0.50,0 1,544522
mnist_iid,mnist,simplecnn,iid,20,4,0.5,20,2,64,sgd,0.01,configs/mnist_iid.json,95c5fc9a74d6455c039752389d9548b8b33cd019f76d9ec225ede4f83d00b472,0.75,4,federaser,0.9639,0.013968957871396896,0.9855,0.8539911308203991,17.34155583381653,completed,checkpoints/mnist_iid/seed4/federaser_alpha0.75.pt,1db718fe0b918befc1bf527d477de87fce0d1f2a2d6d8d487243ce58fc43b899,mnist_iid/seed4/federaser_alpha0.75,0 1 2,544522
mnist_iid,mnist,simplecnn,iid,20,4,0.5,20,2,64,sgd,0.01,configs/mnist_iid.json,95c5fc9a74d6455c039752389d9548b8b33cd019f76d9ec225ede4f83d00b472,0.75,4,full_retrain,0.9855,0.8539911308203991,0.9855,0.8539911308203991,63.392394065856934,completed,checkpoints/mnist_iid/seed4/full_retrain_alpha0.75.pt,99445d5fdf8bf5400538a518e0a1409a40ea89217f18cec8b3623a7d3034f364,mnist_iid/seed4/full_retrain_alpha0.75,0 1 2,544522
mnist_iid,mnist,simplecnn,iid,20,4,0.5,20,2,64,sgd,0.01,configs/mnist_iid.json,95c5fc9a74d6455c039752389d9548b8b33cd019f76d9ec225ede4f83d00b472,0.75,4,grad_negation,0.9859,0.8502217294900222,0.9855,0.8539911308203991,23.698199033737183,completed,checkpoints/mnist_iid/seed4/grad_negation_alpha0.75.pt,8818d35c892ec659d4e10164cf5e6b82bf3d535e6ce531ab0c622ee1785b44cc,mnist_iid/seed4/grad_negation_alpha0.75,0 1 2,544522
mnist_iid,mnist,simplecnn,iid,20,4,0.5,20,2,64,sgd,0.01,configs/mnist_iid.json,95c5fc9a74d6455c039752389d9548b8b33cd019f76d9ec225ede4f83d00b472,0.75,4,short_retrain,0.9868,0.9907982261640799,0.9855,0.8539911308203991,16.553093194961548,completed,checkpoints/mnist_iid/seed4/short_retrain_alpha0.75.pt,2fff892218b75e9e1f97d05e90528c51e4ded38a89d3cdf125387f2b7ec927c3,mnist_iid/seed4/short_retrain_alpha0.75,0 1 2,544522
mnist_iid,mnist,simplecnn,iid,20,4,0.5,20,2,64,sgd,0.01,configs/mnist_iid.json,95c5fc9a74d6455c039752389d9548b8b33cd019f76d9ec225ede4f83d00b472,1.0,4,federaser,0.9635,0.003215077605321508,0.9853,0.0022172949002217295,15.798179149627686,completed,checkpoints/mnist_iid/seed4/federaser_alpha1.00.pt,faaa43d040e7332fe036f80ac0ed67b19df40b16f5c17453bc0436c3d5587ac6,mnist_iid/seed4/federaser_alpha1.00,0 1 2 3,544522
mnist_iid,mnist,simplecnn,iid,20,4,0.5,20,2,64,sgd,0.01,configs/mnist_iid.json,95c5fc9a74d6455c039752389d9548b8b33cd019f76d9ec225ede4f83d00b472,1.0,4,full_retrain,0.9853,0.0022172949002217295,0.9853,0.0022172949002217295,60.665101766586304,completed,checkpoints/mnist_iid/seed4/full_retrain_alpha1.00.pt,0dde665101766d47f41eac28af66aafcb66d571491608d7968c846056ad1ebe0,mnist_iid/seed4/full_retrain_alpha1.00,0 1 2 3,544522
mnist_iid,mnist,simplecnn,iid,20,4,0.5,20,2,64,sgd,0.01,configs/mnist_iid.json,95c5fc9a74d6455c039752389d9548b8b33cd019f76d9ec225ede4f83d00b472,1.0,4,grad_negation,0.9857,0.6008869179600886,0.9853,0.0022172949002217295,27.59140110015869,completed,checkpoints/mnist_iid/seed4/grad_negation_alpha1.00.pt,d4a0d15c8dcfa2f52defa1ce097ab21ee258e822d41884b9bdeaa0aba4dd7784,mnist_iid/seed4/grad_negation_alpha1.00,0 1 2 3,544522
mnist_iid,mnist,simplecnn,iid,20,4,0.5,20,2,64,sgd,0.01,configs/mnist_iid.json,95c5fc9a74d6455c039752389d9548b8b33cd019f76d9ec225ede4f83d00b472,1.0,4,short_retrain,0.9872,0.9751662971175167,0.9853,0.0022172949002217295,15.863776922225952,completed,checkpoints/mnist_iid/seed4/short_retrain_alpha1.00.pt,1f4b2f12486f057652011afa281fe5e1931f98a4b3b2d73cb2679a6ce09d4553,mnist_iid/seed4/short_retrain_alpha1.00,0 1 2 3,544522
